report_id,lat,lon,category,severity,photo_url,timestamp,weather_snapshot,user_id,site_name,total_debris_items
seed_20001,44.687855,-124.067327,plastic,low,https://portal.diver.orr.noaa.gov/pentaho/mdmap/photo-files/20001,2021-05-11,,noaa_seed_data,Schooner Beach South,8
seed_20008,26.8442,-97.3594,plastic,high,,2021-05-14,,noaa_seed_data,PAIS 40 mile,169
seed_20009,26.7732,-97.34303,plastic,high,,2021-05-14,,noaa_seed_data,PAIS 45 mile,119
seed_20010,26.70273,-97.32283,plastic,high,,2021-05-14,,noaa_seed_data,PAIS 50 mile,83
seed_20011,26.63282,-97.30119,plastic,high,,2021-05-14,,noaa_seed_data,PAIS 55 mile,105
seed_20012,26.56623,-97.27719,plastic,low,,2021-05-14,,noaa_seed_data,PAIS 60 mile,3
seed_20013,48.4591327,-123.292329,plastic,low,https://portal.diver.orr.noaa.gov/pentaho/mdmap/photo-files/20013,2021-05-21,,noaa_seed_data,Cadboro-Gyro Beach,8
seed_20016,36.971253,-121.950019,plastic,high,,2021-05-13,,noaa_seed_data,Capitola Beach (100m),83
seed_20017,36.895149,-121.839155,plastic,medium,,2021-05-13,,noaa_seed_data,Sunset Beach (100m),21
seed_20018,36.962347,-122.00298,plastic,medium,,2021-05-06,,noaa_seed_data,Seabright Beach (100m),31
seed_20019,36.962658,-122.022992,plastic,medium,,2021-05-06,,noaa_seed_data,Main Beach (100 m),50
seed_20020,36.949429,-122.057372,plastic,medium,,2021-05-07,,noaa_seed_data,Natural Bridges (100m),42
seed_20022,29.076328,-80.924251,plastic,medium,,2021-06-18,,noaa_seed_data,Lighthouse Point Park,31
seed_20023,48.4591327,-123.292329,plastic,low,https://portal.diver.orr.noaa.gov/pentaho/mdmap/photo-files/20023,2021-06-19,,noaa_seed_data,Cadboro-Gyro Beach,12
seed_20024,36.895149,-121.839155,plastic,medium,,2021-06-17,,noaa_seed_data,Sunset Beach (100m),38
seed_20025,27.41662,-97.30084,plastic,high,,2021-06-01,,noaa_seed_data,PAIS 0 mile,119
seed_20026,36.949429,-122.057372,plastic,medium,,2021-06-15,,noaa_seed_data,Natural Bridges (100m),40
seed_20027,36.971253,-121.950019,plastic,medium,,2021-06-17,,noaa_seed_data,Capitola Beach (100m),39
seed_20030,40.92845,-124.136367,plastic,low,https://portal.diver.orr.noaa.gov/pentaho/mdmap/photo-files/20030,2021-06-27,,noaa_seed_data,Mad River Beach - South,0
seed_20031,27.3467,-97.32692,plastic,high,,2021-06-01,,noaa_seed_data,PAIS 05 mile,112
seed_20032,27.27659,-97.34788,plastic,high,,2021-06-02,,noaa_seed_data,PAIS 10 mile,86
seed_20033,27.20485,-97.36424,plastic,high,https://portal.diver.orr.noaa.gov/pentaho/mdmap/photo-files/20033,2021-06-02,,noaa_seed_data,PAIS 15 mile,101
seed_20035,27.06001,-97.37872,plastic,high,,2021-06-18,,noaa_seed_data,PAIS 25 mile,187
seed_20036,26.9884,-97.37806,plastic,high,,2021-06-18,,noaa_seed_data,PAIS 30 mile,141
seed_20037,26.7732,-97.34303,plastic,high,,2021-06-18,,noaa_seed_data,PAIS 45 mile,97
seed_20038,29.36644,-94.813126,plastic,high,https://portal.diver.orr.noaa.gov/pentaho/mdmap/photo-files/20038,2021-05-26,,noaa_seed_data,Texas City Dike,104
seed_20039,26.70273,-97.32283,plastic,high,,2021-06-18,,noaa_seed_data,PAIS 50 mile,78
seed_20040,26.63282,-97.30119,plastic,high,,2021-06-18,,noaa_seed_data,PAIS 55 mile,66
seed_20042,26.56623,-97.27719,plastic,medium,,2021-06-18,,noaa_seed_data,PAIS 60 mile,15
seed_20043,29.546514,-94.789005,plastic,medium,,2021-06-29,,noaa_seed_data,Smith Point - West,61
seed_20046,29.54678,-94.788635,plastic,high,https://portal.diver.orr.noaa.gov/pentaho/mdmap/photo-files/20046,2021-06-29,,noaa_seed_data,Smith Point - North,124
seed_20047,29.36644,-94.813126,plastic,high,https://portal.diver.orr.noaa.gov/pentaho/mdmap/photo-files/20047,2021-06-23,,noaa_seed_data,Texas City Dike,185
seed_20048,29.31402,-94.821989,plastic,low,https://portal.diver.orr.noaa.gov/pentaho/mdmap/photo-files/20048,2021-06-10,,noaa_seed_data,Shell Beach (TAMUG),7
seed_20049,19.723465,-155.075411,plastic,medium,,2021-07-16,,noaa_seed_data,Hilo Bayfront,57
seed_20050,29.334012,-94.780574,plastic,high,https://portal.diver.orr.noaa.gov/pentaho/mdmap/photo-files/20050,2021-07-14,,noaa_seed_data,Seawolf Park,149
seed_20052,27.06001,-97.37872,plastic,high,,2021-07-20,,noaa_seed_data,PAIS 25 mile,124
seed_20053,26.9158,-97.37153,plastic,high,,2021-06-16,,noaa_seed_data,PAIS 35 mile,110
seed_20054,26.9884,-97.37806,plastic,high,,2021-07-21,,noaa_seed_data,PAIS 30 mile,172
seed_20055,27.20485,-97.36424,plastic,high,,2021-07-21,,noaa_seed_data,PAIS 15 mile,169
seed_20057,27.3467,-97.32692,plastic,high,,2021-07-07,,noaa_seed_data,PAIS 05 mile,138
seed_20058,27.41662,-97.30084,plastic,high,,2021-07-07,,noaa_seed_data,PAIS 0 mile,67
seed_20059,27.27659,-97.34788,plastic,high,,2021-07-21,,noaa_seed_data,PAIS 10 mile,119
seed_20060,26.8442,-97.3594,plastic,high,,2021-06-16,,noaa_seed_data,PAIS 40 mile,107
seed_20061,37.096248,-122.280274,plastic,medium,,2021-06-15,,noaa_seed_data,Waddell Beach (100m),18
seed_20063,36.962658,-122.022992,plastic,medium,,2021-06-04,,noaa_seed_data,Main Beach (100 m),32
seed_20064,37.096248,-122.280274,processed-lumber,medium,,2021-07-17,,noaa_seed_data,Waddell Beach (100m),19
seed_20065,19.723465,-155.075411,plastic,medium,,2021-07-23,,noaa_seed_data,Hilo Bayfront,59
seed_20066,40.822075,-124.191492,plastic,medium,,2021-07-30,,noaa_seed_data,Samoa Beach - Power Poles,37
seed_20067,19.723465,-155.075411,plastic,medium,,2021-07-30,,noaa_seed_data,Hilo Bayfront,50
seed_20075,44.28263239366918,-124.1107139186496,plastic,high,https://portal.diver.orr.noaa.gov/pentaho/mdmap/photo-files/20075,2021-07-13,,noaa_seed_data,Cape Perpetua-Cove Beach,84
seed_20076,26.9158,-97.37153,plastic,high,,2021-07-29,,noaa_seed_data,PAIS 35 mile,158
seed_20077,26.8442,-97.3594,plastic,high,https://portal.diver.orr.noaa.gov/pentaho/mdmap/photo-files/20077,2021-07-29,,noaa_seed_data,PAIS 40 mile,81
seed_20079,26.7732,-97.34303,plastic,high,,2021-07-29,,noaa_seed_data,PAIS 45 mile,65
seed_20080,26.70273,-97.32283,plastic,medium,,2021-07-29,,noaa_seed_data,PAIS 50 mile,19
seed_20081,26.63282,-97.30119,plastic,medium,,2021-07-29,,noaa_seed_data,PAIS 55 mile,55
seed_20082,26.56623,-97.27719,plastic,medium,,2021-07-29,,noaa_seed_data,PAIS 60 mile,38
seed_20083,36.962658,-122.022992,plastic,medium,,2021-07-17,,noaa_seed_data,Main Beach (100 m),43
seed_20084,36.971253,-121.950019,plastic,high,,2021-07-26,,noaa_seed_data,Capitola Beach (100m),69
seed_20085,36.949429,-122.057372,plastic,medium,,2021-07-17,,noaa_seed_data,Natural Bridges (100m),37
seed_20086,36.962347,-122.00298,plastic,medium,,2021-07-26,,noaa_seed_data,Seabright Beach (100m),49
seed_20087,36.895149,-121.839155,plastic,medium,,2021-07-27,,noaa_seed_data,Sunset Beach (100m),39
seed_20088,19.723465,-155.075411,plastic,medium,,2021-08-06,,noaa_seed_data,Hilo Bayfront,26
seed_20090,48.4591327,-123.292329,plastic,low,https://portal.diver.orr.noaa.gov/pentaho/mdmap/photo-files/20090,2021-07-18,,noaa_seed_data,Cadboro-Gyro Beach,6
seed_20092,44.28263239366918,-124.1107139186496,plastic,low,https://portal.diver.orr.noaa.gov/pentaho/mdmap/photo-files/20092,2021-08-11,,noaa_seed_data,Cape Perpetua-Cove Beach,8
seed_20095,37.096248,-122.280274,processed-lumber,medium,,2021-08-06,,noaa_seed_data,Waddell Beach (100m),33
seed_20096,36.949429,-122.057372,plastic,medium,,2021-08-06,,noaa_seed_data,Natural Bridges (100m),47
seed_20097,49.355038,-124.365214,plastic,low,,2021-07-12,,noaa_seed_data,Columbia Beach,13
seed_20098,36.962658,-122.022992,plastic,high,,2021-08-06,,noaa_seed_data,Main Beach (100 m),75
seed_20099,29.546514,-94.789005,plastic,medium,https://portal.diver.orr.noaa.gov/pentaho/mdmap/photo-files/20099,2021-08-04,,noaa_seed_data,Smith Point - West,58
seed_20100,29.54678,-94.788635,plastic,high,https://portal.diver.orr.noaa.gov/pentaho/mdmap/photo-files/20100,2021-08-04,,noaa_seed_data,Smith Point - North,156
seed_20101,29.334012,-94.780574,plastic,medium,https://portal.diver.orr.noaa.gov/pentaho/mdmap/photo-files/20101,2021-08-11,,noaa_seed_data,Seawolf Park,56
seed_20102,29.36644,-94.813126,plastic,high,https://portal.diver.orr.noaa.gov/pentaho/mdmap/photo-files/20102,2021-07-28,,noaa_seed_data,Texas City Dike,151
seed_20103,27.41662,-97.30084,plastic,high,,2021-08-05,,noaa_seed_data,PAIS 0 mile,90
seed_20104,27.3467,-97.32692,plastic,high,,2021-08-05,,noaa_seed_data,PAIS 05 mile,160
seed_20105,27.27659,-97.34788,plastic,high,,2021-08-05,,noaa_seed_data,PAIS 10 mile,86
seed_20107,27.06001,-97.37872,plastic,high,,2021-08-16,,noaa_seed_data,PAIS 25 mile,133
seed_20108,26.9884,-97.37806,plastic,high,,2021-08-16,,noaa_seed_data,PAIS 30 mile,106
seed_20109,27.13337,-97.37409,plastic,high,,2021-08-16,,noaa_seed_data,PAIS 20 mile,219
seed_20110,27.13337,-97.37409,plastic,high,,2021-07-20,,noaa_seed_data,PAIS 20 mile,110
seed_20111,29.076328,-80.924251,plastic,medium,https://portal.diver.orr.noaa.gov/pentaho/mdmap/photo-files/20111,2021-08-19,,noaa_seed_data,Lighthouse Point Park,17
seed_20112,36.698825,-121.810288,plastic,medium,,2021-05-24,,noaa_seed_data,Marina State Beach (100m),31
seed_20113,36.612294,-121.858405,plastic,medium,,2021-05-21,,noaa_seed_data,Seaside (Monterey State Beach) (100m),43
seed_20114,36.601998,-121.889492,plastic,medium,,2021-05-21,,noaa_seed_data,Del Monte (100m),57
seed_20115,36.962347,-122.00298,plastic,medium,,2021-06-04,,noaa_seed_data,Seabright Beach (100m),25
seed_20116,37.096248,-122.280274,plastic,medium,,2021-05-04,,noaa_seed_data,Waddell Beach (100m),22
seed_20117,36.835314,-121.803169,plastic,medium,,2021-07-27,,noaa_seed_data,South Zmudowski (100m),50
seed_20118,36.835314,-121.803169,plastic,medium,,2021-06-17,,noaa_seed_data,South Zmudowski (100m),29
seed_20119,36.835314,-121.803169,plastic,medium,,2021-07-27,,noaa_seed_data,North Zmudowski (100m),24
seed_20120,36.835314,-121.803169,plastic,medium,,2021-06-17,,noaa_seed_data,North Zmudowski (100m),22
seed_20121,36.959883,-121.986672,plastic,medium,,2021-06-16,,noaa_seed_data,Live Oak (100m),17
seed_20122,36.959883,-121.986672,plastic,medium,,2021-07-21,,noaa_seed_data,Live Oak (100m),15
seed_20123,29.36644,-94.813126,plastic,high,https://portal.diver.orr.noaa.gov/pentaho/mdmap/photo-files/20123,2021-08-25,,noaa_seed_data,Texas City Dike,112
seed_20124,36.962347,-122.00298,plastic,medium,,2021-08-24,,noaa_seed_data,Seabright Beach (100m),47
seed_20125,36.698825,-121.810288,plastic,medium,,2021-08-17,,noaa_seed_data,Marina State Beach (100m),44
seed_20126,44.674755,-124.07733,plastic,low,,2021-08-20,,noaa_seed_data,"Cobble Beach, Yaquina Head Outstanding Natural Area",9
seed_20127,29.31402,-94.821989,plastic,low,https://portal.diver.orr.noaa.gov/pentaho/mdmap/photo-files/20127,2021-07-08,,noaa_seed_data,Shell Beach (TAMUG),13
seed_20128,29.31402,-94.821989,plastic,medium,https://portal.diver.orr.noaa.gov/pentaho/mdmap/photo-files/20128,2021-08-13,,noaa_seed_data,Shell Beach (TAMUG),45
seed_20129,29.36644,-94.813126,plastic,high,https://portal.diver.orr.noaa.gov/pentaho/mdmap/photo-files/20129,2021-11-10,,noaa_seed_data,Texas City Dike,89
seed_20130,36.612294,-121.858405,plastic,high,,2021-06-18,,noaa_seed_data,Seaside (Monterey State Beach) (100m),68
seed_20131,36.612294,-121.858405,plastic,high,,2021-07-06,,noaa_seed_data,Seaside (Monterey State Beach) (100m),75
seed_20132,36.698825,-121.810288,plastic,medium,,2021-06-18,,noaa_seed_data,Marina State Beach (100m),46
seed_20133,36.698825,-121.810288,plastic,medium,,2021-07-16,,noaa_seed_data,Marina State Beach (100m),28
seed_20134,36.601998,-121.889492,plastic,high,,2021-07-16,,noaa_seed_data,Del Monte (100m),71
seed_20135,36.601998,-121.889492,plastic,high,,2021-06-18,,noaa_seed_data,Del Monte (100m),73
seed_20136,27.13337,-97.37409,plastic,high,,2021-08-31,,noaa_seed_data,PAIS 20 mile,415
seed_20137,27.27659,-97.34788,plastic,high,,2021-08-31,,noaa_seed_data,PAIS 10 mile,197
seed_20138,27.3467,-97.32692,plastic,high,,2021-08-31,,noaa_seed_data,PAIS 05 mile,246
seed_20139,27.41662,-97.30084,plastic,high,,2021-08-31,,noaa_seed_data,PAIS 0 mile,129
seed_20140,27.20485,-97.36424,plastic,high,,2021-08-31,,noaa_seed_data,PAIS 15 mile,304
seed_20141,26.9884,-97.37806,plastic,high,,2021-08-30,,noaa_seed_data,PAIS 30 mile,308
seed_20142,27.06001,-97.37872,plastic,high,,2021-08-30,,noaa_seed_data,PAIS 25 mile,474
seed_20143,44.28263239366918,-124.1107139186496,plastic,low,https://portal.diver.orr.noaa.gov/pentaho/mdmap/photo-files/20143,2021-09-10,,noaa_seed_data,Cape Perpetua-Cove Beach,13
seed_20146,29.312992,-94.820746,plastic,high,https://portal.diver.orr.noaa.gov/pentaho/mdmap/photo-files/20146,2021-07-31,,noaa_seed_data,TAMUG Shell Beach 2,143
seed_20147,29.31402,-94.821989,plastic,medium,https://portal.diver.orr.noaa.gov/pentaho/mdmap/photo-files/20147,2021-09-10,,noaa_seed_data,Shell Beach (TAMUG),33
seed_20148,49.3572,-124.46329,plastic,low,https://portal.diver.orr.noaa.gov/pentaho/mdmap/photo-files/20148,2021-09-03,,noaa_seed_data,Qualicum Beach (North end of main beach),1
seed_20149,29.312992,-94.820746,plastic,high,https://portal.diver.orr.noaa.gov/pentaho/mdmap/photo-files/20149,2021-08-28,,noaa_seed_data,TAMUG Shell Beach 2,389
seed_20152,58.60306,-153.76727,plastic,low,,2021-06-29,,noaa_seed_data,Swikshak,6
seed_20153,26.9158,-97.37153,plastic,high,https://portal.diver.orr.noaa.gov/pentaho/mdmap/photo-files/20153,2021-09-14,,noaa_seed_data,PAIS 35 mile,107
seed_20154,26.8442,-97.3594,plastic,high,,2021-09-14,,noaa_seed_data,PAIS 40 mile,73
seed_20155,26.7732,-97.34303,plastic,medium,https://portal.diver.orr.noaa.gov/pentaho/mdmap/photo-files/20155,2021-09-16,,noaa_seed_data,PAIS 45 mile,44
seed_20156,26.70273,-97.32283,plastic,high,https://portal.diver.orr.noaa.gov/pentaho/mdmap/photo-files/20156,2021-09-16,,noaa_seed_data,PAIS 50 mile,79
seed_20157,26.63282,-97.30119,plastic,medium,,2021-09-16,,noaa_seed_data,PAIS 55 mile,42
seed_20158,26.56623,-97.27719,plastic,high,https://portal.diver.orr.noaa.gov/pentaho/mdmap/photo-files/20158,2021-09-16,,noaa_seed_data,PAIS 60 mile,357
seed_20159,29.37183,-94.8285,plastic,high,https://portal.diver.orr.noaa.gov/pentaho/mdmap/photo-files/20159,2021-06-01,,noaa_seed_data,Texas City Dike (North),147
seed_20160,29.37183,-94.8285,plastic,medium,https://portal.diver.orr.noaa.gov/pentaho/mdmap/photo-files/20160,2021-09-11,,noaa_seed_data,Texas City Dike (North),43
seed_20162,36.612294,-121.858405,plastic,high,,2021-08-17,,noaa_seed_data,Seaside (Monterey State Beach) (100m),131
seed_20163,36.835314,-121.803169,plastic,medium,,2021-08-13,,noaa_seed_data,North Zmudowski (100m),27
seed_20164,36.835314,-121.803169,plastic,medium,,2021-08-13,,noaa_seed_data,South Zmudowski (100m),64
seed_20165,36.601998,-121.889492,plastic,high,,2021-08-17,,noaa_seed_data,Del Monte (100m),194
seed_20166,36.895149,-121.839155,plastic,high,,2021-08-13,,noaa_seed_data,Sunset Beach (100m),66
seed_20167,36.959883,-121.986672,plastic,medium,,2021-08-24,,noaa_seed_data,Live Oak (100m),30
seed_20168,36.971253,-121.950019,plastic,medium,,2021-08-24,,noaa_seed_data,Capitola Beach (100m),28
seed_20169,44.674755,-124.07733,plastic,medium,,2021-09-30,,noaa_seed_data,"Cobble Beach, Yaquina Head Outstanding Natural Area",16
seed_20170,36.971253,-121.950019,plastic,medium,,2021-09-23,,noaa_seed_data,Capitola Beach (100m),21
seed_20171,36.612294,-121.858405,plastic,medium,,2021-09-21,,noaa_seed_data,Seaside (Monterey State Beach) (100m),52
seed_20172,36.698825,-121.810288,plastic,medium,,2021-09-21,,noaa_seed_data,Marina State Beach (100m),24
seed_20173,36.601998,-121.889492,plastic,medium,,2021-09-21,,noaa_seed_data,Del Monte (100m),50
seed_20174,36.895149,-121.839155,plastic,medium,,2021-09-17,,noaa_seed_data,Sunset Beach (100m),31
seed_20175,49.3572,-124.46329,plastic,low,https://portal.diver.orr.noaa.gov/pentaho/mdmap/photo-files/20175,2021-10-04,,noaa_seed_data,Qualicum Beach (North end of main beach),0
seed_20176,49.355038,-124.365214,plastic,low,https://portal.diver.orr.noaa.gov/pentaho/mdmap/photo-files/20176,2021-10-04,,noaa_seed_data,Columbia Beach,1
seed_20177,58.06013,-154.69642,processed-lumber,low,,2021-09-25,,noaa_seed_data,Dakavak Bay,1
seed_20178,58.06013,-154.69642,processed-lumber,low,,2021-06-19,,noaa_seed_data,Dakavak Bay,1
seed_20181,27.41662,-97.30084,plastic,high,,2021-10-04,,noaa_seed_data,PAIS 0 mile,356
seed_20182,27.3467,-97.32692,plastic,high,,2021-10-04,,noaa_seed_data,PAIS 05 mile,324
seed_20183,36.835314,-121.803169,plastic,medium,,2021-09-17,,noaa_seed_data,South Zmudowski (100m),22
seed_20184,27.20485,-97.36424,plastic,high,,2021-10-04,,noaa_seed_data,PAIS 15 mile,333
seed_20185,36.835314,-121.803169,plastic,medium,,2021-09-17,,noaa_seed_data,North Zmudowski (100m),25
seed_20186,37.096248,-122.280274,plastic,medium,,2021-09-16,,noaa_seed_data,Waddell Beach (100m),21
seed_20187,26.9884,-97.37806,plastic,high,,2021-10-04,,noaa_seed_data,PAIS 30 mile,76
seed_20188,36.959883,-121.986672,plastic,low,,2021-09-16,,noaa_seed_data,Live Oak (100m),11
seed_20189,36.949429,-122.057372,plastic,low,,2021-09-16,,noaa_seed_data,Natural Bridges (100m),12
seed_20190,26.9158,-97.37153,plastic,medium,,2021-10-05,,noaa_seed_data,PAIS 35 mile,64
seed_20191,26.8442,-97.3594,plastic,high,,2021-10-04,,noaa_seed_data,PAIS 40 mile,70
seed_20192,27.13337,-97.37409,plastic,high,,2021-10-05,,noaa_seed_data,PAIS 20 mile,137
seed_20193,27.06001,-97.37872,plastic,high,https://portal.diver.orr.noaa.gov/pentaho/mdmap/photo-files/20193,2021-10-05,,noaa_seed_data,PAIS 25 mile,66
seed_20197,36.835314,-121.803169,plastic,medium,,2021-05-17,,noaa_seed_data,North Zmudowski (100m),25
seed_20198,36.835314,-121.803169,plastic,medium,,2021-05-17,,noaa_seed_data,South Zmudowski (100m),19
seed_20199,29.076328,-80.924251,plastic,medium,,2021-09-29,,noaa_seed_data,Lighthouse Point Park,58
seed_20200,29.312992,-94.820746,plastic,high,https://portal.diver.orr.noaa.gov/pentaho/mdmap/photo-files/20200,2021-09-26,,noaa_seed_data,TAMUG Shell Beach 2,73
seed_20201,33.2443003,-119.4466716,plastic,low,https://portal.diver.orr.noaa.gov/pentaho/mdmap/photo-files/20201,2021-10-15,,noaa_seed_data,Coast Guard-San Nicolas Island,4
seed_20202,33.219698,-119.4493622,metal,low,,2021-10-16,,noaa_seed_data,Daytona Beach-San Nicolas Island,4
seed_20204,26.63282,-97.30119,plastic,medium,,2021-10-14,,noaa_seed_data,PAIS 55 mile,30
seed_20205,26.56623,-97.27719,plastic,high,https://portal.diver.orr.noaa.gov/pentaho/mdmap/photo-files/20205,2021-10-14,,noaa_seed_data,PAIS 60 mile,301
seed_20206,26.7732,-97.34303,plastic,high,,2021-10-14,,noaa_seed_data,PAIS 45 mile,129
seed_20207,26.70273,-97.32283,plastic,high,,2021-10-14,,noaa_seed_data,PAIS 50 mile,82
seed_20208,36.698825,-121.810288,plastic,medium,,2021-10-17,,noaa_seed_data,Marina State Beach (100m),33
seed_20209,33.2841261,-119.5348341,plastic,high,https://portal.diver.orr.noaa.gov/pentaho/mdmap/photo-files/20209,2021-10-17,,noaa_seed_data,Tender Beach-San Nicolas Island,265
seed_20210,44.28263239366918,-124.1107139186496,plastic,medium,https://portal.diver.orr.noaa.gov/pentaho/mdmap/photo-files/20210,2021-10-12,,noaa_seed_data,Cape Perpetua-Cove Beach,40
seed_20217,29.177184,-90.07208,plastic,high,,2021-10-27,,noaa_seed_data,Elmer's Island ,79
seed_20219,26.89248,-80.05652,plastic,medium,,2021-09-23,,noaa_seed_data,Juno Beach Access 20,27
seed_20220,26.89248,-80.05652,plastic,high,,2021-10-15,,noaa_seed_data,Juno Beach Access 20,196
seed_20223,27.41662,-97.30084,plastic,medium,,2021-11-02,,noaa_seed_data,PAIS 0 mile,24
seed_20224,27.3467,-97.32692,plastic,high,,2021-11-02,,noaa_seed_data,PAIS 05 mile,182
seed_20229,27.27659,-97.34788,plastic,high,,2021-11-02,,noaa_seed_data,PAIS 10 mile,267
seed_20230,27.20485,-97.36424,plastic,high,,2021-11-02,,noaa_seed_data,PAIS 15 mile,226
seed_20231,29.312992,-94.820746,plastic,high,https://portal.diver.orr.noaa.gov/pentaho/mdmap/photo-files/20231,2021-10-31,,noaa_seed_data,TAMUG Shell Beach 2,268
seed_20232,27.13337,-97.37409,plastic,high,,2021-11-03,,noaa_seed_data,PAIS 20 mile,205
seed_20233,27.06001,-97.37872,plastic,medium,,2021-11-03,,noaa_seed_data,PAIS 25 mile,32
seed_20238,44.28263239366918,-124.1107139186496,plastic,low,https://portal.diver.orr.noaa.gov/pentaho/mdmap/photo-files/20238,2021-11-09,,noaa_seed_data,Cape Perpetua-Cove Beach,5
seed_20243,29.177184,-90.07208,plastic,high,https://portal.diver.orr.noaa.gov/pentaho/mdmap/photo-files/20243,2021-11-16,,noaa_seed_data,Elmer's Island ,70
seed_20247,29.334012,-94.780574,plastic,high,https://portal.diver.orr.noaa.gov/pentaho/mdmap/photo-files/20247,2021-09-08,,noaa_seed_data,Seawolf Park,66
seed_20248,26.89248,-80.05652,plastic,high,,2021-11-18,,noaa_seed_data,Juno Beach Access 20,823
seed_20249,44.674755,-124.07733,plastic,medium,,2021-11-27,,noaa_seed_data,"Cobble Beach, Yaquina Head Outstanding Natural Area",52
seed_20251,36.835314,-121.803169,plastic,medium,,2021-11-14,,noaa_seed_data,North Zmudowski (100m),37
seed_20252,36.971253,-121.950019,plastic,medium,,2021-10-16,,noaa_seed_data,Capitola Beach (100m),33
seed_20253,36.698825,-121.810288,plastic,low,,2021-11-14,,noaa_seed_data,Marina State Beach (100m),14
seed_20254,36.601998,-121.889492,plastic,medium,,2021-11-14,,noaa_seed_data,Del Monte (100m),40
seed_20255,36.949429,-122.057372,plastic,low,,2021-10-25,,noaa_seed_data,Natural Bridges (100m),13
seed_20256,36.612294,-121.858405,plastic,low,,2021-10-26,,noaa_seed_data,Seaside (Monterey State Beach) (100m),6
seed_20257,36.835314,-121.803169,glass,high,,2021-10-16,,noaa_seed_data,South Zmudowski (100m),163
seed_20258,36.835314,-121.803169,plastic,medium,,2021-10-16,,noaa_seed_data,North Zmudowski (100m),34
seed_20259,36.962658,-122.022992,plastic,medium,,2021-11-30,,noaa_seed_data,Main Beach (100 m),61
seed_20260,36.895149,-121.839155,plastic,medium,,2021-10-16,,noaa_seed_data,Sunset Beach (100m),27
seed_20261,29.177184,-90.07208,plastic,medium,,2021-11-30,,noaa_seed_data,Elmer's Island ,27
seed_20262,29.312992,-94.820746,plastic,high,https://portal.diver.orr.noaa.gov/pentaho/mdmap/photo-files/20262,2021-11-28,,noaa_seed_data,TAMUG Shell Beach 2,513
seed_20263,29.334012,-94.780574,plastic,high,https://portal.diver.orr.noaa.gov/pentaho/mdmap/photo-files/20263,2021-11-10,,noaa_seed_data,Seawolf Park,186
seed_20264,29.31402,-94.821989,plastic,medium,https://portal.diver.orr.noaa.gov/pentaho/mdmap/photo-files/20264,2021-10-08,,noaa_seed_data,Shell Beach (TAMUG),40
seed_20265,29.31402,-94.821989,plastic,medium,https://portal.diver.orr.noaa.gov/pentaho/mdmap/photo-files/20265,2021-11-12,,noaa_seed_data,Shell Beach (TAMUG),45
seed_20266,27.4829127,-97.2718,plastic,high,,2021-12-06,,noaa_seed_data,PAIS North Beach,95
seed_20267,27.41662,-97.30084,plastic,medium,,2021-12-06,,noaa_seed_data,PAIS 0 mile,59
seed_20268,26.9884,-97.37806,plastic,high,,2021-12-06,,noaa_seed_data,PAIS 30 mile,105
seed_20269,27.06001,-97.37872,plastic,high,,2021-12-06,,noaa_seed_data,PAIS 25 mile,138
seed_20270,27.13337,-97.37409,plastic,high,,2021-12-06,,noaa_seed_data,PAIS 20 mile,184
seed_20271,27.20485,-97.36424,plastic,high,,2021-12-06,,noaa_seed_data,PAIS 15 mile,107
seed_20272,27.27659,-97.34788,plastic,high,,2021-12-06,,noaa_seed_data,PAIS 10 mile,76
seed_20273,27.3467,-97.32692,plastic,high,,2021-12-07,,noaa_seed_data,PAIS 05 mile,156
seed_20274,44.28263239366918,-124.1107139186496,plastic,medium,https://portal.diver.orr.noaa.gov/pentaho/mdmap/photo-files/20274,2021-12-09,,noaa_seed_data,Cape Perpetua-Cove Beach,40
seed_20276,26.56623,-97.27719,plastic,high,,2021-12-14,,noaa_seed_data,PAIS 60 mile,128
seed_20277,26.63282,-97.30119,plastic,medium,,2021-12-14,,noaa_seed_data,PAIS 55 mile,59
seed_20279,26.7732,-97.34303,plastic,high,,2021-12-14,,noaa_seed_data,PAIS 45 mile,111
seed_20280,26.9158,-97.37153,plastic,high,,2021-12-14,,noaa_seed_data,PAIS 35 mile,98
seed_20281,26.8442,-97.3594,plastic,medium,,2021-12-14,,noaa_seed_data,PAIS 40 mile,58
seed_20282,29.37183,-94.8285,plastic,medium,https://portal.diver.orr.noaa.gov/pentaho/mdmap/photo-files/20282,2021-12-15,,noaa_seed_data,Texas City Dike (North),41
seed_20283,29.36644,-94.813126,metal,high,https://portal.diver.orr.noaa.gov/pentaho/mdmap/photo-files/20283,2021-12-15,,noaa_seed_data,Texas City Dike,388
seed_20284,29.076328,-80.924251,plastic,medium,,2021-07-22,,noaa_seed_data,Lighthouse Point Park,24
seed_20286,29.076328,-80.924251,plastic,medium,,2021-11-18,,noaa_seed_data,Lighthouse Point Park,23
seed_20287,29.076328,-80.924251,plastic,low,,2021-12-28,,noaa_seed_data,Lighthouse Point Park,2
seed_20288,18.973919,-155.599356,plastic,high,https://portal.diver.orr.noaa.gov/pentaho/mdmap/photo-files/20288,2022-01-07,,noaa_seed_data,Kamilo Point (Kamilo Pae Kanaka),252
seed_20289,26.9884,-97.37806,plastic,high,,2022-01-04,,noaa_seed_data,PAIS 30 mile,105
seed_20290,27.06001,-97.37872,plastic,high,,2022-01-04,,noaa_seed_data,PAIS 25 mile,148
seed_20291,27.41662,-97.30084,plastic,medium,,2022-01-05,,noaa_seed_data,PAIS 0 mile,40
seed_20292,27.3467,-97.32692,plastic,high,,2022-01-05,,noaa_seed_data,PAIS 05 mile,133
seed_20293,27.27659,-97.34788,plastic,high,,2022-01-05,,noaa_seed_data,PAIS 10 mile,157
seed_20294,27.20485,-97.36424,plastic,high,,2022-01-04,,noaa_seed_data,PAIS 15 mile,172
seed_20295,27.13337,-97.37409,plastic,high,,2022-01-04,,noaa_seed_data,PAIS 20 mile,294
seed_20296,29.31402,-94.821989,plastic,low,https://portal.diver.orr.noaa.gov/pentaho/mdmap/photo-files/20296,2021-12-09,,noaa_seed_data,Shell Beach (TAMUG),13
seed_20297,29.334012,-94.780574,plastic,high,https://portal.diver.orr.noaa.gov/pentaho/mdmap/photo-files/20297,2021-12-08,,noaa_seed_data,Seawolf Park,66
seed_20298,29.312992,-94.820746,plastic,high,https://portal.diver.orr.noaa.gov/pentaho/mdmap/photo-files/20298,2022-01-05,,noaa_seed_data,TAMUG Shell Beach 2,314
seed_20299,29.334012,-94.780574,plastic,high,https://portal.diver.orr.noaa.gov/pentaho/mdmap/photo-files/20299,2022-01-12,,noaa_seed_data,Seawolf Park,90
seed_20300,29.31402,-94.821989,plastic,low,https://portal.diver.orr.noaa.gov/pentaho/mdmap/photo-files/20300,2022-01-16,,noaa_seed_data,Shell Beach (TAMUG),14
seed_20301,26.89248,-80.05652,plastic,high,,2022-01-19,,noaa_seed_data,Juno Beach Access 20,524
seed_20302,26.89248,-80.05652,plastic,high,,2021-12-15,,noaa_seed_data,Juno Beach Access 20,238
seed_20303,44.674755,-124.07733,plastic,medium,,2022-01-22,,noaa_seed_data,"Cobble Beach, Yaquina Head Outstanding Natural Area",26
seed_20304,49.355038,-124.365214,plastic,low,https://portal.diver.orr.noaa.gov/pentaho/mdmap/photo-files/20304,2022-01-20,,noaa_seed_data,Columbia Beach,3
seed_20305,49.3572,-124.46329,rubber,low,https://portal.diver.orr.noaa.gov/pentaho/mdmap/photo-files/20305,2022-01-20,,noaa_seed_data,Qualicum Beach (North end of main beach),4
seed_20306,34.213423,-77.788777,plastic,medium,,2022-01-25,,noaa_seed_data,Johnnie Mercer's Pier,30
seed_20307,29.177184,-90.07208,plastic,medium,,2022-02-08,,noaa_seed_data,Elmer's Island ,62
seed_20308,44.28263239366918,-124.1107139186496,plastic,high,https://portal.diver.orr.noaa.gov/pentaho/mdmap/photo-files/20308,2022-02-04,,noaa_seed_data,Cape Perpetua-Cove Beach,217
seed_20309,46.214249,-124.004412,plastic,medium,https://portal.diver.orr.noaa.gov/pentaho/mdmap/photo-files/20309,2022-02-09,,noaa_seed_data,Fort Stevens,18
seed_20310,29.334012,-94.780574,plastic,high,https://portal.diver.orr.noaa.gov/pentaho/mdmap/photo-files/20310,2022-02-09,,noaa_seed_data,Seawolf Park,182
seed_20311,29.31402,-94.821989,plastic,medium,https://portal.diver.orr.noaa.gov/pentaho/mdmap/photo-files/20311,2022-02-12,,noaa_seed_data,Shell Beach (TAMUG),49
seed_20312,27.4829127,-97.2718,plastic,medium,,2022-01-07,,noaa_seed_data,PAIS North Beach,49
seed_20313,26.9158,-97.37153,plastic,high,,2022-01-10,,noaa_seed_data,PAIS 35 mile,152
seed_20314,26.8442,-97.3594,plastic,high,,2022-01-10,,noaa_seed_data,PAIS 40 mile,71
seed_20315,26.7732,-97.34303,plastic,high,,2022-01-11,,noaa_seed_data,PAIS 45 mile,164
seed_20316,26.70273,-97.32283,plastic,high,,2022-01-12,,noaa_seed_data,PAIS 50 mile,82
seed_20317,26.63282,-97.30119,plastic,high,,2022-01-12,,noaa_seed_data,PAIS 55 mile,98
seed_20318,26.56623,-97.27719,plastic,high,,2022-01-12,,noaa_seed_data,PAIS 60 mile,306
seed_20319,38.73442,-123.49066,plastic,low,https://portal.diver.orr.noaa.gov/pentaho/mdmap/photo-files/20319,2022-02-10,,noaa_seed_data,Walk On Beach The Sea Ranch ,0
seed_20322,44.674755,-124.07733,plastic,medium,,2022-02-20,,noaa_seed_data,"Cobble Beach, Yaquina Head Outstanding Natural Area",19
seed_20323,26.89248,-80.05652,plastic,high,,2022-02-11,,noaa_seed_data,Juno Beach Access 20,109
seed_20324,27.41662,-97.30084,plastic,high,,2022-02-01,,noaa_seed_data,PAIS 0 mile,82
seed_20325,27.3467,-97.32692,plastic,high,,2022-02-01,,noaa_seed_data,PAIS 05 mile,271
seed_20326,27.13337,-97.37409,plastic,high,,2022-02-01,,noaa_seed_data,PAIS 20 mile,236
seed_20327,27.20485,-97.36424,plastic,high,,2022-02-01,,noaa_seed_data,PAIS 15 mile,281
seed_20328,27.27659,-97.34788,plastic,high,,2022-02-01,,noaa_seed_data,PAIS 10 mile,328
seed_20329,27.4829127,-97.2718,plastic,high,,2022-02-02,,noaa_seed_data,PAIS North Beach,130
seed_20330,26.9884,-97.37806,plastic,high,,2022-02-09,,noaa_seed_data,PAIS 30 mile,127
seed_20331,26.70273,-97.32283,plastic,medium,,2022-02-09,,noaa_seed_data,PAIS 50 mile,51
seed_20332,27.06001,-97.37872,plastic,high,,2022-02-09,,noaa_seed_data,PAIS 25 mile,183
seed_20333,26.63282,-97.30119,plastic,medium,,2022-02-09,,noaa_seed_data,PAIS 55 mile,59
seed_20334,26.56623,-97.27719,plastic,high,,2022-02-09,,noaa_seed_data,PAIS 60 mile,99
seed_20335,26.8442,-97.3594,plastic,high,,2022-02-09,,noaa_seed_data,PAIS 40 mile,103
seed_20336,26.9158,-97.37153,plastic,high,,2022-02-09,,noaa_seed_data,PAIS 35 mile,84
seed_20337,26.7732,-97.34303,plastic,high,,2022-02-09,,noaa_seed_data,PAIS 45 mile,99
seed_20338,42.080609,-70.2199812,plastic,low,,2022-02-24,,noaa_seed_data,Race Point Beach,8
seed_20339,42.049436658318776,-70.18710407286827,plastic,medium,,2022-02-24,,noaa_seed_data,Ryder Street Beach ,28
seed_20340,33.219698,-119.4493622,processed-lumber,low,https://portal.diver.orr.noaa.gov/pentaho/mdmap/photo-files/20340,2022-02-25,,noaa_seed_data,Daytona Beach-San Nicolas Island,1
seed_20341,29.36644,-94.813126,plastic,high,https://portal.diver.orr.noaa.gov/pentaho/mdmap/photo-files/20341,2022-02-02,,noaa_seed_data,Texas City Dike,190
seed_20342,29.37183,-94.8285,plastic,high,https://portal.diver.orr.noaa.gov/pentaho/mdmap/photo-files/20342,2022-02-02,,noaa_seed_data,Texas City Dike (North),84
seed_20343,29.36644,-94.813126,plastic,high,https://portal.diver.orr.noaa.gov/pentaho/mdmap/photo-files/20343,2022-02-23,,noaa_seed_data,Texas City Dike,86
seed_20344,18.973919,-155.599356,plastic,medium,https://portal.diver.orr.noaa.gov/pentaho/mdmap/photo-files/20344,2022-02-16,,noaa_seed_data,Kamilo Point (Kamilo Pae Kanaka),57
seed_20345,33.2443003,-119.4466716,processed-lumber,low,,2022-02-25,,noaa_seed_data,Coast Guard-San Nicolas Island,1
seed_20346,33.2841261,-119.5348341,plastic,low,https://portal.diver.orr.noaa.gov/pentaho/mdmap/photo-files/20346,2022-02-25,,noaa_seed_data,Tender Beach-San Nicolas Island,4
seed_20347,34.09874461244953,-119.12378996343054,plastic,medium,https://portal.diver.orr.noaa.gov/pentaho/mdmap/photo-files/20347,2021-10-28,,noaa_seed_data,Holiday Beach,26
seed_20348,34.1089290000704,-119.14442046296396,plastic,medium,https://portal.diver.orr.noaa.gov/pentaho/mdmap/photo-files/20348,2021-10-28,,noaa_seed_data,Ormand Beach - East,20
seed_20349,29.334012,-94.780574,plastic,high,https://portal.diver.orr.noaa.gov/pentaho/mdmap/photo-files/20349,2022-03-09,,noaa_seed_data,Seawolf Park,250
seed_20350,46.214249,-124.004412,plastic,low,https://portal.diver.orr.noaa.gov/pentaho/mdmap/photo-files/20350,2022-03-09,,noaa_seed_data,Fort Stevens,5
seed_20351,44.28263239366918,-124.1107139186496,plastic,high,https://portal.diver.orr.noaa.gov/pentaho/mdmap/photo-files/20351,2022-03-08,,noaa_seed_data,Cape Perpetua-Cove Beach,74
seed_20352,34.213423,-77.788777,plastic,medium,https://portal.diver.orr.noaa.gov/pentaho/mdmap/photo-files/20352,2022-03-10,,noaa_seed_data,Johnnie Mercer's Pier,30
seed_20353,27.4829127,-97.2718,plastic,high,,2022-03-08,,noaa_seed_data,PAIS North Beach,80
seed_20354,27.41662,-97.30084,plastic,medium,,2022-03-07,,noaa_seed_data,PAIS 0 mile,28
seed_20355,27.3467,-97.32692,plastic,high,,2022-03-08,,noaa_seed_data,PAIS 05 mile,82
seed_20356,27.27659,-97.34788,plastic,high,,2022-03-08,,noaa_seed_data,PAIS 10 mile,134
seed_20357,27.20485,-97.36424,plastic,high,,2022-03-10,,noaa_seed_data,PAIS 15 mile,104
seed_20358,27.13337,-97.37409,plastic,high,,2022-03-10,,noaa_seed_data,PAIS 20 mile,118
seed_20360,27.06001,-97.37872,plastic,high,,2022-03-07,,noaa_seed_data,PAIS 25 mile,265
seed_20361,26.9884,-97.37806,plastic,high,,2022-03-08,,noaa_seed_data,PAIS 30 mile,237
seed_20362,26.9158,-97.37153,plastic,high,,2022-03-08,,noaa_seed_data,PAIS 35 mile,126
seed_20363,26.8442,-97.3594,plastic,high,,2022-03-10,,noaa_seed_data,PAIS 40 mile,219
seed_20364,26.7732,-97.34303,plastic,high,,2022-03-09,,noaa_seed_data,PAIS 45 mile,140
seed_20365,26.89248,-80.05652,plastic,high,,2022-03-16,,noaa_seed_data,Juno Beach Access 20,121
seed_20366,26.70273,-97.32283,plastic,high,,2022-03-08,,noaa_seed_data,PAIS 50 mile,130
seed_20367,26.63282,-97.30119,plastic,high,,2022-03-08,,noaa_seed_data,PAIS 55 mile,118
seed_20368,26.56623,-97.27719,plastic,high,,2022-03-08,,noaa_seed_data,PAIS 60 mile,191
seed_20369,29.177184,-90.07208,plastic,medium,,2022-03-17,,noaa_seed_data,Elmer's Island ,58
seed_20370,18.973919,-155.599356,plastic,high,https://portal.diver.orr.noaa.gov/pentaho/mdmap/photo-files/20370,2022-03-19,,noaa_seed_data,Kamilo Point (Kamilo Pae Kanaka),99
seed_20371,29.31402,-94.821989,plastic,medium,https://portal.diver.orr.noaa.gov/pentaho/mdmap/photo-files/20371,2022-03-13,,noaa_seed_data,Shell Beach (TAMUG),63
seed_20372,29.312992,-94.820746,plastic,high,https://portal.diver.orr.noaa.gov/pentaho/mdmap/photo-files/20372,2022-02-20,,noaa_seed_data,TAMUG Shell Beach 2,141
seed_20373,29.37183,-94.8285,plastic,high,https://portal.diver.orr.noaa.gov/pentaho/mdmap/photo-files/20373,2022-03-02,,noaa_seed_data,Texas City Dike (North),75
seed_20374,18.97233653,-155.59945660176794,plastic,high,https://portal.diver.orr.noaa.gov/pentaho/mdmap/photo-files/20374,2021-08-10,,noaa_seed_data,Kamilo Point South,771
seed_20375,42.080609,-70.2199812,plastic,low,,2022-03-23,,noaa_seed_data,Race Point Beach,0
seed_20376,42.049436658318776,-70.18710407286827,plastic,low,,2022-03-23,,noaa_seed_data,Ryder Street Beach ,2
seed_20378,60.647472,-173.060249,plastic,low,,2021-06-06,,noaa_seed_data,Hall Island,14
seed_20379,60.647472,-173.060249,plastic,medium,,2021-08-08,,noaa_seed_data,Hall Island,52
seed_20380,60.647472,-173.060249,plastic,medium,,2021-07-04,,noaa_seed_data,Hall Island,63
seed_20383,56.03618,-156.73909,plastic,low,,2021-07-28,,noaa_seed_data,"Chowiet Island, Landing Cove",14
seed_20384,56.03618,-156.73909,plastic,low,,2021-05-27,,noaa_seed_data,"Chowiet Island, Landing Cove",7
seed_20386,33.40025,-79.1373,plastic,low,https://portal.diver.orr.noaa.gov/pentaho/mdmap/photo-files/20386,2022-03-30,,noaa_seed_data,Pawley's Island South End,4
seed_20387,29.36644,-94.813126,plastic,high,https://portal.diver.orr.noaa.gov/pentaho/mdmap/photo-files/20387,2022-03-30,,noaa_seed_data,Texas City Dike,184
seed_20388,29.37183,-94.8285,plastic,high,https://portal.diver.orr.noaa.gov/pentaho/mdmap/photo-files/20388,2022-03-30,,noaa_seed_data,Texas City Dike (North),152
seed_20389,29.312992,-94.820746,plastic,high,https://portal.diver.orr.noaa.gov/pentaho/mdmap/photo-files/20389,2022-03-26,,noaa_seed_data,TAMUG Shell Beach 2,184
seed_20392,45.89568,-123.96493,plastic,low,,2022-04-04,,noaa_seed_data,Haystack Rock,7
seed_20393,44.751079,-124.064519,plastic,low,,2022-04-05,,noaa_seed_data,Otter Rock Marine Reserve,13
seed_20394,45.105253,-123.985534,plastic,low,,2022-04-03,,noaa_seed_data,Neskowin Beach CoastWatch Mile 253,5
seed_20395,27.4829127,-97.2718,plastic,high,,2022-04-04,,noaa_seed_data,PAIS North Beach,190
seed_20396,26.89248,-80.05652,plastic,high,,2022-04-13,,noaa_seed_data,Juno Beach Access 20,107
seed_20401,27.41662,-97.30084,plastic,high,,2022-04-15,,noaa_seed_data,PAIS 0 mile,118
seed_20402,27.3467,-97.32692,plastic,high,,2022-04-15,,noaa_seed_data,PAIS 05 mile,234
seed_20403,27.27659,-97.34788,plastic,high,,2022-04-15,,noaa_seed_data,PAIS 10 mile,329
seed_20404,27.20485,-97.36424,plastic,high,,2022-04-14,,noaa_seed_data,PAIS 15 mile,455
seed_20405,27.13337,-97.37409,plastic,high,,2022-04-14,,noaa_seed_data,PAIS 20 mile,194
seed_20406,27.06001,-97.37872,plastic,high,,2022-04-14,,noaa_seed_data,PAIS 25 mile,237
seed_20407,26.9884,-97.37806,plastic,high,,2022-04-05,,noaa_seed_data,PAIS 30 mile,170
seed_20408,26.9158,-97.37153,plastic,high,,2022-04-05,,noaa_seed_data,PAIS 35 mile,99
seed_20409,26.8442,-97.3594,plastic,high,,2022-04-05,,noaa_seed_data,PAIS 40 mile,75
seed_20410,34.213423,-77.788777,plastic,medium,https://portal.diver.orr.noaa.gov/pentaho/mdmap/photo-files/20410,2022-04-22,,noaa_seed_data,Johnnie Mercer's Pier,21
seed_20411,46.214249,-124.004412,plastic,low,,2022-04-20,,noaa_seed_data,Fort Stevens,6
seed_20412,26.7732,-97.34303,plastic,high,,2022-04-05,,noaa_seed_data,PAIS 45 mile,127
seed_20413,26.70273,-97.32283,plastic,medium,,2022-04-05,,noaa_seed_data,PAIS 50 mile,30
seed_20414,26.63282,-97.30119,plastic,medium,,2022-04-05,,noaa_seed_data,PAIS 55 mile,25
seed_20415,26.56623,-97.27719,plastic,high,,2022-04-05,,noaa_seed_data,PAIS 60 mile,198
seed_20416,44.674755,-124.07733,metal,medium,https://portal.diver.orr.noaa.gov/pentaho/mdmap/photo-files/20416,2022-04-25,,noaa_seed_data,"Cobble Beach, Yaquina Head Outstanding Natural Area",17
seed_20418,30.268611,-87.582778,plastic,medium,https://portal.diver.orr.noaa.gov/pentaho/mdmap/photo-files/20418,2022-04-28,,noaa_seed_data,Cotton Bayou Beach access,20
seed_20419,44.461873,-124.081911,plastic,medium,,2022-04-06,,noaa_seed_data,Buckley Creek,28
seed_20420,49.3572,-124.46329,plastic,low,https://portal.diver.orr.noaa.gov/pentaho/mdmap/photo-files/20420,2022-04-30,,noaa_seed_data,Qualicum Beach (North end of main beach),0
seed_20421,49.355038,-124.365214,plastic,low,https://portal.diver.orr.noaa.gov/pentaho/mdmap/photo-files/20421,2022-04-30,,noaa_seed_data,Columbia Beach,6
seed_20423,18.973919,-155.599356,plastic,high,https://portal.diver.orr.noaa.gov/pentaho/mdmap/photo-files/20423,2022-05-04,,noaa_seed_data,Kamilo Point (Kamilo Pae Kanaka),147
seed_20424,27.4829127,-97.2718,plastic,high,,2022-05-02,,noaa_seed_data,PAIS North Beach,101
seed_20425,27.41662,-97.30084,plastic,high,,2022-05-03,,noaa_seed_data,PAIS 0 mile,133
seed_20426,27.3467,-97.32692,plastic,high,,2022-05-03,,noaa_seed_data,PAIS 05 mile,385
seed_20427,27.27659,-97.34788,plastic,high,,2022-05-03,,noaa_seed_data,PAIS 10 mile,315
seed_20428,27.20485,-97.36424,plastic,high,,2022-05-03,,noaa_seed_data,PAIS 15 mile,337
seed_20429,27.13337,-97.37409,plastic,high,,2022-05-02,,noaa_seed_data,PAIS 20 mile,425
seed_20430,27.06001,-97.37872,plastic,high,,2022-05-02,,noaa_seed_data,PAIS 25 mile,462
seed_20431,26.9884,-97.37806,plastic,high,,2022-05-02,,noaa_seed_data,PAIS 30 mile,200
seed_20432,44.461873,-124.081911,plastic,medium,https://portal.diver.orr.noaa.gov/pentaho/mdmap/photo-files/20432,2022-05-04,,noaa_seed_data,Buckley Creek,29
seed_20433,56.024,-156.71603,plastic,medium,,2021-08-25,,noaa_seed_data,Chowiet Island - South Bay Beach,20
seed_20434,42.714882,-124.462341,plastic,low,,2022-04-26,,noaa_seed_data,Rocky Point,0
seed_20435,44.28263239366918,-124.1107139186496,plastic,medium,,2022-04-27,,noaa_seed_data,Cape Perpetua-Cove Beach,19
seed_20436,29.37183,-94.8285,metal,high,https://portal.diver.orr.noaa.gov/pentaho/mdmap/photo-files/20436,2022-04-27,,noaa_seed_data,Texas City Dike (North),234
seed_20437,29.36644,-94.813126,plastic,high,https://portal.diver.orr.noaa.gov/pentaho/mdmap/photo-files/20437,2022-04-27,,noaa_seed_data,Texas City Dike,113
seed_20439,56.03618,-156.73909,plastic,low,,2021-06-29,,noaa_seed_data,"Chowiet Island, Landing Cove",8
seed_20440,56.024,-156.71603,plastic,medium,,2021-07-28,,noaa_seed_data,Chowiet Island - South Bay Beach,23
seed_20441,56.024,-156.71603,plastic,medium,,2021-06-29,,noaa_seed_data,Chowiet Island - South Bay Beach,29
seed_20442,56.024,-156.71603,plastic,low,,2021-05-26,,noaa_seed_data,Chowiet Island - South Bay Beach,10
seed_20443,44.196691,-124.114842,plastic,high,,2022-05-10,,noaa_seed_data,North Ocean Beach CoastWatch Mile 184,92
seed_20444,44.674755,-124.07733,metal,medium,,2022-05-13,,noaa_seed_data,"Cobble Beach, Yaquina Head Outstanding Natural Area",52
seed_20445,44.28263239366918,-124.1107139186496,plastic,medium,,2022-05-18,,noaa_seed_data,Cape Perpetua-Cove Beach,53
seed_20446,26.89248,-80.05652,plastic,high,,2022-05-18,,noaa_seed_data,Juno Beach Access 20,168
seed_20447,29.31402,-94.821989,plastic,medium,https://portal.diver.orr.noaa.gov/pentaho/mdmap/photo-files/20447,2022-04-09,,noaa_seed_data,Shell Beach (TAMUG),52
seed_20448,29.312992,-94.820746,plastic,high,https://portal.diver.orr.noaa.gov/pentaho/mdmap/photo-files/20448,2022-04-30,,noaa_seed_data,TAMUG Shell Beach 2,542
seed_20449,46.214249,-124.004412,plastic,medium,,2022-05-19,,noaa_seed_data,Fort Stevens,22
seed_20453,33.4608,-117.67858,plastic,high,https://portal.diver.orr.noaa.gov/pentaho/mdmap/photo-files/20453,2022-05-21,,noaa_seed_data,Doheny Beach,165
seed_20454,42.080609,-70.2199812,plastic,low,,2022-04-21,,noaa_seed_data,Race Point Beach,1
seed_20455,42.049436658318776,-70.18710407286827,plastic,medium,,2022-04-21,,noaa_seed_data,Ryder Street Beach ,22
seed_20456,42.049436658318776,-70.18710407286827,plastic,medium,,2022-05-19,,noaa_seed_data,Ryder Street Beach ,37
seed_20457,42.080609,-70.2199812,plastic,low,,2022-05-19,,noaa_seed_data,Race Point Beach,3
seed_20458,26.56623,-97.27719,plastic,high,,2022-05-10,,noaa_seed_data,PAIS 60 mile,100
seed_20459,26.63282,-97.30119,plastic,high,,2022-05-10,,noaa_seed_data,PAIS 55 mile,97
seed_20460,26.70273,-97.32283,plastic,high,,2022-05-10,,noaa_seed_data,PAIS 50 mile,104
seed_20461,26.7732,-97.34303,plastic,high,,2022-05-10,,noaa_seed_data,PAIS 45 mile,184
seed_20462,26.8442,-97.3594,plastic,high,,2022-05-10,,noaa_seed_data,PAIS 40 mile,163
seed_20463,26.9158,-97.37153,plastic,high,,2022-05-09,,noaa_seed_data,PAIS 35 mile,161
seed_20465,45.89568,-123.96493,plastic,medium,,2022-05-02,,noaa_seed_data,Haystack Rock,19
seed_20467,44.935614,-124.024746,other,low,https://portal.diver.orr.noaa.gov/pentaho/mdmap/photo-files/20467,2022-05-30,,noaa_seed_data,Taft,3
seed_20468,46.0891,-123.9409,plastic,low,https://portal.diver.orr.noaa.gov/pentaho/mdmap/photo-files/20468,2022-06-01,,noaa_seed_data,Sunset Beach CoastWatch Mile 330,11
seed_20469,44.461873,-124.081911,plastic,medium,https://portal.diver.orr.noaa.gov/pentaho/mdmap/photo-files/20469,2022-06-01,,noaa_seed_data,Buckley Creek,21
seed_20470,29.312992,-94.820746,plastic,high,,2022-05-30,,noaa_seed_data,TAMUG Shell Beach 2,364
seed_20471,42.714882,-124.462341,plastic,low,,2022-05-31,,noaa_seed_data,Rocky Point,0
seed_20472,29.076328,-80.924251,plastic,medium,,2022-04-22,,noaa_seed_data,Lighthouse Point Park,19
seed_20473,29.076328,-80.924251,plastic,medium,,2022-05-25,,noaa_seed_data,Lighthouse Point Park,20
seed_20475,30.268611,-87.582778,plastic,medium,,2022-06-10,,noaa_seed_data,Cotton Bayou Beach access,28
seed_20476,30.23167,-88.01822,plastic,low,,2022-06-10,,noaa_seed_data,Fort Morgan Fort Entrance,6
seed_20477,30.2279111209,-87.83247046,plastic,low,,2022-06-10,,noaa_seed_data,Mobile Street,9
seed_20478,26.5315,-97.26333,plastic,high,https://portal.diver.orr.noaa.gov/pentaho/mdmap/photo-files/20478,2022-02-25,,noaa_seed_data,South Padre Island Mile Marker 23,152
seed_20480,29.36644,-94.813126,plastic,high,,2022-05-26,,noaa_seed_data,Texas City Dike,171
seed_20482,29.37183,-94.8285,plastic,medium,https://portal.diver.orr.noaa.gov/pentaho/mdmap/photo-files/20482,2022-05-26,,noaa_seed_data,Texas City Dike (North),54
seed_20483,46.64045,-124.071517,plastic,low,,2022-06-17,,noaa_seed_data,Leadbetter,8
seed_20485,44.196691,-124.114842,plastic,medium,,2022-06-20,,noaa_seed_data,North Ocean Beach CoastWatch Mile 184,55
seed_20486,26.89248,-80.05652,plastic,medium,,2022-06-22,,noaa_seed_data,Juno Beach Access 20,49
seed_20488,46.214249,-124.004412,plastic,medium,,2022-06-22,,noaa_seed_data,Fort Stevens,27
seed_20489,44.28263239366918,-124.1107139186496,plastic,medium,,2022-06-20,,noaa_seed_data,Cape Perpetua-Cove Beach,18
seed_20490,29.37183,-94.8285,plastic,high,https://portal.diver.orr.noaa.gov/pentaho/mdmap/photo-files/20490,2022-06-22,,noaa_seed_data,Texas City Dike (North),262
seed_20491,27.4829127,-97.2718,plastic,high,,2022-06-06,,noaa_seed_data,PAIS North Beach,174
seed_20492,27.41662,-97.30084,plastic,high,,2022-06-02,,noaa_seed_data,PAIS 0 mile,112
seed_20493,27.3467,-97.32692,plastic,high,,2022-06-02,,noaa_seed_data,PAIS 05 mile,270
seed_20494,27.27659,-97.34788,plastic,high,,2022-06-02,,noaa_seed_data,PAIS 10 mile,299
seed_20495,27.20485,-97.36424,plastic,high,,2022-06-06,,noaa_seed_data,PAIS 15 mile,228
seed_20496,27.13337,-97.37409,plastic,high,,2022-06-06,,noaa_seed_data,PAIS 20 mile,271
seed_20497,27.06001,-97.37872,plastic,high,,2022-06-06,,noaa_seed_data,PAIS 25 mile,238
seed_20498,26.9884,-97.37806,plastic,high,,2022-06-08,,noaa_seed_data,PAIS 30 mile,187
seed_20499,26.9158,-97.37153,plastic,high,,2022-06-07,,noaa_seed_data,PAIS 35 mile,99
seed_20500,26.8442,-97.3594,plastic,high,,2022-06-07,,noaa_seed_data,PAIS 40 mile,133
seed_20501,26.7732,-97.34303,plastic,high,,2022-06-07,,noaa_seed_data,PAIS 45 mile,109
seed_20502,26.70273,-97.32283,plastic,medium,,2022-06-07,,noaa_seed_data,PAIS 50 mile,29
seed_20503,26.63282,-97.30119,plastic,medium,,2022-06-07,,noaa_seed_data,PAIS 55 mile,62
seed_20504,26.56623,-97.27719,plastic,medium,,2022-06-07,,noaa_seed_data,PAIS 60 mile,57
seed_20505,58.45842,-154.07515,plastic,low,https://portal.diver.orr.noaa.gov/pentaho/mdmap/photo-files/20505,2022-06-12,,noaa_seed_data,Hallo Bay,4
seed_20506,58.06013,-154.69642,plastic,low,https://portal.diver.orr.noaa.gov/pentaho/mdmap/photo-files/20506,2022-06-16,,noaa_seed_data,Dakavak Bay,1
seed_20507,47.7628,-122.3853,plastic,medium,,2022-06-28,,noaa_seed_data,Richmond Beach South,21
seed_20508,44.935614,-124.024746,plastic,low,,2022-06-29,,noaa_seed_data,Taft,1
seed_20510,44.461873,-124.081911,plastic,medium,https://portal.diver.orr.noaa.gov/pentaho/mdmap/photo-files/20510,2022-07-05,,noaa_seed_data,Buckley Creek,32
seed_20512,42.080609,-70.2199812,plastic,low,,2022-06-17,,noaa_seed_data,Race Point Beach,14
seed_20513,42.049436658318776,-70.18710407286827,plastic,medium,,2022-06-17,,noaa_seed_data,Ryder Street Beach ,38
seed_20515,57.69536,-152.54205,plastic,medium,https://portal.diver.orr.noaa.gov/pentaho/mdmap/photo-files/20515,2022-07-07,,noaa_seed_data,Bruhn Point,23
seed_20516,33.4608,-117.67858,plastic,medium,https://portal.diver.orr.noaa.gov/pentaho/mdmap/photo-files/20516,2022-07-09,,noaa_seed_data,Doheny Beach,60
seed_20517,18.973919,-155.599356,plastic,high,https://portal.diver.orr.noaa.gov/pentaho/mdmap/photo-files/20517,2022-06-24,,noaa_seed_data,Kamilo Point (Kamilo Pae Kanaka),255
seed_20519,46.436928,-124.059664,plastic,medium,,2022-06-29,,noaa_seed_data,Klipsan,18
seed_20520,46.214249,-124.004412,processed-lumber,low,,2022-07-13,,noaa_seed_data,Fort Stevens,12
seed_20522,29.076328,-80.924251,plastic,medium,,2022-06-24,,noaa_seed_data,Lighthouse Point Park,19
seed_20523,36.962658,-122.022992,plastic,low,,2021-09-23,,noaa_seed_data,Main Beach (100 m),14
seed_20524,36.962347,-122.00298,plastic,medium,,2021-09-23,,noaa_seed_data,Seabright Beach (100m),15
seed_20525,37.096248,-122.280274,plastic,medium,,2021-10-10,,noaa_seed_data,Waddell Beach (100m),31
seed_20526,36.962658,-122.022992,plastic,medium,,2021-10-17,,noaa_seed_data,Main Beach (100 m),40
seed_20527,36.962347,-122.00298,plastic,medium,,2021-10-16,,noaa_seed_data,Seabright Beach (100m),18
seed_20529,36.601998,-121.889492,plastic,medium,,2021-10-26,,noaa_seed_data,Del Monte (100m),29
seed_20530,57.64795,-152.43974,plastic,medium,https://portal.diver.orr.noaa.gov/pentaho/mdmap/photo-files/20530,2022-07-15,,noaa_seed_data,Mayflower Beach,17
seed_20532,44.28263239366918,-124.1107139186496,plastic,low,,2022-07-18,,noaa_seed_data,Cape Perpetua-Cove Beach,1
seed_20533,34.213423,-77.788777,plastic,medium,,2022-07-22,,noaa_seed_data,Johnnie Mercer's Pier,40
seed_20534,44.935614,-124.024746,plastic,low,,2022-07-20,,noaa_seed_data,Taft,6
seed_20535,45.89568,-123.96493,plastic,medium,,2022-06-01,,noaa_seed_data,Haystack Rock,16
seed_20536,45.89568,-123.96493,plastic,high,,2022-06-26,,noaa_seed_data,Haystack Rock,91
seed_20537,44.751079,-124.064519,plastic,medium,https://portal.diver.orr.noaa.gov/pentaho/mdmap/photo-files/20537,2022-05-04,,noaa_seed_data,Otter Rock Marine Reserve,38
seed_20538,44.751079,-124.064519,plastic,high,,2022-06-03,,noaa_seed_data,Otter Rock Marine Reserve,101
seed_20539,27.41662,-97.30084,plastic,high,,2022-07-13,,noaa_seed_data,PAIS 0 mile,154
seed_20540,27.3467,-97.32692,plastic,high,,2022-07-13,,noaa_seed_data,PAIS 05 mile,267
seed_20541,27.3467,-97.32692,plastic,high,,2022-07-12,,noaa_seed_data,PAIS 05 mile,195
seed_20542,27.27659,-97.34788,plastic,high,,2022-07-12,,noaa_seed_data,PAIS 10 mile,196
seed_20543,27.20485,-97.36424,plastic,high,,2022-07-12,,noaa_seed_data,PAIS 15 mile,199
seed_20544,27.13337,-97.37409,plastic,high,,2022-07-11,,noaa_seed_data,PAIS 20 mile,158
seed_20545,27.06001,-97.37872,plastic,high,,2022-07-11,,noaa_seed_data,PAIS 25 mile,161
seed_20546,26.9884,-97.37806,plastic,high,,2022-07-20,,noaa_seed_data,PAIS 30 mile,135
seed_20547,26.9158,-97.37153,plastic,high,,2022-07-19,,noaa_seed_data,PAIS 35 mile,106
seed_20548,26.8442,-97.3594,plastic,high,,2022-07-20,,noaa_seed_data,PAIS 40 mile,128
seed_20549,26.7732,-97.34303,plastic,high,,2022-07-20,,noaa_seed_data,PAIS 45 mile,67
seed_20550,26.70273,-97.32283,plastic,medium,,2022-07-19,,noaa_seed_data,PAIS 50 mile,32
seed_20551,26.63282,-97.30119,plastic,medium,,2022-07-19,,noaa_seed_data,PAIS 55 mile,50
seed_20552,26.56623,-97.27719,plastic,medium,,2022-07-19,,noaa_seed_data,PAIS 60 mile,62
seed_20553,27.4829127,-97.2718,plastic,high,,2022-07-06,,noaa_seed_data,PAIS North Beach,185
seed_20554,45.589355,-123.951473,plastic,low,,2022-07-27,,noaa_seed_data,Watseco1,8
seed_20555,34.1089290000704,-119.14442046296396,plastic,medium,https://portal.diver.orr.noaa.gov/pentaho/mdmap/photo-files/20555,2022-02-22,,noaa_seed_data,Ormand Beach - East,16
seed_20556,37.096248,-122.280274,processed-lumber,medium,,2022-06-04,,noaa_seed_data,Waddell Beach (100m),25
seed_20557,36.971253,-121.950019,plastic,medium,,2022-05-14,,noaa_seed_data,Capitola Beach (100m),30
seed_20558,34.09874461244953,-119.12378996343054,plastic,low,https://portal.diver.orr.noaa.gov/pentaho/mdmap/photo-files/20558,2022-02-22,,noaa_seed_data,Holiday Beach,12
seed_20560,36.949429,-122.057372,plastic,low,,2021-12-05,,noaa_seed_data,Natural Bridges (100m),9
seed_20561,37.096248,-122.280274,plastic,low,,2021-11-13,,noaa_seed_data,Waddell Beach (100m),12
seed_20562,36.959883,-121.986672,plastic,low,,2021-12-05,,noaa_seed_data,Live Oak (100m),11
seed_20563,36.949429,-122.057372,plastic,medium,,2021-11-23,,noaa_seed_data,Natural Bridges (100m),18
seed_20565,36.971253,-121.950019,plastic,medium,,2021-12-04,,noaa_seed_data,Capitola Beach (100m),41
seed_20566,36.962658,-122.022992,plastic,low,,2021-11-26,,noaa_seed_data,Main Beach (100 m),12
seed_20567,36.612294,-121.858405,plastic,medium,,2021-11-14,,noaa_seed_data,Seaside (Monterey State Beach) (100m),41
seed_20568,36.835314,-121.803169,plastic,medium,,2021-11-13,,noaa_seed_data,South Zmudowski (100m),56
seed_20569,36.962347,-122.00298,plastic,low,,2021-11-26,,noaa_seed_data,Seabright Beach (100m),11
seed_20571,58.60306,-153.76727,plastic,low,https://portal.diver.orr.noaa.gov/pentaho/mdmap/photo-files/20571,2022-07-27,,noaa_seed_data,Swikshak,0
seed_20572,46.0891,-123.9409,processed-lumber,high,,2022-07-05,,noaa_seed_data,Sunset Beach CoastWatch Mile 330,899
seed_20573,44.461873,-124.081911,plastic,low,https://portal.diver.orr.noaa.gov/pentaho/mdmap/photo-files/20573,2022-08-05,,noaa_seed_data,Buckley Creek,7
seed_20574,45.105253,-123.985534,plastic,low,,2022-08-08,,noaa_seed_data,Neskowin Beach CoastWatch Mile 253,6
seed_20575,29.076328,-80.924251,plastic,medium,,2022-07-24,,noaa_seed_data,Lighthouse Point Park,39
seed_20576,44.935614,-124.024746,processed-lumber,low,,2022-08-05,,noaa_seed_data,Taft,3
seed_20577,49.3572,-124.46329,plastic,medium,https://portal.diver.orr.noaa.gov/pentaho/mdmap/photo-files/20577,2022-07-28,,noaa_seed_data,Qualicum Beach (North end of main beach),23
seed_20578,46.214249,-124.004412,plastic,low,https://portal.diver.orr.noaa.gov/pentaho/mdmap/photo-files/20578,2022-08-10,,noaa_seed_data,Fort Stevens,9
seed_20579,42.080609,-70.2199812,plastic,medium,,2022-07-11,,noaa_seed_data,Race Point Beach,20
seed_20580,42.049436658318776,-70.18710407286827,plastic,high,,2022-07-11,,noaa_seed_data,Ryder Street Beach ,73
seed_20581,29.334012,-94.780574,plastic,high,https://portal.diver.orr.noaa.gov/pentaho/mdmap/photo-files/20581,2022-08-10,,noaa_seed_data,Seawolf Park,73
seed_20582,58.45842,-154.07515,plastic,low,https://portal.diver.orr.noaa.gov/pentaho/mdmap/photo-files/20582,2022-08-16,,noaa_seed_data,Hallo Bay,5
seed_20583,33.463919,-117.715025,plastic,high,,2022-08-15,,noaa_seed_data,South Strand Conservation Park,93
seed_20584,42.080609,-70.2199812,plastic,medium,,2022-08-11,,noaa_seed_data,Race Point Beach,24
seed_20585,42.049436658318776,-70.18710407286827,plastic,medium,,2022-08-11,,noaa_seed_data,Ryder Street Beach ,64
seed_20586,29.312992,-94.820746,plastic,high,https://portal.diver.orr.noaa.gov/pentaho/mdmap/photo-files/20586,2022-07-31,,noaa_seed_data,TAMUG Shell Beach 2,255
seed_20587,29.36644,-94.813126,plastic,high,https://portal.diver.orr.noaa.gov/pentaho/mdmap/photo-files/20587,2022-07-27,,noaa_seed_data,Texas City Dike,213
seed_20588,49.355038,-124.365214,plastic,low,https://portal.diver.orr.noaa.gov/pentaho/mdmap/photo-files/20588,2022-07-22,,noaa_seed_data,Columbia Beach,4
seed_20590,29.312992,-94.820746,plastic,high,https://portal.diver.orr.noaa.gov/pentaho/mdmap/photo-files/20590,2022-06-26,,noaa_seed_data,TAMUG Shell Beach 2,187
seed_20591,29.334012,-94.780574,plastic,high,https://portal.diver.orr.noaa.gov/pentaho/mdmap/photo-files/20591,2022-06-08,,noaa_seed_data,Seawolf Park,165
seed_20592,29.334012,-94.780574,plastic,medium,https://portal.diver.orr.noaa.gov/pentaho/mdmap/photo-files/20592,2022-09-14,,noaa_seed_data,Seawolf Park,52
seed_20593,29.334012,-94.780574,plastic,high,https://portal.diver.orr.noaa.gov/pentaho/mdmap/photo-files/20593,2022-07-20,,noaa_seed_data,Seawolf Park,68
seed_20594,57.81377,-152.42299,plastic,medium,https://portal.diver.orr.noaa.gov/pentaho/mdmap/photo-files/20594,2022-08-19,,noaa_seed_data,Pillar Creek Beach,32
seed_20595,44.674755,-124.07733,plastic,medium,,2022-08-18,,noaa_seed_data,"Cobble Beach, Yaquina Head Outstanding Natural Area",29
seed_20596,29.37183,-94.8285,plastic,high,https://portal.diver.orr.noaa.gov/pentaho/mdmap/photo-files/20596,2022-07-27,,noaa_seed_data,Texas City Dike (North),138
seed_20597,29.36644,-94.813126,plastic,high,https://portal.diver.orr.noaa.gov/pentaho/mdmap/photo-files/20597,2022-06-22,,noaa_seed_data,Texas City Dike,259
seed_20598,29.36644,-94.813126,plastic,medium,https://portal.diver.orr.noaa.gov/pentaho/mdmap/photo-files/20598,2022-08-24,,noaa_seed_data,Texas City Dike,64
seed_20599,34.213423,-77.788777,plastic,medium,,2022-08-22,,noaa_seed_data,Johnnie Mercer's Pier,36
seed_20600,57.43601,-152.40326,plastic,medium,https://portal.diver.orr.noaa.gov/pentaho/mdmap/photo-files/20600,2022-08-25,,noaa_seed_data,Surfer's Beach,23
seed_20602,56.03618,-156.73909,plastic,low,,2021-08-25,,noaa_seed_data,"Chowiet Island, Landing Cove",9
seed_20603,29.37183,-94.8285,plastic,high,https://portal.diver.orr.noaa.gov/pentaho/mdmap/photo-files/20603,2022-09-01,,noaa_seed_data,Texas City Dike (North),131
seed_20604,29.312992,-94.820746,plastic,high,https://portal.diver.orr.noaa.gov/pentaho/mdmap/photo-files/20604,2022-08-28,,noaa_seed_data,TAMUG Shell Beach 2,570
seed_20606,29.31402,-94.821989,plastic,high,https://portal.diver.orr.noaa.gov/pentaho/mdmap/photo-files/20606,2022-08-23,,noaa_seed_data,Shell Beach (TAMUG),105
seed_20607,45.105253,-123.985534,metal,medium,,2022-09-04,,noaa_seed_data,Neskowin Beach CoastWatch Mile 253,20
seed_20608,18.973919,-155.599356,plastic,high,https://portal.diver.orr.noaa.gov/pentaho/mdmap/photo-files/20608,2022-08-13,,noaa_seed_data,Kamilo Point (Kamilo Pae Kanaka),515
seed_20609,33.4608,-117.67858,plastic,high,https://portal.diver.orr.noaa.gov/pentaho/mdmap/photo-files/20609,2022-08-27,,noaa_seed_data,Doheny Beach,112
seed_20610,27.3467,-97.32692,plastic,high,,2022-08-10,,noaa_seed_data,PAIS 05 mile,278
seed_20611,27.4829127,-97.2718,plastic,high,,2022-08-05,,noaa_seed_data,PAIS North Beach,468
seed_20612,27.41662,-97.30084,plastic,high,,2022-08-08,,noaa_seed_data,PAIS 0 mile,257
seed_20613,27.27659,-97.34788,plastic,high,,2022-08-10,,noaa_seed_data,PAIS 10 mile,171
seed_20614,44.453267,-124.083248,plastic,low,https://portal.diver.orr.noaa.gov/pentaho/mdmap/photo-files/20614,2022-09-12,,noaa_seed_data,Sandpiper Beach,8
seed_20616,27.20485,-97.36424,plastic,high,,2022-08-11,,noaa_seed_data,PAIS 15 mile,281
seed_20617,27.13337,-97.37409,plastic,high,,2022-08-09,,noaa_seed_data,PAIS 20 mile,239
seed_20618,27.06001,-97.37872,plastic,high,,2022-08-09,,noaa_seed_data,PAIS 25 mile,179
seed_20619,26.9884,-97.37806,plastic,high,,2022-08-23,,noaa_seed_data,PAIS 30 mile,380
seed_20620,26.9158,-97.37153,plastic,high,,2022-08-23,,noaa_seed_data,PAIS 35 mile,105
seed_20621,26.8442,-97.3594,plastic,high,,2022-08-24,,noaa_seed_data,PAIS 40 mile,79
seed_20622,26.7732,-97.34303,plastic,medium,,2022-08-24,,noaa_seed_data,PAIS 45 mile,55
seed_20623,26.70273,-97.32283,plastic,medium,,2022-08-23,,noaa_seed_data,PAIS 50 mile,31
seed_20624,26.63282,-97.30119,plastic,medium,,2022-08-24,,noaa_seed_data,PAIS 55 mile,41
seed_20625,26.56623,-97.27719,plastic,medium,,2022-08-24,,noaa_seed_data,PAIS 60 mile,42
seed_20656,44.196691,-124.114842,plastic,low,https://portal.diver.orr.noaa.gov/pentaho/mdmap/photo-files/20656,2022-09-16,,noaa_seed_data,North Ocean Beach CoastWatch Mile 184,0
seed_20657,46.0891,-123.9409,plastic,low,https://portal.diver.orr.noaa.gov/pentaho/mdmap/photo-files/20657,2022-09-21,,noaa_seed_data,Sunset Beach CoastWatch Mile 330,12
seed_20658,27.4829127,-97.2718,plastic,high,,2022-09-07,,noaa_seed_data,PAIS North Beach,432
seed_20659,27.41662,-97.30084,plastic,high,,2022-09-20,,noaa_seed_data,PAIS 0 mile,533
seed_20660,27.3467,-97.32692,plastic,high,,2022-09-14,,noaa_seed_data,PAIS 05 mile,548
seed_20661,44.674755,-124.07733,plastic,low,,2022-09-25,,noaa_seed_data,"Cobble Beach, Yaquina Head Outstanding Natural Area",6
seed_20662,27.27659,-97.34788,plastic,high,,2022-09-14,,noaa_seed_data,PAIS 10 mile,699
seed_20663,27.20485,-97.36424,plastic,high,,2022-09-14,,noaa_seed_data,PAIS 15 mile,377
seed_20664,27.13337,-97.37409,plastic,high,,2022-09-22,,noaa_seed_data,PAIS 20 mile,313
seed_20665,27.06001,-97.37872,plastic,high,,2022-09-22,,noaa_seed_data,PAIS 25 mile,353
seed_20666,26.9884,-97.37806,plastic,high,,2022-09-22,,noaa_seed_data,PAIS 30 mile,615
seed_20667,26.9158,-97.37153,plastic,high,,2022-09-22,,noaa_seed_data,PAIS 35 mile,146
seed_20668,26.8442,-97.3594,plastic,high,,2022-09-21,,noaa_seed_data,PAIS 40 mile,114
seed_20669,26.7732,-97.34303,plastic,high,,2022-09-21,,noaa_seed_data,PAIS 45 mile,80
seed_20670,26.70273,-97.32283,plastic,medium,,2022-09-21,,noaa_seed_data,PAIS 50 mile,60
seed_20671,26.63282,-97.30119,plastic,medium,,2022-09-21,,noaa_seed_data,PAIS 55 mile,63
seed_20672,26.56623,-97.27719,plastic,high,,2022-09-21,,noaa_seed_data,PAIS 60 mile,163
seed_20673,29.36644,-94.813126,rubber,high,https://portal.diver.orr.noaa.gov/pentaho/mdmap/photo-files/20673,2022-09-28,,noaa_seed_data,Texas City Dike,170
seed_20674,29.37183,-94.8285,plastic,medium,https://portal.diver.orr.noaa.gov/pentaho/mdmap/photo-files/20674,2022-09-28,,noaa_seed_data,Texas City Dike (North),52
seed_20675,34.213423,-77.788777,plastic,high,,2022-10-01,,noaa_seed_data,Johnnie Mercer's Pier,97
seed_20676,45.105253,-123.985534,plastic,low,,2022-10-02,,noaa_seed_data,Neskowin Beach CoastWatch Mile 253,6
seed_20677,45.89568,-123.96493,plastic,medium,,2022-07-25,,noaa_seed_data,Haystack Rock,27
seed_20678,45.89568,-123.96493,plastic,medium,,2022-08-23,,noaa_seed_data,Haystack Rock,24
seed_20679,29.312992,-94.820746,plastic,high,https://portal.diver.orr.noaa.gov/pentaho/mdmap/photo-files/20679,2022-09-25,,noaa_seed_data,TAMUG Shell Beach 2,292
seed_20680,29.31402,-94.821989,plastic,high,https://portal.diver.orr.noaa.gov/pentaho/mdmap/photo-files/20680,2022-09-20,,noaa_seed_data,Shell Beach (TAMUG),119
seed_20681,27.4829127,-97.2718,plastic,high,,2022-10-03,,noaa_seed_data,PAIS North Beach,236
seed_20683,44.453267,-124.083248,plastic,low,https://portal.diver.orr.noaa.gov/pentaho/mdmap/photo-files/20683,2022-10-10,,noaa_seed_data,Sandpiper Beach,6
seed_20684,26.89248,-80.05652,plastic,high,,2022-10-12,,noaa_seed_data,Juno Beach Access 20,152
seed_20685,26.89248,-80.05652,plastic,high,,2021-05-19,,noaa_seed_data,Juno Beach Access 20,68
seed_20686,26.89248,-80.05652,plastic,medium,,2022-06-08,,noaa_seed_data,Juno Beach Access 20,56
seed_20687,29.334012,-94.780574,plastic,high,https://portal.diver.orr.noaa.gov/pentaho/mdmap/photo-files/20687,2022-10-12,,noaa_seed_data,Seawolf Park,89
seed_20689,27.41662,-97.30084,plastic,high,,2022-10-13,,noaa_seed_data,PAIS 0 mile,105
seed_20690,27.3467,-97.32692,plastic,high,,2022-10-13,,noaa_seed_data,PAIS 05 mile,350
seed_20691,27.27659,-97.34788,plastic,high,,2022-10-12,,noaa_seed_data,PAIS 10 mile,339
seed_20692,27.20485,-97.36424,plastic,high,,2022-10-11,,noaa_seed_data,PAIS 15 mile,137
seed_20693,27.13337,-97.37409,plastic,high,,2022-10-12,,noaa_seed_data,PAIS 20 mile,956
seed_20694,27.06001,-97.37872,plastic,high,,2022-10-11,,noaa_seed_data,PAIS 25 mile,665
seed_20695,46.214249,-124.004412,plastic,low,,2022-10-19,,noaa_seed_data,Fort Stevens,12
seed_20696,46.436928,-124.059664,plastic,medium,,2022-08-01,,noaa_seed_data,Klipsan,23
seed_20697,46.436928,-124.059664,plastic,medium,,2022-09-29,,noaa_seed_data,Klipsan,17
seed_20698,46.436928,-124.059664,plastic,low,,2022-08-31,,noaa_seed_data,Klipsan,9
seed_20699,42.080609,-70.2199812,plastic,medium,,2022-09-06,,noaa_seed_data,Race Point Beach,17
seed_20700,42.049436658318776,-70.18710407286827,plastic,medium,,2022-09-06,,noaa_seed_data,Ryder Street Beach ,56
seed_20701,29.36644,-94.813126,plastic,medium,https://portal.diver.orr.noaa.gov/pentaho/mdmap/photo-files/20701,2022-10-26,,noaa_seed_data,Texas City Dike,50
seed_20702,29.37183,-94.8285,plastic,medium,https://portal.diver.orr.noaa.gov/pentaho/mdmap/photo-files/20702,2022-10-26,,noaa_seed_data,Texas City Dike (North),34
seed_20703,42.7869,-78.8541,plastic,medium,https://portal.diver.orr.noaa.gov/pentaho/mdmap/photo-files/20703,2022-08-17,,noaa_seed_data,Woodlawn Beach ,49
seed_20704,42.841406,-78.859441,plastic,high,https://portal.diver.orr.noaa.gov/pentaho/mdmap/photo-files/20704,2022-08-17,,noaa_seed_data,Gallagher Beach ,71
seed_20705,44.674755,-124.07733,plastic,low,,2022-10-28,,noaa_seed_data,"Cobble Beach, Yaquina Head Outstanding Natural Area",8
seed_20706,42.080609,-70.2199812,plastic,medium,,2022-10-06,,noaa_seed_data,Race Point Beach,44
seed_20707,42.049436658318776,-70.18710407286827,plastic,medium,,2022-10-06,,noaa_seed_data,Ryder Street Beach ,38
seed_20708,22.334222,120.359761,plastic,medium,https://portal.diver.orr.noaa.gov/pentaho/mdmap/photo-files/20708,2022-11-04,,noaa_seed_data,"Venice Beach (威尼斯沙灘), between the two stair access.",41
seed_20709,29.334012,-94.780574,plastic,medium,https://portal.diver.orr.noaa.gov/pentaho/mdmap/photo-files/20709,2022-11-09,,noaa_seed_data,Seawolf Park,57
seed_20710,29.312992,-94.820746,plastic,high,https://portal.diver.orr.noaa.gov/pentaho/mdmap/photo-files/20710,2022-10-30,,noaa_seed_data,TAMUG Shell Beach 2,153
seed_20712,44.453267,-124.083248,plastic,medium,https://portal.diver.orr.noaa.gov/pentaho/mdmap/photo-files/20712,2022-11-09,,noaa_seed_data,Sandpiper Beach,35
seed_20713,49.3572,-124.46329,cloth-fabric,low,https://portal.diver.orr.noaa.gov/pentaho/mdmap/photo-files/20713,2022-11-04,,noaa_seed_data,Qualicum Beach (North end of main beach),2
seed_20714,49.355038,-124.365214,plastic,low,https://portal.diver.orr.noaa.gov/pentaho/mdmap/photo-files/20714,2022-11-04,,noaa_seed_data,Columbia Beach,13
seed_20715,45.640446,-123.94242,plastic,medium,,2022-11-13,,noaa_seed_data,"Manhattan Beach, Rockaway - SS",26
seed_20717,27.4829127,-97.2718,plastic,medium,,2022-11-04,,noaa_seed_data,PAIS North Beach,62
seed_20718,27.41662,-97.30084,plastic,medium,,2022-11-07,,noaa_seed_data,PAIS 0 mile,55
seed_20719,27.3467,-97.32692,plastic,high,,2022-11-07,,noaa_seed_data,PAIS 05 mile,154
seed_20720,27.27659,-97.34788,plastic,high,,2022-11-08,,noaa_seed_data,PAIS 10 mile,322
seed_20721,27.20485,-97.36424,plastic,high,,2022-11-08,,noaa_seed_data,PAIS 15 mile,128
seed_20722,27.13337,-97.37409,plastic,high,,2022-11-09,,noaa_seed_data,PAIS 20 mile,218
seed_20723,27.06001,-97.37872,plastic,high,,2022-11-09,,noaa_seed_data,PAIS 25 mile,287
seed_20724,46.214249,-124.004412,plastic,low,https://portal.diver.orr.noaa.gov/pentaho/mdmap/photo-files/20724,2022-11-16,,noaa_seed_data,Fort Stevens,2
seed_20725,44.674755,-124.07733,plastic,low,,2022-11-19,,noaa_seed_data,"Cobble Beach, Yaquina Head Outstanding Natural Area",13
seed_20726,31.811449,-116.610084,plastic,high,https://portal.diver.orr.noaa.gov/pentaho/mdmap/photo-files/20726,2022-11-19,,noaa_seed_data,Playa Pacífica,92
seed_20727,29.31402,-94.821989,plastic,high,https://portal.diver.orr.noaa.gov/pentaho/mdmap/photo-files/20727,2022-11-11,,noaa_seed_data,Shell Beach (TAMUG),71
seed_20729,29.312992,-94.820746,plastic,high,https://portal.diver.orr.noaa.gov/pentaho/mdmap/photo-files/20729,2022-11-20,,noaa_seed_data,TAMUG Shell Beach 2,161
seed_20730,29.36644,-94.813126,plastic,medium,https://portal.diver.orr.noaa.gov/pentaho/mdmap/photo-files/20730,2022-11-23,,noaa_seed_data,Texas City Dike,64
seed_20731,29.37183,-94.8285,plastic,medium,https://portal.diver.orr.noaa.gov/pentaho/mdmap/photo-files/20731,2022-11-23,,noaa_seed_data,Texas City Dike (North),62
seed_20732,41.38435,-82.51541,plastic,medium,https://portal.diver.orr.noaa.gov/pentaho/mdmap/photo-files/20732,2022-11-01,,noaa_seed_data,Old Woman Creek Beach,33
seed_20733,44.935614,-124.024746,plastic,low,,2022-11-24,,noaa_seed_data,Taft,0
seed_20734,42.080609,-70.2199812,plastic,medium,,2022-10-31,,noaa_seed_data,Race Point Beach,26
seed_20735,42.049436658318776,-70.18710407286827,plastic,medium,,2022-10-31,,noaa_seed_data,Ryder Street Beach ,43
seed_20736,44.453267,-124.083248,plastic,medium,https://portal.diver.orr.noaa.gov/pentaho/mdmap/photo-files/20736,2022-12-07,,noaa_seed_data,Sandpiper Beach,29
seed_20737,27.4829127,-97.2718,plastic,high,,2022-12-05,,noaa_seed_data,PAIS North Beach,110
seed_20738,27.41662,-97.30084,plastic,medium,,2022-12-08,,noaa_seed_data,PAIS 0 mile,18
seed_20739,27.3467,-97.32692,plastic,medium,,2022-12-08,,noaa_seed_data,PAIS 05 mile,60
seed_20740,26.9884,-97.37806,plastic,high,,2022-12-07,,noaa_seed_data,PAIS 30 mile,147
seed_20741,26.9158,-97.37153,plastic,high,,2022-12-07,,noaa_seed_data,PAIS 35 mile,78
seed_20742,26.8442,-97.3594,plastic,medium,,2022-12-07,,noaa_seed_data,PAIS 40 mile,57
seed_20743,26.7732,-97.34303,plastic,medium,,2022-12-07,,noaa_seed_data,PAIS 45 mile,46
seed_20744,26.70273,-97.32283,plastic,medium,,2022-12-06,,noaa_seed_data,PAIS 50 mile,27
seed_20746,26.56623,-97.27719,plastic,low,,2022-12-06,,noaa_seed_data,PAIS 60 mile,12
seed_20747,33.4608,-117.67858,plastic,high,https://portal.diver.orr.noaa.gov/pentaho/mdmap/photo-files/20747,2022-11-26,,noaa_seed_data,Doheny Beach,133
seed_20748,42.080609,-70.2199812,plastic,low,,2022-12-01,,noaa_seed_data,Race Point Beach,6
seed_20749,42.049436658318776,-70.18710407286827,plastic,medium,,2022-12-01,,noaa_seed_data,Ryder Street Beach ,25
seed_20750,27.27659,-97.34788,plastic,high,,2022-12-12,,noaa_seed_data,PAIS 10 mile,170
seed_20751,27.20485,-97.36424,plastic,medium,,2022-12-12,,noaa_seed_data,PAIS 15 mile,24
seed_20752,27.13337,-97.37409,plastic,high,,2022-12-12,,noaa_seed_data,PAIS 20 mile,101
seed_20753,27.06001,-97.37872,plastic,high,,2022-12-12,,noaa_seed_data,PAIS 25 mile,181
seed_20754,18.973919,-155.599356,plastic,high,https://portal.diver.orr.noaa.gov/pentaho/mdmap/photo-files/20754,2022-12-01,,noaa_seed_data,Kamilo Point (Kamilo Pae Kanaka),202
seed_20755,29.334012,-94.780574,plastic,high,https://portal.diver.orr.noaa.gov/pentaho/mdmap/photo-files/20755,2022-12-14,,noaa_seed_data,Seawolf Park,148
seed_20756,46.436928,-124.059664,plastic,low,https://portal.diver.orr.noaa.gov/pentaho/mdmap/photo-files/20756,2022-12-01,,noaa_seed_data,Klipsan,9
seed_20757,31.839821,-116.611928,plastic,high,https://portal.diver.orr.noaa.gov/pentaho/mdmap/photo-files/20757,2022-12-17,,noaa_seed_data,Playa Hermosa,211
seed_20760,41.56472,-82.81018,plastic,medium,https://portal.diver.orr.noaa.gov/pentaho/mdmap/photo-files/20760,2022-12-14,,noaa_seed_data,East Harbor State Park - West End,27
seed_20761,27.53198,-82.64666,plastic,low,https://portal.diver.orr.noaa.gov/pentaho/mdmap/photo-files/20761,2022-12-11,,noaa_seed_data,Emerson Point Boat Ramp,5
seed_20762,27.495977,-82.65799,plastic,low,https://portal.diver.orr.noaa.gov/pentaho/mdmap/photo-files/20762,2022-12-12,,noaa_seed_data,Palma Sola Parkway (S),7
seed_20763,27.49648,-82.64938,processed-lumber,low,https://portal.diver.orr.noaa.gov/pentaho/mdmap/photo-files/20763,2022-12-16,,noaa_seed_data,Palma Sola Parkway (N),1
seed_20764,46.214249,-124.004412,plastic,low,https://portal.diver.orr.noaa.gov/pentaho/mdmap/photo-files/20764,2022-12-19,,noaa_seed_data,Fort Stevens,5
seed_20765,27.534777,-82.734727,plastic,low,https://portal.diver.orr.noaa.gov/pentaho/mdmap/photo-files/20765,2022-12-20,,noaa_seed_data,Anna Maria Island Bayfront Park,5
seed_20766,27.537971,-82.739714,plastic,low,https://portal.diver.orr.noaa.gov/pentaho/mdmap/photo-files/20766,2022-12-20,,noaa_seed_data,Anna Maria Island Rod & Reel Pier,8
seed_20774,27.441978,-82.68799,plastic,low,https://portal.diver.orr.noaa.gov/pentaho/mdmap/photo-files/20774,2022-12-21,,noaa_seed_data,Gibby Point at Longboat Key,1
seed_20775,46.436928,-124.059664,plastic,medium,,2022-10-31,,noaa_seed_data,Klipsan,19
seed_20776,29.076328,-80.924251,plastic,medium,,2022-08-30,,noaa_seed_data,Lighthouse Point Park,15
seed_20777,29.07619,-80.92448,plastic,low,https://portal.diver.orr.noaa.gov/pentaho/mdmap/photo-files/20777,2022-12-28,,noaa_seed_data,Lighthouse Point Park II,5
seed_20778,29.36644,-94.813126,plastic,medium,https://portal.diver.orr.noaa.gov/pentaho/mdmap/photo-files/20778,2022-12-28,,noaa_seed_data,Texas City Dike,64
seed_20779,29.37183,-94.8285,plastic,high,https://portal.diver.orr.noaa.gov/pentaho/mdmap/photo-files/20779,2022-12-28,,noaa_seed_data,Texas City Dike (North),77
seed_20780,27.33598,-82.57258,plastic,low,https://portal.diver.orr.noaa.gov/pentaho/mdmap/photo-files/20780,2022-12-27,,noaa_seed_data,City Island Beach ,5
seed_20781,27.65401,-82.6754,plastic,low,https://portal.diver.orr.noaa.gov/pentaho/mdmap/photo-files/20781,2023-01-01,,noaa_seed_data,Sunshine Skyway Bridge east beach ,5
seed_20782,27.62048,-82.7374,plastic,low,https://portal.diver.orr.noaa.gov/pentaho/mdmap/photo-files/20782,2023-01-01,,noaa_seed_data,Sunshine Skyway Bridge west beach ,6
seed_20783,27.62048,-82.7374,plastic,low,https://portal.diver.orr.noaa.gov/pentaho/mdmap/photo-files/20783,2023-01-01,,noaa_seed_data,Fort De Soto Park north beach ,6
seed_20784,27.62287,-82.71087,plastic,low,https://portal.diver.orr.noaa.gov/pentaho/mdmap/photo-files/20784,2023-01-02,,noaa_seed_data,Fort De Soto Park picnic shelter 13,5
seed_20785,27.63382,-82.7006,plastic,low,https://portal.diver.orr.noaa.gov/pentaho/mdmap/photo-files/20785,2023-01-02,,noaa_seed_data,Fort De Soto Park east beach ,9
seed_20786,45.105253,-123.985534,plastic,low,,2023-01-01,,noaa_seed_data,Neskowin Beach CoastWatch Mile 253,2
seed_20787,45.105253,-123.985534,plastic,low,,2022-11-13,,noaa_seed_data,Neskowin Beach CoastWatch Mile 253,1
seed_20788,45.105253,-123.985534,plastic,low,,2022-12-05,,noaa_seed_data,Neskowin Beach CoastWatch Mile 253,0
seed_20790,44.935614,-124.024746,plastic,high,https://portal.diver.orr.noaa.gov/pentaho/mdmap/photo-files/20790,2022-12-30,,noaa_seed_data,Taft,82
seed_20791,27.4829127,-97.2718,plastic,high,,2023-01-02,,noaa_seed_data,PAIS North Beach,145
seed_20792,29.334012,-94.780574,plastic,high,https://portal.diver.orr.noaa.gov/pentaho/mdmap/photo-files/20792,2023-01-04,,noaa_seed_data,Seawolf Park,113
seed_20793,45.362691,-123.971452,plastic,low,https://portal.diver.orr.noaa.gov/pentaho/mdmap/photo-files/20793,2023-01-04,,noaa_seed_data,Cape Lookout,5
seed_20794,29.312992,-94.820746,plastic,high,https://portal.diver.orr.noaa.gov/pentaho/mdmap/photo-files/20794,2022-12-31,,noaa_seed_data,TAMUG Shell Beach 2,339
seed_20795,29.31402,-94.821989,plastic,high,https://portal.diver.orr.noaa.gov/pentaho/mdmap/photo-files/20795,2022-12-12,,noaa_seed_data,Shell Beach (TAMUG),82
seed_20796,18.973919,-155.599356,plastic,high,https://portal.diver.orr.noaa.gov/pentaho/mdmap/photo-files/20796,2023-01-07,,noaa_seed_data,Kamilo Point (Kamilo Pae Kanaka),177
seed_20798,40.5977653,-74.055449329,plastic,medium,,2022-12-29,,noaa_seed_data,Anarchy Beach Fort Wadsworth,47
seed_20799,44.453267,-124.083248,plastic,high,https://portal.diver.orr.noaa.gov/pentaho/mdmap/photo-files/20799,2023-01-10,,noaa_seed_data,Sandpiper Beach,252
seed_20803,27.41662,-97.30084,plastic,medium,,2023-01-09,,noaa_seed_data,PAIS 0 mile,29
seed_20804,27.3467,-97.32692,plastic,medium,,2023-01-11,,noaa_seed_data,PAIS 05 mile,46
seed_20805,27.27659,-97.34788,plastic,high,,2023-01-11,,noaa_seed_data,PAIS 10 mile,132
seed_20806,27.13337,-97.37409,plastic,high,,2023-01-10,,noaa_seed_data,PAIS 20 mile,141
seed_20807,27.06001,-97.37872,plastic,high,,2023-01-10,,noaa_seed_data,PAIS 25 mile,137
seed_20812,48.15015,-123.55581,plastic,medium,https://portal.diver.orr.noaa.gov/pentaho/mdmap/photo-files/20812,2023-01-17,,noaa_seed_data,Elwha East,35
seed_20817,27.20485,-97.36424,plastic,high,,2023-01-17,,noaa_seed_data,PAIS 15 mile,79
seed_20818,46.214249,-124.004412,plastic,low,https://portal.diver.orr.noaa.gov/pentaho/mdmap/photo-files/20818,2023-01-17,,noaa_seed_data,Fort Stevens,13
seed_20820,30.268611,-87.582778,plastic,medium,https://portal.diver.orr.noaa.gov/pentaho/mdmap/photo-files/20820,2023-01-10,,noaa_seed_data,Cotton Bayou Beach access,21
seed_20821,30.2279111209,-87.83247046,plastic,low,,2023-01-10,,noaa_seed_data,Mobile Street,1
seed_20822,30.23167,-88.01822,plastic,low,,2023-01-10,,noaa_seed_data,Fort Morgan Fort Entrance,14
seed_20823,41.38435,-82.51541,plastic,low,,2023-01-24,,noaa_seed_data,Old Woman Creek Beach,10
seed_20824,26.89248,-80.05652,plastic,high,,2023-01-11,,noaa_seed_data,Juno Beach Access 20,281
seed_20825,44.674755,-124.07733,metal,low,,2023-01-28,,noaa_seed_data,"Cobble Beach, Yaquina Head Outstanding Natural Area",12
seed_20826,29.36644,-94.813126,plastic,medium,https://portal.diver.orr.noaa.gov/pentaho/mdmap/photo-files/20826,2023-01-25,,noaa_seed_data,Texas City Dike,33
seed_20827,29.37183,-94.8285,plastic,high,https://portal.diver.orr.noaa.gov/pentaho/mdmap/photo-files/20827,2023-01-25,,noaa_seed_data,Texas City Dike (North),68
seed_20828,44.935614,-124.024746,plastic,low,,2023-01-30,,noaa_seed_data,Taft,0
seed_20829,29.334515,-94.742273,plastic,high,https://portal.diver.orr.noaa.gov/pentaho/mdmap/photo-files/20829,2023-02-04,,noaa_seed_data,East End Shipping Channel,118
seed_20830,41.56472,-82.81018,plastic,low,https://portal.diver.orr.noaa.gov/pentaho/mdmap/photo-files/20830,2023-01-18,,noaa_seed_data,East Harbor State Park - West End,14
seed_20831,49.3572,-124.46329,glass,low,,2023-02-06,,noaa_seed_data,Qualicum Beach (North end of main beach),6
seed_20832,49.355038,-124.365214,plastic,low,https://portal.diver.orr.noaa.gov/pentaho/mdmap/photo-files/20832,2023-02-06,,noaa_seed_data,Columbia Beach,5
seed_20833,44.453267,-124.083248,plastic,high,https://portal.diver.orr.noaa.gov/pentaho/mdmap/photo-files/20833,2023-02-08,,noaa_seed_data,Sandpiper Beach,131
seed_20834,45.105253,-123.985534,plastic,low,,2023-02-12,,noaa_seed_data,Neskowin Beach CoastWatch Mile 253,0
seed_20835,18.458437,-66.137218,plastic,high,https://portal.diver.orr.noaa.gov/pentaho/mdmap/photo-files/20835,2023-02-11,,noaa_seed_data,Parque La Esperanza,794
seed_20836,18.32374,-64.84339119527246,plastic,high,https://portal.diver.orr.noaa.gov/pentaho/mdmap/photo-files/20836,2023-02-07,,noaa_seed_data,Vessup,106
seed_20837,18.1908,-67.158955,plastic,low,https://portal.diver.orr.noaa.gov/pentaho/mdmap/photo-files/20837,2023-02-09,,noaa_seed_data,Guanajibo/Milenio,11
seed_20838,27.4829127,-97.2718,plastic,high,,2023-02-06,,noaa_seed_data,PAIS North Beach,132
seed_20839,27.41662,-97.30084,plastic,low,,2023-02-07,,noaa_seed_data,PAIS 0 mile,9
seed_20840,27.3467,-97.32692,plastic,high,,2023-02-07,,noaa_seed_data,PAIS 05 mile,69
seed_20841,27.27659,-97.34788,plastic,high,,2023-02-07,,noaa_seed_data,PAIS 10 mile,241
seed_20842,27.06001,-97.37872,plastic,high,,2023-02-08,,noaa_seed_data,PAIS 25 mile,112
seed_20843,26.9884,-97.37806,plastic,high,,2023-02-08,,noaa_seed_data,PAIS 30 mile,128
seed_20844,26.63282,-97.30119,plastic,high,,2023-02-09,,noaa_seed_data,PAIS 55 mile,185
seed_20845,26.56623,-97.27719,plastic,medium,,2023-02-09,,noaa_seed_data,PAIS 60 mile,19
seed_20846,33.4608,-117.67858,plastic,medium,https://portal.diver.orr.noaa.gov/pentaho/mdmap/photo-files/20846,2023-01-29,,noaa_seed_data,Doheny Beach,25
seed_20847,45.037817,-124.006411,plastic,high,https://portal.diver.orr.noaa.gov/pentaho/mdmap/photo-files/20847,2023-02-14,,noaa_seed_data,Salmon River Spit,107
seed_20848,30.268611,-87.582778,plastic,low,https://portal.diver.orr.noaa.gov/pentaho/mdmap/photo-files/20848,2023-02-10,,noaa_seed_data,Cotton Bayou Beach access,9
seed_20849,30.2279111209,-87.83247046,plastic,low,,2023-02-07,,noaa_seed_data,Mobile Street,1
seed_20850,30.23167,-88.01822,plastic,low,,2023-02-07,,noaa_seed_data,Fort Morgan Fort Entrance,8
seed_20851,29.312992,-94.820746,plastic,high,https://portal.diver.orr.noaa.gov/pentaho/mdmap/photo-files/20851,2023-02-05,,noaa_seed_data,TAMUG Shell Beach 2,188
seed_20852,46.214249,-124.004412,plastic,medium,,2023-02-15,,noaa_seed_data,Fort Stevens,36
seed_20853,27.20485,-97.36424,plastic,high,,2023-02-21,,noaa_seed_data,PAIS 15 mile,88
seed_20854,27.13337,-97.37409,plastic,high,,2023-02-21,,noaa_seed_data,PAIS 20 mile,230
seed_20855,26.9158,-97.37153,plastic,high,,2023-02-16,,noaa_seed_data,PAIS 35 mile,87
seed_20856,26.8442,-97.3594,plastic,medium,,2023-02-16,,noaa_seed_data,PAIS 40 mile,64
seed_20857,48.14447,-123.56974,plastic,low,,2023-01-16,,noaa_seed_data,Elwha West,0
seed_20858,26.7732,-97.34303,plastic,high,,2023-02-16,,noaa_seed_data,PAIS 45 mile,74
seed_20859,26.70273,-97.32283,plastic,medium,,2023-02-16,,noaa_seed_data,PAIS 50 mile,44
seed_20860,41.56472,-82.81018,plastic,low,https://portal.diver.orr.noaa.gov/pentaho/mdmap/photo-files/20860,2023-02-15,,noaa_seed_data,East Harbor State Park - West End,8
seed_20861,45.362691,-123.971452,plastic,low,https://portal.diver.orr.noaa.gov/pentaho/mdmap/photo-files/20861,2023-02-10,,noaa_seed_data,Cape Lookout,13
seed_20862,41.38435,-82.51541,plastic,low,https://portal.diver.orr.noaa.gov/pentaho/mdmap/photo-files/20862,2023-02-23,,noaa_seed_data,Old Woman Creek Beach,7
seed_20863,29.36644,-94.813126,plastic,high,https://portal.diver.orr.noaa.gov/pentaho/mdmap/photo-files/20863,2023-02-22,,noaa_seed_data,Texas City Dike,106
seed_20864,29.37183,-94.8285,plastic,high,https://portal.diver.orr.noaa.gov/pentaho/mdmap/photo-files/20864,2023-02-22,,noaa_seed_data,Texas City Dike (North),118
seed_20865,29.334012,-94.780574,plastic,high,https://portal.diver.orr.noaa.gov/pentaho/mdmap/photo-files/20865,2023-02-26,,noaa_seed_data,Seawolf Park,170
seed_20866,22.826108,121.191409,plastic,high,https://portal.diver.orr.noaa.gov/pentaho/mdmap/photo-files/20866,2023-03-04,,noaa_seed_data,ShanYuanWan Southern Reef Beach,193
seed_20870,18.973919,-155.599356,plastic,high,https://portal.diver.orr.noaa.gov/pentaho/mdmap/photo-files/20870,2023-02-25,,noaa_seed_data,Kamilo Point (Kamilo Pae Kanaka),344
seed_20877,31.839821,-116.611928,plastic,high,https://portal.diver.orr.noaa.gov/pentaho/mdmap/photo-files/20877,2023-03-06,,noaa_seed_data,Playa Hermosa,147
seed_20882,27.4829127,-97.2718,plastic,high,,2023-03-03,,noaa_seed_data,PAIS North Beach,139
seed_20884,44.453267,-124.083248,plastic,high,https://portal.diver.orr.noaa.gov/pentaho/mdmap/photo-files/20884,2023-03-08,,noaa_seed_data,Sandpiper Beach,139
seed_20887,29.334012,-94.780574,plastic,high,https://portal.diver.orr.noaa.gov/pentaho/mdmap/photo-files/20887,2023-03-08,,noaa_seed_data,Seawolf Park,75
seed_20888,29.31402,-94.821989,plastic,high,https://portal.diver.orr.noaa.gov/pentaho/mdmap/photo-files/20888,2023-03-02,,noaa_seed_data,Shell Beach (TAMUG),135
seed_20889,29.312992,-94.820746,plastic,high,https://portal.diver.orr.noaa.gov/pentaho/mdmap/photo-files/20889,2023-02-25,,noaa_seed_data,TAMUG Shell Beach 2,480
seed_20893,27.41662,-97.30084,plastic,high,,2023-03-13,,noaa_seed_data,PAIS 0 mile,88
seed_20894,42.741339,-124.489849,cloth-fabric,medium,https://portal.diver.orr.noaa.gov/pentaho/mdmap/photo-files/20894,2022-06-06,,noaa_seed_data,Battle Rock Beach,34
seed_20897,29.334515,-94.742273,plastic,high,https://portal.diver.orr.noaa.gov/pentaho/mdmap/photo-files/20897,2023-03-04,,noaa_seed_data,East End Shipping Channel,375
seed_20898,33.016232,-118.5966212,plastic,medium,https://portal.diver.orr.noaa.gov/pentaho/mdmap/photo-files/20898,2022-03-09,,noaa_seed_data,West Cove,23
seed_20899,33.016232,-118.5966212,plastic,medium,https://portal.diver.orr.noaa.gov/pentaho/mdmap/photo-files/20899,2023-03-08,,noaa_seed_data,West Cove,40
seed_20900,29.07619,-80.92448,plastic,low,,2023-01-10,,noaa_seed_data,Lighthouse Point Park II,12
seed_20901,29.07619,-80.92448,plastic,medium,,2023-02-14,,noaa_seed_data,Lighthouse Point Park II,19
seed_20902,29.07619,-80.92448,plastic,medium,,2023-03-06,,noaa_seed_data,Lighthouse Point Park II,31
seed_20908,46.214249,-124.004412,plastic,low,,2023-03-15,,noaa_seed_data,Fort Stevens,3
seed_20909,44.674755,-124.07733,plastic,medium,,2023-03-18,,noaa_seed_data,"Cobble Beach, Yaquina Head Outstanding Natural Area",35
seed_20910,27.62048,-82.7374,plastic,low,https://portal.diver.orr.noaa.gov/pentaho/mdmap/photo-files/20910,2023-03-19,,noaa_seed_data,Fort De Soto Park north beach ,5
seed_20911,27.62287,-82.71087,plastic,low,https://portal.diver.orr.noaa.gov/pentaho/mdmap/photo-files/20911,2023-03-19,,noaa_seed_data,Fort De Soto Park picnic shelter 13,6
seed_20912,27.63382,-82.7006,plastic,low,https://portal.diver.orr.noaa.gov/pentaho/mdmap/photo-files/20912,2023-03-19,,noaa_seed_data,Fort De Soto Park east beach ,4
seed_20913,27.62048,-82.7374,plastic,low,https://portal.diver.orr.noaa.gov/pentaho/mdmap/photo-files/20913,2023-03-18,,noaa_seed_data,Sunshine Skyway Bridge west beach ,3
seed_20914,27.65401,-82.6754,plastic,low,https://portal.diver.orr.noaa.gov/pentaho/mdmap/photo-files/20914,2023-03-19,,noaa_seed_data,Sunshine Skyway Bridge east beach ,3
seed_20916,31.811449,-116.610084,plastic,high,https://portal.diver.orr.noaa.gov/pentaho/mdmap/photo-files/20916,2023-03-18,,noaa_seed_data,Playa Pacífica,107
seed_20922,27.49648,-82.64938,other,low,https://portal.diver.orr.noaa.gov/pentaho/mdmap/photo-files/20922,2023-03-20,,noaa_seed_data,Palma Sola Parkway (N),1
seed_20923,27.495977,-82.65799,plastic,low,https://portal.diver.orr.noaa.gov/pentaho/mdmap/photo-files/20923,2023-03-20,,noaa_seed_data,Palma Sola Parkway (S),3
seed_20924,47.22932222,-88.15101667,plastic,medium,,2022-06-02,,noaa_seed_data,Tobacco River Park,23
seed_20925,27.534777,-82.734727,plastic,low,https://portal.diver.orr.noaa.gov/pentaho/mdmap/photo-files/20925,2023-03-20,,noaa_seed_data,Anna Maria Island Bayfront Park,0
seed_20926,27.537971,-82.739714,plastic,low,https://portal.diver.orr.noaa.gov/pentaho/mdmap/photo-files/20926,2023-03-21,,noaa_seed_data,Anna Maria Island Rod & Reel Pier,1
seed_20927,27.53198,-82.64666,plastic,low,https://portal.diver.orr.noaa.gov/pentaho/mdmap/photo-files/20927,2023-03-21,,noaa_seed_data,Emerson Point Boat Ramp,2
seed_20931,27.441978,-82.68799,plastic,low,https://portal.diver.orr.noaa.gov/pentaho/mdmap/photo-files/20931,2023-03-21,,noaa_seed_data,Gibby Point at Longboat Key,0
seed_20932,27.33598,-82.57258,plastic,low,https://portal.diver.orr.noaa.gov/pentaho/mdmap/photo-files/20932,2023-03-21,,noaa_seed_data,City Island Beach ,0
seed_20933,41.56472,-82.81018,plastic,medium,,2023-03-22,,noaa_seed_data,East Harbor State Park - West End,15
seed_20934,44.935614,-124.024746,plastic,low,,2023-03-23,,noaa_seed_data,Taft,2
seed_20937,27.3467,-97.32692,plastic,high,,2023-03-23,,noaa_seed_data,PAIS 05 mile,181
seed_20938,30.23167,-88.01822,plastic,low,https://portal.diver.orr.noaa.gov/pentaho/mdmap/photo-files/20938,2023-03-14,,noaa_seed_data,Fort Morgan Fort Entrance,9
seed_20939,30.268611,-87.582778,plastic,low,,2023-03-14,,noaa_seed_data,Cotton Bayou Beach access,7
seed_20940,30.2279111209,-87.83247046,plastic,low,,2023-03-14,,noaa_seed_data,Mobile Street,0
seed_20942,27.27659,-97.34788,plastic,high,,2023-03-27,,noaa_seed_data,PAIS 10 mile,292
seed_20943,45.037817,-124.006411,plastic,medium,https://portal.diver.orr.noaa.gov/pentaho/mdmap/photo-files/20943,2023-03-24,,noaa_seed_data,Salmon River Spit,19
seed_20944,22.005821,-159.335868,plastic,medium,https://portal.diver.orr.noaa.gov/pentaho/mdmap/photo-files/20944,2023-03-25,,noaa_seed_data,"Nukolii Beach, Kauai",41
seed_20945,45.362691,-123.971452,plastic,medium,,2023-03-22,,noaa_seed_data,Cape Lookout,20
seed_20946,46.55687,-87.383431,other,low,,2022-05-31,,noaa_seed_data,Pebble Beach Marquette,4
seed_20947,46.574708,-87.393107,other,low,,2022-05-31,,noaa_seed_data,Clark Lambros,4
seed_20948,46.612529,-87.462423,other,low,,2022-05-31,,noaa_seed_data,Wetmore Landing,4
seed_20949,46.635695,-87.462633,plastic,low,,2022-05-31,,noaa_seed_data,Little Presque Isle,3
seed_20950,26.89248,-80.05652,plastic,high,,2023-03-29,,noaa_seed_data,Juno Beach Access 20,154
seed_20951,27.20485,-97.36424,plastic,high,,2023-03-27,,noaa_seed_data,PAIS 15 mile,205
seed_20952,27.13337,-97.37409,plastic,high,,2023-03-29,,noaa_seed_data,PAIS 20 mile,540
seed_20954,27.06001,-97.37872,plastic,high,,2023-03-29,,noaa_seed_data,PAIS 25 mile,419
seed_20955,45.105253,-123.985534,plastic,medium,https://portal.diver.orr.noaa.gov/pentaho/mdmap/photo-files/20955,2023-04-02,,noaa_seed_data,Neskowin Beach CoastWatch Mile 253,16
seed_20957,27.4829127,-97.2718,plastic,high,,2023-04-03,,noaa_seed_data,PAIS North Beach,236
seed_20959,46.53184,-87.390847,plastic,low,,2022-06-01,,noaa_seed_data,South Marquette #2,7
seed_20960,46.52878,-87.39144,plastic,medium,,2022-06-01,,noaa_seed_data,South Beach Marquette,21
seed_20961,46.85759,-88.3678,plastic,medium,,2022-06-02,,noaa_seed_data,Second Sand Beach,35
seed_20962,46.4375,-86.8175,processed-lumber,low,,2022-06-01,,noaa_seed_data,Scott Falls Roadside Park,11
seed_20963,46.490089,-87.210347,other,low,,2022-06-01,,noaa_seed_data,Roadside Park #2,2
seed_20964,41.38435,-82.51541,plastic,medium,,2023-03-29,,noaa_seed_data,Old Woman Creek Beach,39
seed_20965,46.488638,-87.231146,plastic,low,,2022-06-01,,noaa_seed_data,Roadside Park #1,4
seed_20966,46.556746,-87.383249,other,low,,2022-05-31,,noaa_seed_data,Picnic Rocks,3
seed_20967,46.584825,-87.389602,other,low,,2022-05-31,,noaa_seed_data,Middle Point Beach Actual,4
seed_20968,46.553768,-87.3825,plastic,low,,2022-06-01,,noaa_seed_data,McCarty's Cove,13
seed_20969,46.53549,-87.39398,other,low,,2022-05-31,,noaa_seed_data,Marquette South #1,1
seed_20970,29.312992,-94.820746,plastic,high,https://portal.diver.orr.noaa.gov/pentaho/mdmap/photo-files/20970,2023-03-26,,noaa_seed_data,TAMUG Shell Beach 2,372
seed_20971,49.355038,-124.365214,plastic,low,,2023-04-06,,noaa_seed_data,Columbia Beach,1
seed_20972,49.3572,-124.46329,other,low,,2023-04-06,,noaa_seed_data,Qualicum Beach (North end of main beach),1
seed_20973,46.445106,-86.664965,plastic,low,,2022-06-02,,noaa_seed_data,Grand Island Ferry,14
seed_20974,46.672653,-87.522258,plastic,low,,2022-05-31,,noaa_seed_data,Eagles Nest,3
seed_20975,46.4425,-86.706389,plastic,low,,2022-06-02,,noaa_seed_data,Bay Furnace,7
seed_20976,46.435,-86.861389,other,low,,2022-06-01,,noaa_seed_data,Au Train Boat Launch,3
seed_20977,29.36644,-94.813126,plastic,high,https://portal.diver.orr.noaa.gov/pentaho/mdmap/photo-files/20977,2023-03-29,,noaa_seed_data,Texas City Dike,69
seed_20978,29.37183,-94.8285,plastic,medium,,2023-03-29,,noaa_seed_data,Texas City Dike (North),34
seed_20979,48.49709,-122.55673,glass,high,https://portal.diver.orr.noaa.gov/pentaho/mdmap/photo-files/20979,2023-04-11,,noaa_seed_data,March Point - Padilla Bay National Estuarine Research Reserve,73
seed_20980,44.61044892202008,-124.07212753165189,plastic,medium,,2023-04-13,,noaa_seed_data,South Beach State Park - S of 1/2Mile trail,28
seed_20981,29.334012,-94.780574,plastic,high,https://portal.diver.orr.noaa.gov/pentaho/mdmap/photo-files/20981,2023-04-12,,noaa_seed_data,Seawolf Park,185
seed_20982,46.436928,-124.059664,plastic,medium,,2022-12-30,,noaa_seed_data,Klipsan,17
seed_20983,46.436928,-124.059664,plastic,medium,,2023-01-31,,noaa_seed_data,Klipsan,19
seed_20984,46.214249,-124.004412,plastic,low,https://portal.diver.orr.noaa.gov/pentaho/mdmap/photo-files/20984,2023-04-13,,noaa_seed_data,Fort Stevens,2
seed_20985,44.453267,-124.083248,plastic,high,https://portal.diver.orr.noaa.gov/pentaho/mdmap/photo-files/20985,2023-04-12,,noaa_seed_data,Sandpiper Beach,85
seed_20986,46.451481,-86.608431,plastic,low,,2022-06-02,,noaa_seed_data,Sand Point,7
seed_20987,46.565673,-90.421278,plastic,medium,,2022-05-31,,noaa_seed_data,Superior Falls,18
seed_20988,47.445365,-88.21686,plastic,medium,,2022-06-02,,noaa_seed_data,Great Sandy Bay Park,48
seed_20989,45.362691,-123.971452,plastic,medium,https://portal.diver.orr.noaa.gov/pentaho/mdmap/photo-files/20989,2023-04-11,,noaa_seed_data,Cape Lookout,36
seed_20990,46.436928,-124.059664,plastic,medium,https://portal.diver.orr.noaa.gov/pentaho/mdmap/photo-files/20990,2023-03-01,,noaa_seed_data,Klipsan,36
seed_20991,29.36644,-94.813126,plastic,high,https://portal.diver.orr.noaa.gov/pentaho/mdmap/photo-files/20991,2023-04-26,,noaa_seed_data,Texas City Dike,70
seed_20992,45.037817,-124.006411,plastic,medium,https://portal.diver.orr.noaa.gov/pentaho/mdmap/photo-files/20992,2023-04-26,,noaa_seed_data,Salmon River Spit,17
seed_20993,41.56472,-82.81018,plastic,medium,,2023-04-20,,noaa_seed_data,East Harbor State Park - West End,20
seed_20994,29.37183,-94.8285,plastic,high,https://portal.diver.orr.noaa.gov/pentaho/mdmap/photo-files/20994,2023-04-26,,noaa_seed_data,Texas City Dike (North),74
seed_20995,45.640446,-123.94242,plastic,low,,2023-04-25,,noaa_seed_data,"Manhattan Beach, Rockaway - SS",4
seed_20998,45.640446,-123.94242,plastic,medium,,2023-02-02,,noaa_seed_data,"Manhattan Beach, Rockaway - SS",34
seed_21000,18.973919,-155.599356,plastic,high,https://portal.diver.orr.noaa.gov/pentaho/mdmap/photo-files/21000,2023-04-01,,noaa_seed_data,Kamilo Point (Kamilo Pae Kanaka),70
seed_21001,46.466054,-84.905653,other,low,,2022-05-27,,noaa_seed_data,Sandbar Beach,4
seed_21002,46.901993,-89.254307,plastic,medium,,2022-06-01,,noaa_seed_data,Public Beach Access,15
seed_21003,46.503611,-87.36,plastic,low,,2022-06-01,,noaa_seed_data,Michigan Welcome Center,4
seed_21004,46.839591,-89.437134,plastic,medium,,2022-06-01,,noaa_seed_data,Green Park,15
seed_21005,46.771078,-84.95471,other,low,https://portal.diver.orr.noaa.gov/pentaho/mdmap/photo-files/21005,2022-05-25,,noaa_seed_data,Great Lakes Shipwreck,5
seed_21006,46.666831,-85.618106,other,low,,2022-05-24,,noaa_seed_data,Deer Park Beach,6
seed_21007,46.573948,-86.360766,other,low,https://portal.diver.orr.noaa.gov/pentaho/mdmap/photo-files/21007,2022-06-02,,noaa_seed_data,Bower Lake Beach,4
seed_21008,44.935614,-124.024746,plastic,low,,2023-04-23,,noaa_seed_data,Taft,1
seed_21009,27.4829127,-97.2718,plastic,high,,2023-05-01,,noaa_seed_data,PAIS North Beach,253
seed_21011,44.61044892202008,-124.07212753165189,plastic,medium,,2023-05-02,,noaa_seed_data,South Beach State Park - S of 1/2Mile trail,30
seed_21014,45.89568,-123.96493,plastic,medium,,2022-10-18,,noaa_seed_data,Haystack Rock,22
seed_21015,45.89568,-123.96493,plastic,medium,,2022-11-15,,noaa_seed_data,Haystack Rock,17
seed_21016,45.89568,-123.96493,plastic,medium,,2022-12-12,,noaa_seed_data,Haystack Rock,20
seed_21017,45.89568,-123.96493,plastic,medium,,2023-02-09,,noaa_seed_data,Haystack Rock,22
seed_21018,45.89568,-123.96493,plastic,medium,,2023-03-06,,noaa_seed_data,Haystack Rock,17
seed_21019,45.89568,-123.96493,plastic,medium,,2023-05-01,,noaa_seed_data,Haystack Rock,24
seed_21020,29.334515,-94.742273,plastic,high,,2023-04-01,,noaa_seed_data,East End Shipping Channel,166
seed_21021,44.61044892202008,-124.07212753165189,plastic,medium,,2023-05-09,,noaa_seed_data,South Beach State Park - S of 1/2Mile trail,37
seed_21022,44.453267,-124.083248,plastic,medium,https://portal.diver.orr.noaa.gov/pentaho/mdmap/photo-files/21022,2023-05-09,,noaa_seed_data,Sandpiper Beach,48
seed_21023,47.979601,-122.5155,plastic,medium,https://portal.diver.orr.noaa.gov/pentaho/mdmap/photo-files/21023,2023-03-22,,noaa_seed_data,Big Wet Dog,38
seed_21024,29.334515,-94.742273,plastic,high,https://portal.diver.orr.noaa.gov/pentaho/mdmap/photo-files/21024,2023-05-06,,noaa_seed_data,East End Shipping Channel,291
seed_21025,18.1908,-67.158955,plastic,high,https://portal.diver.orr.noaa.gov/pentaho/mdmap/photo-files/21025,2023-05-12,,noaa_seed_data,Guanajibo/Milenio,116
seed_21026,47.712048567666,-122.38061606306164,plastic,medium,,2023-05-12,,noaa_seed_data,Carkeek Park South,32
seed_21027,46.214249,-124.004412,plastic,low,,2023-05-13,,noaa_seed_data,Fort Stevens,6
seed_21028,45.362691,-123.971452,plastic,low,https://portal.diver.orr.noaa.gov/pentaho/mdmap/photo-files/21028,2023-05-12,,noaa_seed_data,Cape Lookout,11
seed_21029,29.312992,-94.820746,plastic,high,https://portal.diver.orr.noaa.gov/pentaho/mdmap/photo-files/21029,2023-04-30,,noaa_seed_data,TAMUG Shell Beach 2,185
seed_21030,29.334012,-94.780574,plastic,high,https://portal.diver.orr.noaa.gov/pentaho/mdmap/photo-files/21030,2023-05-11,,noaa_seed_data,Seawolf Park,67
seed_21031,29.31402,-94.821989,plastic,medium,https://portal.diver.orr.noaa.gov/pentaho/mdmap/photo-files/21031,2023-04-27,,noaa_seed_data,Shell Beach (TAMUG),61
seed_21032,41.38435,-82.51541,plastic,low,,2023-04-26,,noaa_seed_data,Old Woman Creek Beach,8
seed_21033,26.89248,-80.05652,plastic,high,,2023-05-17,,noaa_seed_data,Juno Beach Access 20,386
seed_21034,47.979601,-122.5155,glass,low,,2023-05-10,,noaa_seed_data,Big Wet Dog,2
seed_21035,48.653887722,-122.4938,plastic,low,https://portal.diver.orr.noaa.gov/pentaho/mdmap/photo-files/21035,2023-05-17,,noaa_seed_data,Larabee Boat launch,10
seed_21036,44.61044892202008,-124.07212753165189,plastic,medium,,2023-05-18,,noaa_seed_data,South Beach State Park - S of 1/2Mile trail,18
seed_21037,27.41662,-97.30084,plastic,high,,2023-05-17,,noaa_seed_data,PAIS 0 mile,318
seed_21038,27.3467,-97.32692,plastic,high,,2023-05-17,,noaa_seed_data,PAIS 05 mile,276
seed_21039,27.27659,-97.34788,plastic,high,,2023-05-18,,noaa_seed_data,PAIS 10 mile,366
seed_21040,27.20485,-97.36424,plastic,high,,2023-05-18,,noaa_seed_data,PAIS 15 mile,325
seed_21041,27.13337,-97.37409,plastic,high,,2023-05-18,,noaa_seed_data,PAIS 20 mile,306
seed_21042,27.06001,-97.37872,plastic,high,,2023-05-18,,noaa_seed_data,PAIS 25 mile,331
seed_21043,30.23167,-88.01822,plastic,low,,2023-05-18,,noaa_seed_data,Fort Morgan Fort Entrance,1
seed_21044,30.2279111209,-87.83247046,plastic,low,,2023-05-18,,noaa_seed_data,Mobile Street,5
seed_21045,30.268611,-87.582778,plastic,high,https://portal.diver.orr.noaa.gov/pentaho/mdmap/photo-files/21045,2023-05-18,,noaa_seed_data,Cotton Bayou Beach access,119
seed_21046,45.105253,-123.985534,plastic,medium,https://portal.diver.orr.noaa.gov/pentaho/mdmap/photo-files/21046,2023-05-21,,noaa_seed_data,Neskowin Beach CoastWatch Mile 253,44
seed_21048,18.973919,-155.599356,plastic,high,https://portal.diver.orr.noaa.gov/pentaho/mdmap/photo-files/21048,2023-05-20,,noaa_seed_data,Kamilo Point (Kamilo Pae Kanaka),149
seed_21049,29.36644,-94.813126,plastic,high,https://portal.diver.orr.noaa.gov/pentaho/mdmap/photo-files/21049,2023-05-24,,noaa_seed_data,Texas City Dike,72
seed_21050,29.37183,-94.8285,plastic,medium,https://portal.diver.orr.noaa.gov/pentaho/mdmap/photo-files/21050,2023-05-24,,noaa_seed_data,Texas City Dike (North),45
seed_21051,44.61044892202008,-124.07212753165189,plastic,low,,2023-05-25,,noaa_seed_data,South Beach State Park - S of 1/2Mile trail,2
seed_21052,43.498333,-70.383055,plastic,low,,2023-05-23,,noaa_seed_data,Ocean Park ,8
seed_21053,41.38435,-82.51541,plastic,low,,2023-05-31,,noaa_seed_data,Old Woman Creek Beach,12
seed_21056,43.498333,-70.383055,plastic,medium,https://portal.diver.orr.noaa.gov/pentaho/mdmap/photo-files/21056,2023-05-30,,noaa_seed_data,Ocean Park ,46
seed_21057,41.56472,-82.81018,plastic,low,,2023-05-24,,noaa_seed_data,East Harbor State Park - West End,6
seed_21058,27.4829127,-97.2718,plastic,high,,2023-06-05,,noaa_seed_data,PAIS North Beach,301
seed_21059,27.41662,-97.30084,plastic,high,,2023-06-05,,noaa_seed_data,PAIS 0 mile,260
seed_21060,27.3467,-97.32692,plastic,high,,2023-06-05,,noaa_seed_data,PAIS 05 mile,303
seed_21061,27.27659,-97.34788,plastic,high,,2023-06-05,,noaa_seed_data,PAIS 10 mile,245
seed_21062,27.20485,-97.36424,plastic,high,,2023-06-01,,noaa_seed_data,PAIS 15 mile,168
seed_21063,29.312992,-94.820746,plastic,high,https://portal.diver.orr.noaa.gov/pentaho/mdmap/photo-files/21063,2023-05-29,,noaa_seed_data,TAMUG Shell Beach 2,503
seed_21064,29.334012,-94.780574,plastic,high,,2023-06-07,,noaa_seed_data,Seawolf Park,150
seed_21065,44.935614,-124.024746,plastic,low,,2023-05-29,,noaa_seed_data,Taft,0
seed_21066,27.13337,-97.37409,plastic,high,,2023-06-01,,noaa_seed_data,PAIS 20 mile,166
seed_21067,27.06001,-97.37872,plastic,high,,2023-06-01,,noaa_seed_data,PAIS 25 mile,402
seed_21068,26.9884,-97.37806,plastic,high,,2023-06-01,,noaa_seed_data,PAIS 30 mile,297
seed_21069,45.105253,-123.985534,plastic,low,https://portal.diver.orr.noaa.gov/pentaho/mdmap/photo-files/21069,2023-06-11,,noaa_seed_data,Neskowin Beach CoastWatch Mile 253,6
seed_21070,43.498333,-70.383055,plastic,low,https://portal.diver.orr.noaa.gov/pentaho/mdmap/photo-files/21070,2023-06-06,,noaa_seed_data,Ocean Park ,7
seed_21071,47.712048567666,-122.38061606306164,plastic,medium,,2023-06-10,,noaa_seed_data,Carkeek Park South,41
seed_21072,45.362691,-123.971452,plastic,low,,2023-06-13,,noaa_seed_data,Cape Lookout,3
seed_21073,44.453267,-124.083248,plastic,medium,https://portal.diver.orr.noaa.gov/pentaho/mdmap/photo-files/21073,2023-06-15,,noaa_seed_data,Sandpiper Beach,44
seed_21074,46.214249,-124.004412,cloth-fabric,low,https://portal.diver.orr.noaa.gov/pentaho/mdmap/photo-files/21074,2023-06-15,,noaa_seed_data,Fort Stevens,10
seed_21075,43.4963888889,-70.3844444444,plastic,high,,2023-06-16,,noaa_seed_data,The Creek Ocean Park,220
seed_21076,29.31402,-94.821989,plastic,high,https://portal.diver.orr.noaa.gov/pentaho/mdmap/photo-files/21076,2023-05-30,,noaa_seed_data,Shell Beach (TAMUG),108
seed_21077,29.36644,-94.813126,plastic,high,https://portal.diver.orr.noaa.gov/pentaho/mdmap/photo-files/21077,2023-06-21,,noaa_seed_data,Texas City Dike,83
seed_21078,26.9158,-97.37153,plastic,high,,2023-06-22,,noaa_seed_data,PAIS 35 mile,156
seed_21079,26.89248,-80.05652,plastic,high,,2023-06-28,,noaa_seed_data,Juno Beach Access 20,388
seed_21080,41.38435,-82.51541,plastic,medium,,2023-06-28,,noaa_seed_data,Old Woman Creek Beach,32
seed_21081,43.4963888889,-70.3844444444,rubber,medium,https://portal.diver.orr.noaa.gov/pentaho/mdmap/photo-files/21081,2023-06-22,,noaa_seed_data,The Creek Ocean Park,62
seed_21082,58.60306,-153.76727,plastic,low,,2023-06-15,,noaa_seed_data,Swikshak,2
seed_21083,58.45842,-154.07515,plastic,low,,2023-06-20,,noaa_seed_data,Hallo Bay,4
seed_21084,29.334515,-94.742273,plastic,high,,2023-06-10,,noaa_seed_data,East End Shipping Channel,303
seed_21085,43.4963888889,-70.3844444444,plastic,high,https://portal.diver.orr.noaa.gov/pentaho/mdmap/photo-files/21085,2023-06-24,,noaa_seed_data,The Creek Ocean Park,153
seed_21086,41.56472,-82.81018,plastic,medium,,2023-06-30,,noaa_seed_data,East Harbor State Park - West End,17
seed_21087,46.565673,-90.421278,metal,low,,2023-05-26,,noaa_seed_data,Superior Falls,1
seed_21088,46.839591,-89.437134,plastic,low,,2023-05-26,,noaa_seed_data,Green Park,5
seed_21089,47.22932222,-88.15101667,plastic,low,https://portal.diver.orr.noaa.gov/pentaho/mdmap/photo-files/21089,2023-05-25,,noaa_seed_data,Tobacco River Park,1
seed_21090,46.901993,-89.254307,plastic,low,https://portal.diver.orr.noaa.gov/pentaho/mdmap/photo-files/21090,2023-05-26,,noaa_seed_data,Public Beach Access,6
seed_21091,47.445365,-88.21686,metal,medium,,2023-05-25,,noaa_seed_data,Great Sandy Bay Park,63
seed_21092,46.85759,-88.3678,plastic,medium,https://portal.diver.orr.noaa.gov/pentaho/mdmap/photo-files/21092,2023-05-25,,noaa_seed_data,Second Sand Beach,29
seed_21093,46.553768,-87.3825,plastic,medium,,2023-05-24,,noaa_seed_data,McCarty's Cove,17
seed_21094,46.584825,-87.389602,plastic,low,,2023-05-24,,noaa_seed_data,Middle Point Beach Actual,11
seed_21095,46.53549,-87.39398,plastic,low,https://portal.diver.orr.noaa.gov/pentaho/mdmap/photo-files/21095,2023-05-23,,noaa_seed_data,Marquette South #1,8
seed_21096,46.53184,-87.390847,plastic,medium,https://portal.diver.orr.noaa.gov/pentaho/mdmap/photo-files/21096,2023-05-23,,noaa_seed_data,South Marquette #2,23
seed_21097,46.52878,-87.39144,plastic,medium,,2023-05-23,,noaa_seed_data,South Beach Marquette,17
seed_21098,46.490089,-87.210347,plastic,medium,,2023-05-23,,noaa_seed_data,Roadside Park #2,44
seed_21099,46.503611,-87.36,plastic,medium,,2023-05-23,,noaa_seed_data,Michigan Welcome Center,40
seed_21100,46.771078,-84.95471,plastic,low,https://portal.diver.orr.noaa.gov/pentaho/mdmap/photo-files/21100,2023-05-22,,noaa_seed_data,Great Lakes Shipwreck,13
seed_21101,46.46614,-84.9065,plastic,low,https://portal.diver.orr.noaa.gov/pentaho/mdmap/photo-files/21101,2023-05-22,,noaa_seed_data,Salt Point Beach,5
seed_21102,46.445106,-86.664965,plastic,medium,,2023-05-23,,noaa_seed_data,Grand Island Ferry,35
seed_21103,46.4375,-86.8175,plastic,high,,2023-05-23,,noaa_seed_data,Scott Falls Roadside Park,93
seed_21104,46.435,-86.861389,plastic,high,,2023-05-23,,noaa_seed_data,Au Train Boat Launch,84
seed_21105,46.488638,-87.231146,plastic,high,,2023-05-23,,noaa_seed_data,Roadside Park #1,404
seed_21106,46.672653,-87.522258,plastic,low,,2023-06-02,,noaa_seed_data,Eagles Nest,2
seed_21107,46.635695,-87.462633,plastic,medium,,2023-06-02,,noaa_seed_data,Little Presque Isle,17
seed_21108,46.612529,-87.462423,plastic,low,,2023-06-02,,noaa_seed_data,Wetmore Landing,9
seed_21109,46.55687,-87.383431,plastic,low,,2023-06-09,,noaa_seed_data,Pebble Beach Marquette,13
seed_21110,46.556746,-87.383249,plastic,low,,2023-06-08,,noaa_seed_data,Picnic Rocks,9
seed_21111,46.58551,-87.38646,plastic,medium,,2023-06-09,,noaa_seed_data,Middle Bay Beach,25
seed_21112,46.5703,-86.36963,plastic,high,,2023-05-22,,noaa_seed_data,Beaver Lake Beach,232
seed_21113,26.63282,-97.30119,plastic,high,,2023-06-21,,noaa_seed_data,PAIS 55 mile,88
seed_21114,26.8442,-97.3594,plastic,high,,2023-06-22,,noaa_seed_data,PAIS 40 mile,101
seed_21115,26.56623,-97.27719,plastic,low,,2023-06-21,,noaa_seed_data,PAIS 60 mile,5
seed_21116,26.7732,-97.34303,plastic,high,,2023-06-22,,noaa_seed_data,PAIS 45 mile,124
seed_21117,27.41662,-97.30084,plastic,high,,2023-07-05,,noaa_seed_data,PAIS 0 mile,93
seed_21118,27.3467,-97.32692,plastic,high,,2023-07-05,,noaa_seed_data,PAIS 05 mile,275
seed_21119,29.37183,-94.8285,plastic,high,https://portal.diver.orr.noaa.gov/pentaho/mdmap/photo-files/21119,2023-06-21,,noaa_seed_data,Texas City Dike (North),103
seed_21121,43.4935,-70.3836111111,plastic,medium,https://portal.diver.orr.noaa.gov/pentaho/mdmap/photo-files/21121,2023-07-05,,noaa_seed_data,Kinney Shores Beach ,56
seed_21122,30.268611,-87.582778,plastic,medium,,2023-06-27,,noaa_seed_data,Cotton Bayou Beach access,55
seed_21123,30.23167,-88.01822,plastic,low,,2023-06-27,,noaa_seed_data,Fort Morgan Fort Entrance,9
seed_21124,30.2279111209,-87.83247046,plastic,low,,2023-06-27,,noaa_seed_data,Mobile Street,3
seed_21125,43.4935,-70.3836111111,plastic,medium,https://portal.diver.orr.noaa.gov/pentaho/mdmap/photo-files/21125,2023-07-10,,noaa_seed_data,Kinney Shores Beach ,24
seed_21126,46.214249,-124.004412,plastic,low,,2023-07-12,,noaa_seed_data,Fort Stevens,9
seed_21127,29.31402,-94.821989,plastic,medium,https://portal.diver.orr.noaa.gov/pentaho/mdmap/photo-files/21127,2023-06-30,,noaa_seed_data,Shell Beach (TAMUG),40
seed_21128,26.56623,-97.27719,plastic,medium,,2023-07-10,,noaa_seed_data,PAIS 60 mile,33
seed_21129,26.63282,-97.30119,plastic,high,,2023-07-10,,noaa_seed_data,PAIS 55 mile,82
seed_21130,26.70273,-97.32283,plastic,medium,,2023-07-11,,noaa_seed_data,PAIS 50 mile,55
seed_21131,26.7732,-97.34303,plastic,high,,2023-07-11,,noaa_seed_data,PAIS 45 mile,130
seed_21132,26.8442,-97.3594,plastic,high,,2023-07-11,,noaa_seed_data,PAIS 40 mile,98
seed_21133,29.334012,-94.780574,plastic,high,https://portal.diver.orr.noaa.gov/pentaho/mdmap/photo-files/21133,2023-07-12,,noaa_seed_data,Seawolf Park,94
seed_21134,26.9158,-97.37153,plastic,high,,2023-07-11,,noaa_seed_data,PAIS 35 mile,146
seed_21135,26.9884,-97.37806,plastic,high,,2023-07-11,,noaa_seed_data,PAIS 30 mile,206
seed_21136,27.06001,-97.37872,plastic,high,,2023-07-11,,noaa_seed_data,PAIS 25 mile,118
seed_21137,44.453267,-124.083248,plastic,medium,https://portal.diver.orr.noaa.gov/pentaho/mdmap/photo-files/21137,2023-07-12,,noaa_seed_data,Sandpiper Beach,27
seed_21138,45.640446,-123.94242,plastic,low,,2023-07-15,,noaa_seed_data,"Manhattan Beach, Rockaway - SS",7
seed_21139,18.973919,-155.599356,plastic,high,https://portal.diver.orr.noaa.gov/pentaho/mdmap/photo-files/21139,2023-07-09,,noaa_seed_data,Kamilo Point (Kamilo Pae Kanaka),174
seed_21140,48.653887722,-122.4938,plastic,low,,2023-07-03,,noaa_seed_data,Larabee Boat launch,0
seed_21141,26.70273,-97.32283,plastic,high,,2023-06-22,,noaa_seed_data,PAIS 50 mile,211
seed_21142,27.13337,-97.37409,plastic,high,,2023-07-12,,noaa_seed_data,PAIS 20 mile,125
seed_21143,27.27659,-97.34788,plastic,high,,2023-07-12,,noaa_seed_data,PAIS 10 mile,234
seed_21144,27.4829127,-97.2718,plastic,high,,2023-07-07,,noaa_seed_data,PAIS North Beach,156
seed_21145,44.751079,-124.064519,plastic,low,https://portal.diver.orr.noaa.gov/pentaho/mdmap/photo-files/21145,2023-07-18,,noaa_seed_data,Otter Rock Marine Reserve,1
seed_21146,45.362691,-123.971452,plastic,medium,https://portal.diver.orr.noaa.gov/pentaho/mdmap/photo-files/21146,2023-07-18,,noaa_seed_data,Cape Lookout,15
seed_21147,26.89248,-80.05652,plastic,high,,2023-07-19,,noaa_seed_data,Juno Beach Access 20,362
seed_21148,45.037817,-124.006411,plastic,low,https://portal.diver.orr.noaa.gov/pentaho/mdmap/photo-files/21148,2023-07-19,,noaa_seed_data,Salmon River Spit,9
seed_21149,29.334515,-94.742273,plastic,high,https://portal.diver.orr.noaa.gov/pentaho/mdmap/photo-files/21149,2023-07-08,,noaa_seed_data,East End Shipping Channel,285
seed_21150,43.4935,-70.3836111111,plastic,medium,https://portal.diver.orr.noaa.gov/pentaho/mdmap/photo-files/21150,2023-07-20,,noaa_seed_data,Kinney Shores Beach ,51
seed_21151,49.355038,-124.365214,rubber,low,,2023-07-13,,noaa_seed_data,Columbia Beach,4
seed_21152,29.36644,-94.813126,plastic,high,https://portal.diver.orr.noaa.gov/pentaho/mdmap/photo-files/21152,2023-07-25,,noaa_seed_data,Texas City Dike,124
seed_21153,29.37183,-94.8285,plastic,high,https://portal.diver.orr.noaa.gov/pentaho/mdmap/photo-files/21153,2023-07-25,,noaa_seed_data,Texas City Dike (North),146
seed_21154,43.513888888889,-70.373333333,plastic,high,,2023-07-24,,noaa_seed_data,Old Orchard Beach South of Pier ,220
seed_21155,41.38435,-82.51541,plastic,medium,https://portal.diver.orr.noaa.gov/pentaho/mdmap/photo-files/21155,2023-07-26,,noaa_seed_data,Old Woman Creek Beach,32
seed_21156,43.513888888889,-70.373333333,processed-lumber,high,https://portal.diver.orr.noaa.gov/pentaho/mdmap/photo-files/21156,2023-07-28,,noaa_seed_data,Old Orchard Beach South of Pier ,274
seed_21157,58.270523,-134.377318,other,high,https://portal.diver.orr.noaa.gov/pentaho/mdmap/photo-files/21157,2023-07-29,,noaa_seed_data,Sandy Beach (Savikko Park),192
seed_21158,41.56472,-82.81018,plastic,low,,2023-07-21,,noaa_seed_data,East Harbor State Park - West End,6
seed_21159,45.105253,-123.985534,plastic,low,https://portal.diver.orr.noaa.gov/pentaho/mdmap/photo-files/21159,2023-08-06,,noaa_seed_data,Neskowin Beach CoastWatch Mile 253,3
seed_21160,44.935614,-124.024746,plastic,low,,2023-07-30,,noaa_seed_data,Taft,6
seed_21161,29.312992,-94.820746,plastic,high,https://portal.diver.orr.noaa.gov/pentaho/mdmap/photo-files/21161,2023-07-30,,noaa_seed_data,TAMUG Shell Beach 2,271
seed_21162,43.513888888889,-70.373333333,plastic,medium,https://portal.diver.orr.noaa.gov/pentaho/mdmap/photo-files/21162,2023-08-04,,noaa_seed_data,Old Orchard Beach South of Pier ,35
seed_21163,29.334012,-94.780574,plastic,high,https://portal.diver.orr.noaa.gov/pentaho/mdmap/photo-files/21163,2023-08-09,,noaa_seed_data,Seawolf Park,71
seed_21164,44.453267,-124.083248,plastic,medium,https://portal.diver.orr.noaa.gov/pentaho/mdmap/photo-files/21164,2023-08-10,,noaa_seed_data,Sandpiper Beach,16
seed_21165,29.07619,-80.92448,plastic,medium,,2023-04-26,,noaa_seed_data,Lighthouse Point Park II,18
seed_21166,29.07619,-80.92448,plastic,medium,,2023-05-10,,noaa_seed_data,Lighthouse Point Park II,16
seed_21167,29.07619,-80.92448,plastic,medium,,2023-06-12,,noaa_seed_data,Lighthouse Point Park II,21
seed_21168,29.07619,-80.92448,plastic,low,,2023-07-25,,noaa_seed_data,Lighthouse Point Park II,14
seed_21169,29.07619,-80.92448,plastic,low,,2023-08-15,,noaa_seed_data,Lighthouse Point Park II,9
seed_21170,29.334515,-94.742273,plastic,high,,2023-08-05,,noaa_seed_data,East End Shipping Channel,155
seed_21171,46.214249,-124.004412,plastic,low,https://portal.diver.orr.noaa.gov/pentaho/mdmap/photo-files/21171,2023-08-18,,noaa_seed_data,Fort Stevens,11
seed_21172,30.268611,-87.582778,plastic,high,,2023-08-19,,noaa_seed_data,Cotton Bayou Beach access,81
seed_21173,30.2279111209,-87.83247046,plastic,low,,2023-08-17,,noaa_seed_data,Mobile Street,10
seed_21174,30.23167,-88.01822,plastic,low,,2023-08-17,,noaa_seed_data,Fort Morgan Fort Entrance,3
seed_21175,44.751079,-124.064519,plastic,low,https://portal.diver.orr.noaa.gov/pentaho/mdmap/photo-files/21175,2023-08-16,,noaa_seed_data,Otter Rock Marine Reserve,3
seed_21176,29.36644,-94.813126,plastic,high,https://portal.diver.orr.noaa.gov/pentaho/mdmap/photo-files/21176,2023-08-23,,noaa_seed_data,Texas City Dike,84
seed_21177,29.37183,-94.8285,plastic,high,https://portal.diver.orr.noaa.gov/pentaho/mdmap/photo-files/21177,2023-08-23,,noaa_seed_data,Texas City Dike (North),92
seed_21178,27.4829127,-97.2718,plastic,high,,2023-08-04,,noaa_seed_data,PAIS North Beach,74
seed_21179,27.41662,-97.30084,plastic,medium,,2023-07-31,,noaa_seed_data,PAIS 0 mile,37
seed_21180,27.3467,-97.32692,plastic,high,,2023-07-31,,noaa_seed_data,PAIS 05 mile,156
seed_21181,27.27659,-97.34788,plastic,high,,2023-08-03,,noaa_seed_data,PAIS 10 mile,241
seed_21182,26.9884,-97.37806,plastic,high,,2023-08-08,,noaa_seed_data,PAIS 30 mile,146
seed_21183,27.20485,-97.36424,plastic,high,,2023-08-17,,noaa_seed_data,PAIS 15 mile,246
seed_21184,27.13337,-97.37409,plastic,high,,2023-08-18,,noaa_seed_data,PAIS 20 mile,78
seed_21185,27.06001,-97.37872,plastic,high,,2023-08-28,,noaa_seed_data,PAIS 25 mile,321
seed_21186,26.9158,-97.37153,plastic,high,,2023-08-08,,noaa_seed_data,PAIS 35 mile,123
seed_21187,26.8442,-97.3594,plastic,medium,,2023-08-08,,noaa_seed_data,PAIS 40 mile,61
seed_21188,26.7732,-97.34303,plastic,high,,2023-08-08,,noaa_seed_data,PAIS 45 mile,138
seed_21189,26.70273,-97.32283,plastic,high,,2023-08-08,,noaa_seed_data,PAIS 50 mile,94
seed_21190,26.63282,-97.30119,plastic,medium,,2023-08-08,,noaa_seed_data,PAIS 55 mile,30
seed_21191,26.56623,-97.27719,plastic,high,,2023-08-09,,noaa_seed_data,PAIS 60 mile,73
seed_21192,44.674755,-124.07733,plastic,medium,,2023-08-30,,noaa_seed_data,"Cobble Beach, Yaquina Head Outstanding Natural Area",17
seed_21193,45.362691,-123.971452,processed-lumber,low,https://portal.diver.orr.noaa.gov/pentaho/mdmap/photo-files/21193,2023-08-17,,noaa_seed_data,Cape Lookout,9
seed_21195,41.38435,-82.51541,plastic,medium,,2023-08-30,,noaa_seed_data,Old Woman Creek Beach,27
seed_21196,29.312992,-94.820746,plastic,high,https://portal.diver.orr.noaa.gov/pentaho/mdmap/photo-files/21196,2023-08-27,,noaa_seed_data,TAMUG Shell Beach 2,232
seed_21198,26.89248,-80.05652,plastic,high,,2023-09-06,,noaa_seed_data,Juno Beach Access 20,218
seed_21199,29.334012,-94.780574,plastic,high,https://portal.diver.orr.noaa.gov/pentaho/mdmap/photo-files/21199,2023-09-13,,noaa_seed_data,Seawolf Park,80
seed_21200,46.436928,-124.059664,plastic,low,,2023-06-29,,noaa_seed_data,Klipsan,13
seed_21201,46.436928,-124.059664,plastic,medium,https://portal.diver.orr.noaa.gov/pentaho/mdmap/photo-files/21201,2023-08-30,,noaa_seed_data,Klipsan,21
seed_21202,46.436928,-124.059664,plastic,medium,https://portal.diver.orr.noaa.gov/pentaho/mdmap/photo-files/21202,2023-07-27,,noaa_seed_data,Klipsan,35
seed_21203,41.56472,-82.81018,plastic,medium,,2023-08-31,,noaa_seed_data,East Harbor State Park - West End,22
seed_21204,45.105253,-123.985534,plastic,low,,2023-09-17,,noaa_seed_data,Neskowin Beach CoastWatch Mile 253,3
seed_21205,44.935614,-124.024746,plastic,low,,2023-09-19,,noaa_seed_data,Taft,0
seed_21206,44.453267,-124.083248,plastic,low,https://portal.diver.orr.noaa.gov/pentaho/mdmap/photo-files/21206,2023-09-14,,noaa_seed_data,Sandpiper Beach,3
seed_21207,30.392437,-88.939453,plastic,high,,2023-09-19,,noaa_seed_data,South Beach Biloxi # 3 East,274
seed_21208,45.374868,-123.969176,plastic,low,https://portal.diver.orr.noaa.gov/pentaho/mdmap/photo-files/21208,2023-09-16,,noaa_seed_data,Cape Lookout Spit,3
seed_21209,26.56623,-97.27719,plastic,medium,,2023-09-20,,noaa_seed_data,PAIS 60 mile,47
seed_21210,26.63282,-97.30119,plastic,medium,,2023-09-20,,noaa_seed_data,PAIS 55 mile,24
seed_21211,26.70273,-97.32283,plastic,medium,,2023-09-20,,noaa_seed_data,PAIS 50 mile,44
seed_21213,27.27659,-97.34788,plastic,high,,2023-09-05,,noaa_seed_data,PAIS 10 mile,104
seed_21214,27.3467,-97.32692,plastic,medium,,2023-09-05,,noaa_seed_data,PAIS 05 mile,58
seed_21215,27.20485,-97.36424,plastic,medium,,2023-09-05,,noaa_seed_data,PAIS 15 mile,51
seed_21216,26.8442,-97.3594,plastic,medium,,2023-09-06,,noaa_seed_data,PAIS 40 mile,48
seed_21217,26.7732,-97.34303,plastic,medium,,2023-09-06,,noaa_seed_data,PAIS 45 mile,26
seed_21218,26.9158,-97.37153,plastic,medium,,2023-09-06,,noaa_seed_data,PAIS 35 mile,33
seed_21219,26.9884,-97.37806,plastic,medium,,2023-09-06,,noaa_seed_data,PAIS 30 mile,55
seed_21220,41.56472,-82.81018,plastic,low,,2023-09-21,,noaa_seed_data,East Harbor State Park - West End,9
seed_21221,46.214249,-124.004412,plastic,medium,,2023-09-23,,noaa_seed_data,Fort Stevens,16
seed_21223,44.61044892202008,-124.07212753165189,plastic,medium,,2023-09-21,,noaa_seed_data,South Beach State Park - S of 1/2Mile trail,16
seed_21225,30.392265,-88.941874,plastic,high,,2023-09-19,,noaa_seed_data,South Beach Biloxi #1 West,84
seed_21226,30.392374,-88.940538,plastic,high,,2023-09-19,,noaa_seed_data,South Beach Biloxi #2 Middle,222
seed_21227,29.334515,-94.742273,plastic,high,https://portal.diver.orr.noaa.gov/pentaho/mdmap/photo-files/21227,2023-09-09,,noaa_seed_data,East End Shipping Channel,516
seed_21228,27.13337,-97.37409,plastic,high,,2023-09-27,,noaa_seed_data,PAIS 20 mile,83
seed_21229,27.41662,-97.30084,plastic,high,,2023-09-27,,noaa_seed_data,PAIS 0 mile,70
seed_21230,27.06001,-97.37872,plastic,high,,2023-09-27,,noaa_seed_data,PAIS 25 mile,109
seed_21231,46.436928,-124.059664,plastic,medium,,2023-05-30,,noaa_seed_data,Klipsan,22
seed_21232,56.678209,-157.549885,plastic,medium,https://portal.diver.orr.noaa.gov/pentaho/mdmap/photo-files/21232,2023-09-27,,noaa_seed_data,Aniakchak Bay,45
seed_21233,27.4829127,-97.2718,plastic,high,,2023-10-02,,noaa_seed_data,PAIS North Beach,105
seed_21234,29.312992,-94.820746,plastic,high,https://portal.diver.orr.noaa.gov/pentaho/mdmap/photo-files/21234,2023-09-24,,noaa_seed_data,TAMUG Shell Beach 2,440
seed_21235,44.751079,-124.064519,plastic,low,https://portal.diver.orr.noaa.gov/pentaho/mdmap/photo-files/21235,2023-09-29,,noaa_seed_data,Otter Rock Marine Reserve,4
seed_21236,30.268611,-87.582778,plastic,high,https://portal.diver.orr.noaa.gov/pentaho/mdmap/photo-files/21236,2023-10-02,,noaa_seed_data,Cotton Bayou Beach access,139
seed_21237,45.640446,-123.94242,cloth-fabric,low,https://portal.diver.orr.noaa.gov/pentaho/mdmap/photo-files/21237,2023-10-05,,noaa_seed_data,"Manhattan Beach, Rockaway - SS",1
seed_21238,30.2279111209,-87.83247046,plastic,low,,2023-10-05,,noaa_seed_data,Mobile Street,0
seed_21239,30.23167,-88.01822,plastic,low,,2023-10-05,,noaa_seed_data,Fort Morgan Fort Entrance,0
seed_21240,29.36644,-94.813126,plastic,medium,https://portal.diver.orr.noaa.gov/pentaho/mdmap/photo-files/21240,2023-09-27,,noaa_seed_data,Texas City Dike,39
seed_21241,29.37183,-94.8285,plastic,medium,https://portal.diver.orr.noaa.gov/pentaho/mdmap/photo-files/21241,2023-09-27,,noaa_seed_data,Texas City Dike (North),20
seed_21242,58.06013,-154.69642,plastic,low,https://portal.diver.orr.noaa.gov/pentaho/mdmap/photo-files/21242,2023-10-06,,noaa_seed_data,Dakavak Bay,2
seed_21243,41.38435,-82.51541,plastic,medium,,2023-09-28,,noaa_seed_data,Old Woman Creek Beach,45
seed_21244,29.334012,-94.780574,plastic,high,https://portal.diver.orr.noaa.gov/pentaho/mdmap/photo-files/21244,2023-10-10,,noaa_seed_data,Seawolf Park,115
seed_21245,28.070754,-80.557165,plastic,high,,2023-10-13,,noaa_seed_data,Melbourne Beach,80
seed_21246,56.853118,-157.448574,plastic,low,https://portal.diver.orr.noaa.gov/pentaho/mdmap/photo-files/21246,2023-10-12,,noaa_seed_data,Amber Bay,8
seed_21247,44.453267,-124.083248,plastic,medium,https://portal.diver.orr.noaa.gov/pentaho/mdmap/photo-files/21247,2023-10-12,,noaa_seed_data,Sandpiper Beach,29
seed_21248,29.334515,-94.742273,plastic,high,https://portal.diver.orr.noaa.gov/pentaho/mdmap/photo-files/21248,2023-10-07,,noaa_seed_data,East End Shipping Channel,386
seed_21249,31.839821,-116.611928,plastic,high,https://portal.diver.orr.noaa.gov/pentaho/mdmap/photo-files/21249,2023-10-18,,noaa_seed_data,Playa Hermosa,109
seed_21250,31.811449,-116.610084,plastic,medium,https://portal.diver.orr.noaa.gov/pentaho/mdmap/photo-files/21250,2023-10-18,,noaa_seed_data,Playa Pacífica,51
seed_21251,27.41662,-97.30084,plastic,medium,,2023-10-17,,noaa_seed_data,PAIS 0 mile,19
seed_21253,27.3467,-97.32692,plastic,high,,2023-10-17,,noaa_seed_data,PAIS 05 mile,69
seed_21254,27.27659,-97.34788,plastic,medium,,2023-10-17,,noaa_seed_data,PAIS 10 mile,54
seed_21255,27.20485,-97.36424,plastic,medium,,2023-10-17,,noaa_seed_data,PAIS 15 mile,46
seed_21256,27.06001,-97.37872,plastic,high,,2023-10-17,,noaa_seed_data,PAIS 25 mile,87
seed_21257,26.9884,-97.37806,plastic,high,,2023-10-17,,noaa_seed_data,PAIS 30 mile,105
seed_21258,26.70273,-97.32283,plastic,medium,,2023-10-18,,noaa_seed_data,PAIS 50 mile,32
seed_21259,26.9158,-97.37153,plastic,high,,2023-10-17,,noaa_seed_data,PAIS 35 mile,111
seed_21260,26.63282,-97.30119,plastic,high,,2023-10-18,,noaa_seed_data,PAIS 55 mile,97
seed_21261,26.8442,-97.3594,plastic,medium,,2023-10-17,,noaa_seed_data,PAIS 40 mile,50
seed_21262,26.7732,-97.34303,plastic,medium,,2023-10-18,,noaa_seed_data,PAIS 45 mile,47
seed_21263,26.56623,-97.27719,plastic,high,,2023-10-18,,noaa_seed_data,PAIS 60 mile,242
seed_21264,27.13337,-97.37409,plastic,high,,2023-10-17,,noaa_seed_data,PAIS 20 mile,72
seed_21265,18.45923,-67.164747,plastic,high,,2023-10-02,,noaa_seed_data,Crashboat Beach,160
seed_21268,45.374868,-123.969176,other,low,,2023-10-18,,noaa_seed_data,Cape Lookout Spit,1
seed_21269,44.612487,-124.071743,plastic,medium,https://portal.diver.orr.noaa.gov/pentaho/mdmap/photo-files/21269,2023-09-19,,noaa_seed_data,South Beach State Park-South Jetty,16
seed_21270,46.214249,-124.004412,plastic,low,https://portal.diver.orr.noaa.gov/pentaho/mdmap/photo-files/21270,2023-10-24,,noaa_seed_data,Fort Stevens,2
seed_21271,18.973919,-155.599356,plastic,high,https://portal.diver.orr.noaa.gov/pentaho/mdmap/photo-files/21271,2023-08-15,,noaa_seed_data,Kamilo Point (Kamilo Pae Kanaka),341
seed_21272,41.38435,-82.51541,plastic,medium,,2023-10-25,,noaa_seed_data,Old Woman Creek Beach,31
seed_21273,49.355038,-124.365214,plastic,low,https://portal.diver.orr.noaa.gov/pentaho/mdmap/photo-files/21273,2023-10-27,,noaa_seed_data,Columbia Beach,5
seed_21274,44.612487,-124.071743,plastic,low,https://portal.diver.orr.noaa.gov/pentaho/mdmap/photo-files/21274,2023-10-31,,noaa_seed_data,South Beach State Park-South Jetty,1
seed_21277,46.436928,-124.059664,plastic,low,https://portal.diver.orr.noaa.gov/pentaho/mdmap/photo-files/21277,2023-09-29,,noaa_seed_data,Klipsan,7
seed_21278,29.36644,-94.813126,plastic,medium,https://portal.diver.orr.noaa.gov/pentaho/mdmap/photo-files/21278,2023-10-25,,noaa_seed_data,Texas City Dike,42
seed_21279,44.453267,-124.083248,plastic,medium,https://portal.diver.orr.noaa.gov/pentaho/mdmap/photo-files/21279,2023-11-08,,noaa_seed_data,Sandpiper Beach,35
seed_21280,22.334222,120.359761,plastic,high,https://portal.diver.orr.noaa.gov/pentaho/mdmap/photo-files/21280,2023-11-08,,noaa_seed_data,"Venice Beach (威尼斯沙灘), between the two stair access.",170
seed_21281,22.334222,120.359761,glass,high,https://portal.diver.orr.noaa.gov/pentaho/mdmap/photo-files/21281,2023-11-11,,noaa_seed_data,"Venice Beach (威尼斯沙灘), between the two stair access.",184
seed_21282,41.56472,-82.81018,plastic,low,,2023-10-24,,noaa_seed_data,East Harbor State Park - West End,14
seed_21283,29.37183,-94.8285,plastic,medium,https://portal.diver.orr.noaa.gov/pentaho/mdmap/photo-files/21283,2023-10-25,,noaa_seed_data,Texas City Dike (North),26
seed_21284,29.334012,-94.780574,plastic,high,https://portal.diver.orr.noaa.gov/pentaho/mdmap/photo-files/21284,2023-11-08,,noaa_seed_data,Seawolf Park,159
seed_21285,27.4829127,-97.2718,plastic,high,,2023-11-03,,noaa_seed_data,PAIS North Beach,69
seed_21286,26.9158,-97.37153,plastic,high,,2023-11-16,,noaa_seed_data,PAIS 35 mile,271
seed_21288,27.41662,-97.30084,plastic,medium,,2023-11-16,,noaa_seed_data,PAIS 0 mile,55
seed_21289,26.8442,-97.3594,plastic,high,,2023-11-17,,noaa_seed_data,PAIS 40 mile,123
seed_21290,27.3467,-97.32692,plastic,high,,2023-11-16,,noaa_seed_data,PAIS 05 mile,86
seed_21293,27.27659,-97.34788,plastic,high,,2023-11-16,,noaa_seed_data,PAIS 10 mile,118
seed_21294,27.13337,-97.37409,plastic,high,,2023-11-16,,noaa_seed_data,PAIS 20 mile,112
seed_21295,26.7732,-97.34303,plastic,medium,,2023-11-17,,noaa_seed_data,PAIS 45 mile,44
seed_21296,27.06001,-97.37872,plastic,high,,2023-11-16,,noaa_seed_data,PAIS 25 mile,393
seed_21297,26.70273,-97.32283,plastic,medium,,2023-11-17,,noaa_seed_data,PAIS 50 mile,37
seed_21298,26.9884,-97.37806,plastic,high,,2023-11-16,,noaa_seed_data,PAIS 30 mile,228
seed_21299,26.63282,-97.30119,plastic,medium,,2023-11-17,,noaa_seed_data,PAIS 55 mile,17
seed_21300,26.56623,-97.27719,plastic,high,,2023-11-17,,noaa_seed_data,PAIS 60 mile,73
seed_21301,29.334515,-94.742273,plastic,high,,2023-11-04,,noaa_seed_data,East End Shipping Channel,545
seed_21302,29.312992,-94.820746,plastic,high,https://portal.diver.orr.noaa.gov/pentaho/mdmap/photo-files/21302,2023-11-25,,noaa_seed_data,TAMUG Shell Beach 2,170
seed_21303,44.751079,-124.064519,plastic,low,https://portal.diver.orr.noaa.gov/pentaho/mdmap/photo-files/21303,2023-11-27,,noaa_seed_data,Otter Rock Marine Reserve,2
seed_21304,46.214249,-124.004412,plastic,low,,2023-11-22,,noaa_seed_data,Fort Stevens,3
seed_21305,29.36644,-94.813126,plastic,medium,https://portal.diver.orr.noaa.gov/pentaho/mdmap/photo-files/21305,2023-11-29,,noaa_seed_data,Texas City Dike,55
seed_21306,29.37183,-94.8285,plastic,medium,https://portal.diver.orr.noaa.gov/pentaho/mdmap/photo-files/21306,2023-11-29,,noaa_seed_data,Texas City Dike (North),17
seed_21307,18.973919,-155.599356,plastic,high,,2023-09-16,,noaa_seed_data,Kamilo Point (Kamilo Pae Kanaka),291
seed_21308,18.973919,-155.599356,plastic,high,https://portal.diver.orr.noaa.gov/pentaho/mdmap/photo-files/21308,2023-10-23,,noaa_seed_data,Kamilo Point (Kamilo Pae Kanaka),227
seed_21309,18.973919,-155.599356,plastic,high,https://portal.diver.orr.noaa.gov/pentaho/mdmap/photo-files/21309,2023-11-27,,noaa_seed_data,Kamilo Point (Kamilo Pae Kanaka),547
seed_21310,41.56472,-82.81018,plastic,medium,,2023-11-30,,noaa_seed_data,East Harbor State Park - West End,22
seed_21311,29.334012,-94.780574,plastic,high,https://portal.diver.orr.noaa.gov/pentaho/mdmap/photo-files/21311,2023-12-06,,noaa_seed_data,Seawolf Park,70
seed_21317,18.1908,-67.158955,plastic,high,,2023-08-11,,noaa_seed_data,Guanajibo/Milenio,175
seed_21318,18.1908,-67.158955,plastic,high,,2023-11-24,,noaa_seed_data,Guanajibo/Milenio,70
seed_21319,44.751079,-124.064519,plastic,medium,https://portal.diver.orr.noaa.gov/pentaho/mdmap/photo-files/21319,2023-12-11,,noaa_seed_data,Otter Rock Marine Reserve,21
seed_21320,26.89248,-80.05652,plastic,high,,2023-12-13,,noaa_seed_data,Juno Beach Access 20,84
seed_21321,26.89248,-80.05652,plastic,high,,2022-12-21,,noaa_seed_data,Juno Beach Access 20,406
seed_21323,27.20485,-97.36424,plastic,high,,2023-11-21,,noaa_seed_data,PAIS 15 mile,179
seed_21324,30.23167,-88.01822,plastic,low,,2023-11-05,,noaa_seed_data,Fort Morgan Fort Entrance,0
seed_21325,30.2279111209,-87.83247046,plastic,low,,2023-11-05,,noaa_seed_data,Mobile Street,0
seed_21326,30.268611,-87.582778,plastic,medium,,2023-11-05,,noaa_seed_data,Cotton Bayou Beach access,21
seed_21327,44.612487,-124.071743,plastic,medium,https://portal.diver.orr.noaa.gov/pentaho/mdmap/photo-files/21327,2023-12-14,,noaa_seed_data,South Beach State Park-South Jetty,31
seed_21329,44.453267,-124.083248,plastic,high,https://portal.diver.orr.noaa.gov/pentaho/mdmap/photo-files/21329,2023-12-14,,noaa_seed_data,Sandpiper Beach,98
seed_21330,45.374868,-123.969176,plastic,low,,2023-11-20,,noaa_seed_data,Cape Lookout Spit,6
seed_21331,45.374868,-123.969176,processed-lumber,high,,2023-12-16,,noaa_seed_data,Cape Lookout Spit,66
seed_21332,29.312992,-94.820746,plastic,high,https://portal.diver.orr.noaa.gov/pentaho/mdmap/photo-files/21332,2023-12-17,,noaa_seed_data,TAMUG Shell Beach 2,118
seed_21333,29.36644,-94.813126,plastic,medium,https://portal.diver.orr.noaa.gov/pentaho/mdmap/photo-files/21333,2023-12-20,,noaa_seed_data,Texas City Dike,46
seed_21334,29.37183,-94.8285,plastic,medium,https://portal.diver.orr.noaa.gov/pentaho/mdmap/photo-files/21334,2023-12-20,,noaa_seed_data,Texas City Dike (North),28
seed_21336,46.214249,-124.004412,plastic,low,,2023-12-22,,noaa_seed_data,Fort Stevens,4
seed_21339,50.131164,-127.706771,plastic,high,https://portal.diver.orr.noaa.gov/pentaho/mdmap/photo-files/21339,2023-09-28,,noaa_seed_data,"Surfers Beach, Brooks Peninsula ",265
seed_21341,46.436928,-124.059664,plastic,medium,,2023-10-30,,noaa_seed_data,Klipsan,15
seed_21342,46.436928,-124.059664,plastic,low,,2023-04-27,,noaa_seed_data,Klipsan,10
seed_21343,46.436928,-124.059664,plastic,low,,2023-11-29,,noaa_seed_data,Klipsan,14
seed_21344,44.28263239366918,-124.1107139186496,plastic,low,,2022-09-12,,noaa_seed_data,Cape Perpetua-Cove Beach,3
seed_21345,44.28263239366918,-124.1107139186496,plastic,low,,2022-11-14,,noaa_seed_data,Cape Perpetua-Cove Beach,6
seed_21346,44.28263239366918,-124.1107139186496,plastic,low,,2023-01-16,,noaa_seed_data,Cape Perpetua-Cove Beach,2
seed_21347,44.28263239366918,-124.1107139186496,plastic,low,,2023-02-13,,noaa_seed_data,Cape Perpetua-Cove Beach,1
seed_21348,44.28263239366918,-124.1107139186496,plastic,low,,2023-03-13,,noaa_seed_data,Cape Perpetua-Cove Beach,1
seed_21349,44.28263239366918,-124.1107139186496,plastic,low,,2023-04-10,,noaa_seed_data,Cape Perpetua-Cove Beach,0
seed_21350,44.28263239366918,-124.1107139186496,plastic,low,,2023-05-09,,noaa_seed_data,Cape Perpetua-Cove Beach,0
seed_21351,44.28263239366918,-124.1107139186496,plastic,low,,2023-06-09,,noaa_seed_data,Cape Perpetua-Cove Beach,0
seed_21352,44.28263239366918,-124.1107139186496,plastic,low,,2023-08-07,,noaa_seed_data,Cape Perpetua-Cove Beach,1
seed_21353,44.28263239366918,-124.1107139186496,plastic,low,,2023-10-02,,noaa_seed_data,Cape Perpetua-Cove Beach,1
seed_21355,30.268611,-87.582778,plastic,medium,,2023-12-27,,noaa_seed_data,Cotton Bayou Beach access,16
seed_21356,30.23167,-88.01822,plastic,low,,2023-12-27,,noaa_seed_data,Fort Morgan Fort Entrance,13
seed_21357,30.2279111209,-87.83247046,plastic,low,,2023-12-27,,noaa_seed_data,Mobile Street,0
seed_21358,44.935614,-124.024746,plastic,low,,2024-01-02,,noaa_seed_data,Taft,0
seed_21362,27.4829127,-97.2718,plastic,high,,2024-01-08,,noaa_seed_data,PAIS North Beach,79
seed_21363,27.4829127,-97.2718,plastic,high,,2023-12-01,,noaa_seed_data,PAIS North Beach,152
seed_21364,41.420064,-82.606511,plastic,low,https://portal.diver.orr.noaa.gov/pentaho/mdmap/photo-files/21364,2024-01-07,,noaa_seed_data,Sheldon Marsh Beach,4
seed_21366,29.334012,-94.780574,plastic,high,https://portal.diver.orr.noaa.gov/pentaho/mdmap/photo-files/21366,2024-01-10,,noaa_seed_data,Seawolf Park,130
seed_21367,-14.29688,-170.67758,glass,medium,,2023-05-31,,noaa_seed_data,Fatumafuti,36
seed_21369,45.374868,-123.969176,plastic,medium,,2024-01-16,,noaa_seed_data,Cape Lookout Spit,55
seed_21370,29.334515,-94.742273,plastic,high,,2024-01-06,,noaa_seed_data,East End Shipping Channel,377
seed_21373,46.214249,-124.004412,plastic,low,https://portal.diver.orr.noaa.gov/pentaho/mdmap/photo-files/21373,2024-01-19,,noaa_seed_data,Fort Stevens,4
seed_21374,22.005821,-159.335868,plastic,high,https://portal.diver.orr.noaa.gov/pentaho/mdmap/photo-files/21374,2023-12-19,,noaa_seed_data,"Nukolii Beach, Kauai",82
seed_21376,21.330726,-157.691602,plastic,high,https://portal.diver.orr.noaa.gov/pentaho/mdmap/photo-files/21376,2024-01-21,,noaa_seed_data,Waimanalo Beach Park,101
seed_21377,-14.2837666667,-170.6774,plastic,medium,,2023-07-31,,noaa_seed_data,Gataivai,47
seed_21380,45.792356,-123.968265,plastic,low,,2024-01-18,,noaa_seed_data,Cape Falcon Marine Reserve: Arch Cape,0
seed_21381,44.453267,-124.083248,plastic,high,https://portal.diver.orr.noaa.gov/pentaho/mdmap/photo-files/21381,2024-01-19,,noaa_seed_data,Sandpiper Beach,242
seed_21382,28.95605556,-113.544166,plastic,low,https://portal.diver.orr.noaa.gov/pentaho/mdmap/photo-files/21382,2023-01-07,,noaa_seed_data,El Faro,5
seed_21383,30.2279111209,-87.83247046,plastic,low,,2024-01-23,,noaa_seed_data,Mobile Street,2
seed_21384,30.23167,-88.01822,plastic,low,,2024-01-23,,noaa_seed_data,Fort Morgan Fort Entrance,9
seed_21385,-14.27585,-170.7064666667,plastic,low,,2023-09-27,,noaa_seed_data,Coconut Point,14
seed_21386,-14.2837666667,-170.6774,glass,medium,,2023-09-29,,noaa_seed_data,Gataivai,46
seed_21387,41.426125,-82.364406,plastic,high,https://portal.diver.orr.noaa.gov/pentaho/mdmap/photo-files/21387,2024-01-26,,noaa_seed_data,Main Street Beach,68
seed_21388,41.41744,-82.389166,plastic,low,https://portal.diver.orr.noaa.gov/pentaho/mdmap/photo-files/21388,2024-01-30,,noaa_seed_data,Sherod Park Shore,7
seed_21389,49.312182,-124.212981,plastic,low,,2024-01-30,,noaa_seed_data,Beachcombers Beach (Nanoose Bay),0
seed_21390,49.4204,-124.639825,plastic,medium,,2024-01-30,,noaa_seed_data,Nile Creek Beach,18
seed_21391,46.436928,-124.059664,plastic,medium,https://portal.diver.orr.noaa.gov/pentaho/mdmap/photo-files/21391,2023-12-31,,noaa_seed_data,Klipsan,43
seed_21392,46.436928,-124.059664,plastic,medium,https://portal.diver.orr.noaa.gov/pentaho/mdmap/photo-files/21392,2024-01-30,,noaa_seed_data,Klipsan,42
seed_21393,-14.32606,-170.811,plastic,medium,,2023-10-13,,noaa_seed_data,Se'etaga,23
seed_21394,-14.3293166667,-170.8251833333,plastic,low,,2023-10-13,,noaa_seed_data,Fa'ilolo,7
seed_21395,-14.3253,-170.8303166667,plastic,low,,2023-10-13,,noaa_seed_data,Palagi Beach,7
seed_21396,29.36644,-94.813126,plastic,medium,https://portal.diver.orr.noaa.gov/pentaho/mdmap/photo-files/21396,2024-01-26,,noaa_seed_data,Texas City Dike,54
seed_21397,27.4829127,-97.2718,plastic,medium,,2024-02-02,,noaa_seed_data,PAIS North Beach,53
seed_21398,29.37183,-94.8285,plastic,medium,https://portal.diver.orr.noaa.gov/pentaho/mdmap/photo-files/21398,2024-01-26,,noaa_seed_data,Texas City Dike (North),24
seed_21399,41.48996,-81.92651,plastic,high,https://portal.diver.orr.noaa.gov/pentaho/mdmap/photo-files/21399,2024-02-04,,noaa_seed_data,Cahoon Memorial Park West/Cahoon,74
seed_21400,18.4066,-67.1754,plastic,low,,2024-01-19,,noaa_seed_data,ODRE - Espinar,9
seed_21401,29.219839885,-81.0026457,plastic,low,https://portal.diver.orr.noaa.gov/pentaho/mdmap/photo-files/21401,2024-01-30,,noaa_seed_data,Sun Splash Park- Mermaid Box,10
seed_21402,28.945833,-113.556944,plastic,medium,,2023-07-29,,noaa_seed_data,Playa Ocañas,37
seed_21403,28.9240054,-113.4084461,plastic,low,,2023-06-28,,noaa_seed_data,El quemado,12
seed_21404,28.9238167,-113.3931712,plastic,low,,2023-07-22,,noaa_seed_data,El Pescador,3
seed_21405,28.9647913,-113.545865,plastic,low,,2023-07-21,,noaa_seed_data,Punta Arena,5
seed_21406,41.420064,-82.606511,processed-lumber,low,,2024-02-09,,noaa_seed_data,Sheldon Marsh Beach,1
seed_21409,28.892,-113.525,plastic,low,,2022-11-12,,noaa_seed_data,El Rincon,4
seed_21410,29.07619,-80.92448,plastic,medium,,2023-09-15,,noaa_seed_data,Lighthouse Point Park II,49
seed_21411,29.07619,-80.92448,plastic,low,,2023-11-16,,noaa_seed_data,Lighthouse Point Park II,10
seed_21412,29.07619,-80.92448,plastic,medium,,2023-12-22,,noaa_seed_data,Lighthouse Point Park II,25
seed_21413,29.07619,-80.92448,plastic,low,,2024-01-16,,noaa_seed_data,Lighthouse Point Park II,12
seed_21414,29.038,-113.5491,plastic,low,,2024-02-14,,noaa_seed_data,Playa la Ginga,0
seed_21415,18.1908,-67.158955,plastic,high,https://portal.diver.orr.noaa.gov/pentaho/mdmap/photo-files/21415,2024-02-16,,noaa_seed_data,Guanajibo/Milenio,83
seed_21416,41.426125,-82.364406,plastic,medium,https://portal.diver.orr.noaa.gov/pentaho/mdmap/photo-files/21416,2024-02-16,,noaa_seed_data,Main Street Beach,61
seed_21417,45.374868,-123.969176,plastic,low,,2024-02-19,,noaa_seed_data,Cape Lookout Spit,2
seed_21418,46.214249,-124.004412,plastic,low,https://portal.diver.orr.noaa.gov/pentaho/mdmap/photo-files/21418,2024-02-19,,noaa_seed_data,Fort Stevens,11
seed_21419,34.275278,-119.291389,plastic,high,https://portal.diver.orr.noaa.gov/pentaho/mdmap/photo-files/21419,2024-02-16,,noaa_seed_data,Ventura Pier Beach ,176
seed_21420,34.09799553,-119.1030369,plastic,medium,,2024-02-13,,noaa_seed_data,Point MUGU Naval Base Family Beach Survey Site #1 (North),21
seed_21421,34.099722,-119.100756,plastic,low,https://portal.diver.orr.noaa.gov/pentaho/mdmap/photo-files/21421,2024-02-14,,noaa_seed_data,Point Mugu Naval Base Family Beach Site #2,11
seed_21422,34.099722,-119.099167,plastic,low,https://portal.diver.orr.noaa.gov/pentaho/mdmap/photo-files/21422,2024-02-14,,noaa_seed_data,"Point Mugu Survey Site 3 south end, Closest to Mugu Lagoon estuary",0
seed_21423,34.274444,-119.297778,plastic,high,https://portal.diver.orr.noaa.gov/pentaho/mdmap/photo-files/21423,2024-02-23,,noaa_seed_data,Ventura Pier Beach Surfers Point North End,106
seed_21424,34.141586381,-119.194764514888,plastic,high,https://portal.diver.orr.noaa.gov/pentaho/mdmap/photo-files/21424,2024-02-22,,noaa_seed_data,Port Hueneme Pier Beach Survey Site 1,155
seed_21425,34.140833,-119.194167,plastic,high,,2024-02-23,,noaa_seed_data,Port Hueneme Pier Beach Survey Site 2 South of Pier,100
seed_21426,44.453267,-124.083248,plastic,high,https://portal.diver.orr.noaa.gov/pentaho/mdmap/photo-files/21426,2024-02-19,,noaa_seed_data,Sandpiper Beach,101
seed_21428,44.751079,-124.064519,metal,low,https://portal.diver.orr.noaa.gov/pentaho/mdmap/photo-files/21428,2024-02-21,,noaa_seed_data,Otter Rock Marine Reserve,2
seed_21429,17.684494974186283,-64.76296539284263,plastic,medium,,2024-02-23,,noaa_seed_data,Ruth Cay,24
seed_21430,40.4181181,-73.980795,plastic,high,https://portal.diver.orr.noaa.gov/pentaho/mdmap/photo-files/21430,2024-02-26,,noaa_seed_data,Sandy Hook @ C Beach,108
seed_21431,41.41744,-82.389166,plastic,medium,,2024-02-27,,noaa_seed_data,Sherod Park Shore,17
seed_21433,33.463919,-117.715025,plastic,low,https://portal.diver.orr.noaa.gov/pentaho/mdmap/photo-files/21433,2024-03-03,,noaa_seed_data,South Strand Conservation Park,9
seed_21434,41.48996,-81.92651,other,high,,2024-03-04,,noaa_seed_data,Cahoon Memorial Park West/Cahoon,91
seed_21435,27.4829127,-97.2718,plastic,high,,2024-03-04,,noaa_seed_data,PAIS North Beach,98
seed_21436,22.005821,-159.335868,plastic,high,https://portal.diver.orr.noaa.gov/pentaho/mdmap/photo-files/21436,2023-09-26,,noaa_seed_data,"Nukolii Beach, Kauai",89
seed_21437,28.892906,-113.480552,plastic,low,,2023-04-12,,noaa_seed_data,Playa La Mona,13
seed_21438,28.890549,-113.49029,plastic,medium,,2023-10-07,,noaa_seed_data,Estero del Rincon,31
seed_21439,28.9478,-113.5579,plastic,medium,,2023-09-07,,noaa_seed_data,Guillermos,64
seed_21440,22.005821,-159.335868,plastic,high,https://portal.diver.orr.noaa.gov/pentaho/mdmap/photo-files/21440,2023-06-11,,noaa_seed_data,"Nukolii Beach, Kauai",71
seed_21441,22.005821,-159.335868,plastic,high,https://portal.diver.orr.noaa.gov/pentaho/mdmap/photo-files/21441,2022-12-12,,noaa_seed_data,"Nukolii Beach, Kauai",95
seed_21442,29.334515,-94.742273,plastic,high,,2024-03-02,,noaa_seed_data,East End Shipping Channel,345
seed_21443,22.005821,-159.335868,plastic,medium,https://portal.diver.orr.noaa.gov/pentaho/mdmap/photo-files/21443,2022-09-30,,noaa_seed_data,"Nukolii Beach, Kauai",36
seed_21444,44.935614,-124.024746,plastic,low,,2024-02-19,,noaa_seed_data,Taft,0
seed_21445,41.514656,-82.924116,plastic,low,,2024-01-29,,noaa_seed_data,Port Clinton City Beach - OWC,9
seed_21446,41.514656,-82.924116,other,low,,2024-02-20,,noaa_seed_data,Port Clinton City Beach - OWC,6
seed_21447,39.2622831,-74.5912882,plastic,medium,,2024-02-27,,noaa_seed_data,Ocean City @ 22nd St,32
seed_21448,38.9591921,-74.8411273,plastic,medium,,2024-02-20,,noaa_seed_data,Wildwood Crest @ E Topeka Ave,19
seed_21449,22.005821,-159.335868,plastic,medium,https://portal.diver.orr.noaa.gov/pentaho/mdmap/photo-files/21449,2022-06-26,,noaa_seed_data,"Nukolii Beach, Kauai",64
seed_21450,49.314305,-124.26266,plastic,low,,2024-01-30,,noaa_seed_data,Black Goose Beach (Parksville),4
seed_21451,22.005821,-159.335868,plastic,medium,https://portal.diver.orr.noaa.gov/pentaho/mdmap/photo-files/21451,2022-03-27,,noaa_seed_data,"Nukolii Beach, Kauai",40
seed_21452,39.0433049,-74.7606781,plastic,low,,2024-03-05,,noaa_seed_data,Stone Harbor @ 108th St,5
seed_21453,39.154934,-74.6880469,plastic,low,,2024-03-05,,noaa_seed_data,Sea Isle City @ 40th St,9
seed_21454,39.3552421,-74.4274757,plastic,high,https://portal.diver.orr.noaa.gov/pentaho/mdmap/photo-files/21454,2024-03-06,,noaa_seed_data,Atlantic City @ Kentucky Ave,107
seed_21455,45.374868,-123.969176,plastic,low,,2024-03-15,,noaa_seed_data,Cape Lookout Spit,8
seed_21456,41.420064,-82.606511,plastic,low,,2024-03-12,,noaa_seed_data,Sheldon Marsh Beach,3
seed_21457,33.4608,-117.67858,plastic,low,https://portal.diver.orr.noaa.gov/pentaho/mdmap/photo-files/21457,2024-03-16,,noaa_seed_data,Doheny Beach,4
seed_21458,33.40627,-117.6081,plastic,medium,https://portal.diver.orr.noaa.gov/pentaho/mdmap/photo-files/21458,2024-03-16,,noaa_seed_data,Calafia State Beach,21
seed_21459,44.453267,-124.083248,plastic,high,https://portal.diver.orr.noaa.gov/pentaho/mdmap/photo-files/21459,2024-03-13,,noaa_seed_data,Sandpiper Beach,125
seed_21460,22.005821,-159.335868,plastic,high,https://portal.diver.orr.noaa.gov/pentaho/mdmap/photo-files/21460,2021-12-19,,noaa_seed_data,"Nukolii Beach, Kauai",126
seed_21461,30.23167,-88.01822,processed-lumber,low,,2024-02-23,,noaa_seed_data,Fort Morgan Fort Entrance,6
seed_21462,30.268611,-87.582778,rubber,low,,2024-02-16,,noaa_seed_data,Cotton Bayou Beach access,2
seed_21464,29.312992,-94.820746,plastic,high,https://portal.diver.orr.noaa.gov/pentaho/mdmap/photo-files/21464,2024-01-31,,noaa_seed_data,TAMUG Shell Beach 2,114
seed_21466,29.312992,-94.820746,plastic,high,https://portal.diver.orr.noaa.gov/pentaho/mdmap/photo-files/21466,2024-02-25,,noaa_seed_data,TAMUG Shell Beach 2,315
seed_21467,46.214249,-124.004412,plastic,low,https://portal.diver.orr.noaa.gov/pentaho/mdmap/photo-files/21467,2024-03-17,,noaa_seed_data,Fort Stevens,11
seed_21468,39.4205997,-74.3474627,plastic,medium,https://portal.diver.orr.noaa.gov/pentaho/mdmap/photo-files/21468,2024-02-27,,noaa_seed_data,Brigantine @ North Beach,38
seed_21469,39.4205997,-74.3474627,plastic,medium,,2024-03-14,,noaa_seed_data,Brigantine @ North Beach,46
seed_21470,39.2622831,-74.5912882,plastic,medium,https://portal.diver.orr.noaa.gov/pentaho/mdmap/photo-files/21470,2024-03-14,,noaa_seed_data,Ocean City @ 22nd St,15
seed_21471,39.9135102,-74.0759494,plastic,medium,https://portal.diver.orr.noaa.gov/pentaho/mdmap/photo-files/21471,2024-03-05,,noaa_seed_data,Seaside Park @ 13th Ave,45
seed_21472,39.8495065,-74.0854732,plastic,medium,https://portal.diver.orr.noaa.gov/pentaho/mdmap/photo-files/21472,2024-03-05,,noaa_seed_data,Island Beach State Park @ Swimming Area 2,41
seed_21473,39.341193,-74.465616,plastic,medium,https://portal.diver.orr.noaa.gov/pentaho/mdmap/photo-files/21473,2024-03-21,,noaa_seed_data,Ventnor @ S. Austin Ave,56
seed_21474,39.7030929,-74.1331475,plastic,low,,2024-03-08,,noaa_seed_data,Harvey Cedars @ E 75th St,5
seed_21475,39.584204,-74.2191046,plastic,low,,2024-03-08,,noaa_seed_data,Beach Haven @ New Jersey Ave,13
seed_21476,40.0626748,-74.0429414,plastic,medium,,2024-03-18,,noaa_seed_data,Bay Head @ Johnson St,42
seed_21477,40.1399129,-74.0248553,plastic,high,https://portal.diver.orr.noaa.gov/pentaho/mdmap/photo-files/21477,2024-03-18,,noaa_seed_data,Spring Lake @ York Ave,242
seed_21478,40.2192115,-73.9989961,plastic,high,,2024-03-18,,noaa_seed_data,Asbury Park @ 1st Ave,115
seed_21479,40.0626748,-74.0429414,plastic,medium,https://portal.diver.orr.noaa.gov/pentaho/mdmap/photo-files/21479,2024-03-04,,noaa_seed_data,Bay Head @ Johnson St,19
seed_21480,40.1399129,-74.0248553,plastic,high,,2024-03-04,,noaa_seed_data,Spring Lake @ York Ave,71
seed_21481,40.2192115,-73.9989961,plastic,high,,2024-02-27,,noaa_seed_data,Asbury Park @ 1st Ave,131
seed_21482,40.2951422,-73.9788222,plastic,medium,,2024-02-27,,noaa_seed_data,Long Branch @ Ocean Ave N,42
seed_21483,39.0433049,-74.7606781,plastic,medium,,2024-03-12,,noaa_seed_data,Stone Harbor @ 108th St,17
seed_21484,39.154934,-74.6880469,plastic,low,,2024-03-13,,noaa_seed_data,Sea Isle City @ 40th St,4
seed_21485,40.2951422,-73.9788222,plastic,medium,,2024-03-12,,noaa_seed_data,Long Branch @ Ocean Ave N,42
seed_21486,40.4181181,-73.980795,plastic,high,,2024-03-12,,noaa_seed_data,Sandy Hook @ C Beach,273
seed_21487,41.426125,-82.364406,plastic,medium,,2024-03-22,,noaa_seed_data,Main Street Beach,60
seed_21488,39.9135102,-74.0759494,plastic,medium,https://portal.diver.orr.noaa.gov/pentaho/mdmap/photo-files/21488,2024-03-19,,noaa_seed_data,Seaside Park @ 13th Ave,29
seed_21489,39.8495065,-74.0854732,plastic,medium,https://portal.diver.orr.noaa.gov/pentaho/mdmap/photo-files/21489,2024-03-19,,noaa_seed_data,Island Beach State Park @ Swimming Area 2,24
seed_21490,44.612487,-124.071743,plastic,medium,https://portal.diver.orr.noaa.gov/pentaho/mdmap/photo-files/21490,2024-03-06,,noaa_seed_data,South Beach State Park-South Jetty,22
seed_21491,-14.29243,-170.679947,plastic,high,,2023-05-16,,noaa_seed_data,Faga'Alu [Park Shoreline],134
seed_21492,-14.29243,-170.679947,plastic,high,,2023-06-30,,noaa_seed_data,Faga'Alu [Park Shoreline],76
seed_21493,-14.29243,-170.679947,glass,medium,,2023-07-31,,noaa_seed_data,Faga'Alu [Park Shoreline],41
seed_21494,39.0433049,-74.7606781,plastic,medium,https://portal.diver.orr.noaa.gov/pentaho/mdmap/photo-files/21494,2024-03-20,,noaa_seed_data,Stone Harbor @ 108th St,19
seed_21495,39.154934,-74.6880469,plastic,low,https://portal.diver.orr.noaa.gov/pentaho/mdmap/photo-files/21495,2024-03-20,,noaa_seed_data,Sea Isle City @ 40th St,2
seed_21496,41.514656,-82.924116,plastic,medium,,2024-03-25,,noaa_seed_data,Port Clinton City Beach - OWC,32
seed_21497,-14.29243,-170.679947,glass,high,,2023-09-29,,noaa_seed_data,Faga'Alu [Park Shoreline],171
seed_21498,-14.2837666667,-170.6774,plastic,high,,2023-11-10,,noaa_seed_data,Gataivai,136
seed_21499,-14.29243,-170.679947,plastic,low,,2023-11-10,,noaa_seed_data,Faga'Alu [Park Shoreline],3
seed_21500,41.41744,-82.389166,plastic,medium,https://portal.diver.orr.noaa.gov/pentaho/mdmap/photo-files/21500,2024-03-27,,noaa_seed_data,Sherod Park Shore,22
seed_21501,44.751079,-124.064519,plastic,high,https://portal.diver.orr.noaa.gov/pentaho/mdmap/photo-files/21501,2024-03-29,,noaa_seed_data,Otter Rock Marine Reserve,70
seed_21502,40.1399129,-74.0248553,plastic,high,https://portal.diver.orr.noaa.gov/pentaho/mdmap/photo-files/21502,2024-03-27,,noaa_seed_data,Spring Lake @ York Ave,207
seed_21503,40.0626748,-74.0429414,plastic,medium,https://portal.diver.orr.noaa.gov/pentaho/mdmap/photo-files/21503,2024-03-27,,noaa_seed_data,Bay Head @ Johnson St,32
seed_21504,40.4181181,-73.980795,plastic,high,,2024-03-25,,noaa_seed_data,Sandy Hook @ C Beach,162
seed_21506,29.334012,-94.780574,plastic,high,https://portal.diver.orr.noaa.gov/pentaho/mdmap/photo-files/21506,2024-03-13,,noaa_seed_data,Seawolf Park,245
seed_21507,29.334012,-94.780574,plastic,high,https://portal.diver.orr.noaa.gov/pentaho/mdmap/photo-files/21507,2024-02-07,,noaa_seed_data,Seawolf Park,160
seed_21508,29.36644,-94.813126,plastic,medium,https://portal.diver.orr.noaa.gov/pentaho/mdmap/photo-files/21508,2024-03-27,,noaa_seed_data,Texas City Dike,46
seed_21509,29.36644,-94.813126,plastic,high,https://portal.diver.orr.noaa.gov/pentaho/mdmap/photo-files/21509,2024-02-28,,noaa_seed_data,Texas City Dike,116
seed_21510,29.37183,-94.8285,plastic,medium,https://portal.diver.orr.noaa.gov/pentaho/mdmap/photo-files/21510,2024-02-28,,noaa_seed_data,Texas City Dike (North),19
seed_21511,44.935614,-124.024746,plastic,low,,2024-03-31,,noaa_seed_data,Taft,0
seed_21512,38.9591921,-74.8411273,plastic,high,https://portal.diver.orr.noaa.gov/pentaho/mdmap/photo-files/21512,2024-04-03,,noaa_seed_data,Wildwood Crest @ E Topeka Ave,84
seed_21514,18.33126,-64.80729,plastic,high,,2024-03-07,,noaa_seed_data,Steven's Caye,248
seed_21515,18.307043,-64.865602,plastic,low,,2024-04-05,,noaa_seed_data,Cas Cay,13
seed_21517,27.33598,-82.57258,plastic,medium,,2024-04-11,,noaa_seed_data,City Island Beach ,41
seed_21518,39.2622831,-74.5912882,plastic,low,,2024-04-02,,noaa_seed_data,Ocean City @ 22nd St,11
seed_21519,27.441978,-82.68799,plastic,low,,2024-04-11,,noaa_seed_data,Gibby Point at Longboat Key,7
seed_21520,39.8495065,-74.0854732,plastic,low,https://portal.diver.orr.noaa.gov/pentaho/mdmap/photo-files/21520,2024-04-03,,noaa_seed_data,Island Beach State Park @ Swimming Area 2,9
seed_21521,39.9135102,-74.0759494,plastic,medium,https://portal.diver.orr.noaa.gov/pentaho/mdmap/photo-files/21521,2024-04-03,,noaa_seed_data,Seaside Park @ 13th Ave,43
seed_21522,45.374868,-123.969176,plastic,low,,2024-04-13,,noaa_seed_data,Cape Lookout Spit,4
seed_21523,41.426125,-82.364406,plastic,high,https://portal.diver.orr.noaa.gov/pentaho/mdmap/photo-files/21523,2024-04-14,,noaa_seed_data,Main Street Beach,137
seed_21524,41.48996,-81.92651,other,high,,2024-04-15,,noaa_seed_data,Cahoon Memorial Park West/Cahoon,101
seed_21525,29.334012,-94.780574,plastic,medium,https://portal.diver.orr.noaa.gov/pentaho/mdmap/photo-files/21525,2024-04-11,,noaa_seed_data,Seawolf Park,57
seed_21527,48.49709,-122.55673,plastic,high,https://portal.diver.orr.noaa.gov/pentaho/mdmap/photo-files/21527,2024-04-09,,noaa_seed_data,March Point - Padilla Bay National Estuarine Research Reserve,158
seed_21528,29.312992,-94.820746,plastic,high,,2024-03-31,,noaa_seed_data,TAMUG Shell Beach 2,239
seed_21529,39.4205997,-74.3474627,plastic,medium,,2024-04-09,,noaa_seed_data,Brigantine @ North Beach,51
seed_21531,39.341193,-74.465616,plastic,medium,,2024-04-09,,noaa_seed_data,Ventnor @ S. Austin Ave,50
seed_21532,46.214249,-124.004412,plastic,low,https://portal.diver.orr.noaa.gov/pentaho/mdmap/photo-files/21532,2024-04-16,,noaa_seed_data,Fort Stevens,2
seed_21534,40.2951422,-73.9788222,plastic,medium,,2024-04-09,,noaa_seed_data,Long Branch @ Ocean Ave N,15
seed_21535,40.2192115,-73.9989961,plastic,high,,2024-04-09,,noaa_seed_data,Asbury Park @ 1st Ave,152
seed_21536,39.7030929,-74.1331475,plastic,low,,2024-03-19,,noaa_seed_data,Harvey Cedars @ E 75th St,11
seed_21537,39.7030929,-74.1331475,plastic,medium,,2024-04-03,,noaa_seed_data,Harvey Cedars @ E 75th St,43
seed_21538,39.584204,-74.2191046,plastic,medium,,2024-03-19,,noaa_seed_data,Beach Haven @ New Jersey Ave,24
seed_21539,39.584204,-74.2191046,plastic,medium,,2024-04-03,,noaa_seed_data,Beach Haven @ New Jersey Ave,20
seed_21540,49.355444,-124.444559,plastic,low,https://portal.diver.orr.noaa.gov/pentaho/mdmap/photo-files/21540,2024-04-22,,noaa_seed_data,Qualicum Beach (The Shore Restaurant),5
seed_21541,49.355038,-124.365214,metal,low,,2024-04-18,,noaa_seed_data,Columbia Beach,1
seed_21542,29.219839885,-81.0026457,plastic,medium,https://portal.diver.orr.noaa.gov/pentaho/mdmap/photo-files/21542,2024-04-05,,noaa_seed_data,Sun Splash Park- Mermaid Box,24
seed_21543,41.514656,-82.924116,plastic,medium,,2024-04-22,,noaa_seed_data,Port Clinton City Beach - OWC,16
seed_21544,29.219839885,-81.0026457,plastic,low,,2024-04-07,,noaa_seed_data,Sun Splash Park- Mermaid Box,12
seed_21546,29.36644,-94.813126,plastic,medium,https://portal.diver.orr.noaa.gov/pentaho/mdmap/photo-files/21546,2024-04-24,,noaa_seed_data,Texas City Dike,45
seed_21548,29.37183,-94.8285,plastic,medium,https://portal.diver.orr.noaa.gov/pentaho/mdmap/photo-files/21548,2024-04-24,,noaa_seed_data,Texas City Dike (North),37
seed_21549,44.453267,-124.083248,plastic,high,https://portal.diver.orr.noaa.gov/pentaho/mdmap/photo-files/21549,2024-04-24,,noaa_seed_data,Sandpiper Beach,69
seed_21550,41.41744,-82.389166,plastic,medium,https://portal.diver.orr.noaa.gov/pentaho/mdmap/photo-files/21550,2024-04-26,,noaa_seed_data,Sherod Park Shore,23
seed_21551,30.23167,-88.01822,plastic,low,,2024-04-25,,noaa_seed_data,Fort Morgan Fort Entrance,5
seed_21552,30.268611,-87.582778,plastic,medium,,2024-04-26,,noaa_seed_data,Cotton Bayou Beach access,19
seed_21553,30.2279111209,-87.83247046,plastic,low,,2024-04-25,,noaa_seed_data,Mobile Street,1
seed_21555,39.341193,-74.465616,plastic,medium,,2024-03-12,,noaa_seed_data,Ventnor @ S. Austin Ave,56
seed_21556,49.312182,-124.212981,plastic,low,,2024-04-22,,noaa_seed_data,Beachcombers Beach (Nanoose Bay),3
seed_21557,38.9591921,-74.8411273,plastic,low,,2024-03-21,,noaa_seed_data,Wildwood Crest @ E Topeka Ave,11
seed_21558,49.320359,-124.26386,processed-lumber,medium,https://portal.diver.orr.noaa.gov/pentaho/mdmap/photo-files/21558,2024-04-26,,noaa_seed_data,Rathtrevor Beach (RB) Parksville,17
seed_21560,44.751079,-124.064519,plastic,low,https://portal.diver.orr.noaa.gov/pentaho/mdmap/photo-files/21560,2024-04-29,,noaa_seed_data,Otter Rock Marine Reserve,6
seed_21561,41.38435,-82.51541,plastic,high,,2023-11-22,,noaa_seed_data,Old Woman Creek Beach,290
seed_21562,41.38435,-82.51541,plastic,medium,,2023-12-27,,noaa_seed_data,Old Woman Creek Beach,29
seed_21563,29.334515,-94.742273,plastic,high,,2024-04-06,,noaa_seed_data,East End Shipping Channel,316
seed_21564,46.436928,-124.059664,plastic,medium,https://portal.diver.orr.noaa.gov/pentaho/mdmap/photo-files/21564,2024-03-31,,noaa_seed_data,Klipsan,36
seed_21566,41.087,-72.3829,plastic,low,https://portal.diver.orr.noaa.gov/pentaho/mdmap/photo-files/21566,2024-05-03,,noaa_seed_data,Pipe's Cove,8
seed_21567,29.334012,-94.780574,plastic,high,https://portal.diver.orr.noaa.gov/pentaho/mdmap/photo-files/21567,2024-05-08,,noaa_seed_data,Seawolf Park,112
seed_21568,45.374868,-123.969176,plastic,low,,2024-05-10,,noaa_seed_data,Cape Lookout Spit,11
seed_21569,45.640446,-123.94242,plastic,medium,,2024-05-08,,noaa_seed_data,"Manhattan Beach, Rockaway - SS",22
seed_21570,41.48996,-81.92651,other,high,,2024-05-14,,noaa_seed_data,Cahoon Memorial Park West/Cahoon,135
seed_21571,39.007522,-76.402399,plastic,low,,2024-03-08,,noaa_seed_data,Sandy Point State Park,14
seed_21572,44.453267,-124.083248,plastic,medium,https://portal.diver.orr.noaa.gov/pentaho/mdmap/photo-files/21572,2024-05-13,,noaa_seed_data,Sandpiper Beach,33
seed_21574,41.426125,-82.364406,plastic,high,,2024-05-16,,noaa_seed_data,Main Street Beach,70
seed_21575,46.436928,-124.059664,plastic,medium,,2024-03-05,,noaa_seed_data,Klipsan,39
seed_21576,46.436928,-124.059664,plastic,medium,https://portal.diver.orr.noaa.gov/pentaho/mdmap/photo-files/21576,2024-04-30,,noaa_seed_data,Klipsan,28
seed_21578,29.334515,-94.742273,plastic,high,,2024-05-04,,noaa_seed_data,East End Shipping Channel,323
seed_21579,39.007522,-76.402399,plastic,medium,,2024-03-16,,noaa_seed_data,Sandy Point State Park,38
seed_21580,39.007522,-76.402399,plastic,medium,https://portal.diver.orr.noaa.gov/pentaho/mdmap/photo-files/21580,2024-04-13,,noaa_seed_data,Sandy Point State Park,43
seed_21581,27.33598,-82.57258,plastic,high,,2024-05-23,,noaa_seed_data,City Island Beach ,65
seed_21582,44.751079,-124.064519,plastic,medium,https://portal.diver.orr.noaa.gov/pentaho/mdmap/photo-files/21582,2024-05-22,,noaa_seed_data,Otter Rock Marine Reserve,17
seed_21583,44.612487,-124.071743,plastic,low,https://portal.diver.orr.noaa.gov/pentaho/mdmap/photo-files/21583,2024-05-24,,noaa_seed_data,South Beach State Park-South Jetty,11
seed_21585,41.087,-72.3829,plastic,low,https://portal.diver.orr.noaa.gov/pentaho/mdmap/photo-files/21585,2024-05-10,,noaa_seed_data,Pipe's Cove,12
seed_21586,41.087,-72.3829,plastic,low,https://portal.diver.orr.noaa.gov/pentaho/mdmap/photo-files/21586,2024-05-17,,noaa_seed_data,Pipe's Cove,9
seed_21587,41.087,-72.3829,plastic,low,https://portal.diver.orr.noaa.gov/pentaho/mdmap/photo-files/21587,2024-05-24,,noaa_seed_data,Pipe's Cove,5
seed_21588,41.41744,-82.389166,plastic,medium,https://portal.diver.orr.noaa.gov/pentaho/mdmap/photo-files/21588,2024-05-29,,noaa_seed_data,Sherod Park Shore,28
seed_21589,38.10745,-122.84681,plastic,low,https://portal.diver.orr.noaa.gov/pentaho/mdmap/photo-files/21589,2024-05-29,,noaa_seed_data,Millerton Point--Alan Sieroty Beach,13
seed_21591,33.4608,-117.67858,plastic,low,https://portal.diver.orr.noaa.gov/pentaho/mdmap/photo-files/21591,2024-06-02,,noaa_seed_data,Doheny Beach,7
seed_21593,29.36644,-94.813126,plastic,medium,https://portal.diver.orr.noaa.gov/pentaho/mdmap/photo-files/21593,2024-05-29,,noaa_seed_data,Texas City Dike,64
seed_21594,29.37183,-94.8285,plastic,medium,https://portal.diver.orr.noaa.gov/pentaho/mdmap/photo-files/21594,2024-05-29,,noaa_seed_data,Texas City Dike (North),17
seed_21595,44.935614,-124.024746,plastic,low,,2024-05-20,,noaa_seed_data,Taft,3
seed_21597,18.1908,-67.158955,plastic,high,https://portal.diver.orr.noaa.gov/pentaho/mdmap/photo-files/21597,2024-05-17,,noaa_seed_data,Guanajibo/Milenio,111
seed_21598,18.973919,-155.599356,plastic,high,https://portal.diver.orr.noaa.gov/pentaho/mdmap/photo-files/21598,2024-05-14,,noaa_seed_data,Kamilo Point (Kamilo Pae Kanaka),250
seed_21599,18.973919,-155.599356,plastic,high,https://portal.diver.orr.noaa.gov/pentaho/mdmap/photo-files/21599,2024-01-20,,noaa_seed_data,Kamilo Point (Kamilo Pae Kanaka),230
seed_21602,45.374868,-123.969176,plastic,low,,2024-06-10,,noaa_seed_data,Cape Lookout Spit,14
seed_21604,38.10745,-122.84681,glass,medium,,2024-06-16,,noaa_seed_data,Millerton Point--Alan Sieroty Beach,33
seed_21605,41.514656,-82.924116,plastic,medium,,2024-06-12,,noaa_seed_data,Port Clinton City Beach - OWC,21
seed_21606,29.334012,-94.780574,plastic,high,https://portal.diver.orr.noaa.gov/pentaho/mdmap/photo-files/21606,2024-06-12,,noaa_seed_data,Seawolf Park,156
seed_21607,58.60306,-153.76727,plastic,low,https://portal.diver.orr.noaa.gov/pentaho/mdmap/photo-files/21607,2024-06-12,,noaa_seed_data,Swikshak,0
seed_21608,29.312992,-94.820746,plastic,high,https://portal.diver.orr.noaa.gov/pentaho/mdmap/photo-files/21608,2024-06-02,,noaa_seed_data,TAMUG Shell Beach 2,180
seed_21609,22.005821,-159.335868,plastic,medium,,2024-06-15,,noaa_seed_data,"Nukolii Beach, Kauai",62
seed_21612,44.935614,-124.024746,plastic,low,,2024-06-20,,noaa_seed_data,Taft,2
seed_21627,41.426125,-82.364406,plastic,medium,,2024-06-20,,noaa_seed_data,Main Street Beach,45
seed_21628,58.45842,-154.07515,plastic,low,https://portal.diver.orr.noaa.gov/pentaho/mdmap/photo-files/21628,2024-06-21,,noaa_seed_data,Hallo Bay,2
seed_21629,41.48996,-81.92651,plastic,high,,2024-06-24,,noaa_seed_data,Cahoon Memorial Park West/Cahoon,71
seed_21630,46.214249,-124.004412,plastic,low,,2024-06-25,,noaa_seed_data,Fort Stevens,7
seed_21631,44.751079,-124.064519,plastic,low,https://portal.diver.orr.noaa.gov/pentaho/mdmap/photo-files/21631,2024-06-25,,noaa_seed_data,Otter Rock Marine Reserve,2
seed_21633,41.41744,-82.389166,plastic,medium,https://portal.diver.orr.noaa.gov/pentaho/mdmap/photo-files/21633,2024-06-26,,noaa_seed_data,Sherod Park Shore,38
seed_21634,26.5315,-97.26333,plastic,medium,https://portal.diver.orr.noaa.gov/pentaho/mdmap/photo-files/21634,2024-01-27,,noaa_seed_data,South Padre Island Mile Marker 23,36
seed_21635,26.14141,-97.16862,plastic,high,https://portal.diver.orr.noaa.gov/pentaho/mdmap/photo-files/21635,2022-08-30,,noaa_seed_data,South Padre Island Corral at Andie Bowie Park,107
seed_21636,26.14141,-97.16862,plastic,high,https://portal.diver.orr.noaa.gov/pentaho/mdmap/photo-files/21636,2022-11-28,,noaa_seed_data,South Padre Island Corral at Andie Bowie Park,432
seed_21637,26.5315,-97.26333,plastic,high,https://portal.diver.orr.noaa.gov/pentaho/mdmap/photo-files/21637,2023-02-19,,noaa_seed_data,South Padre Island Mile Marker 23,111
seed_21638,26.14141,-97.16862,plastic,high,https://portal.diver.orr.noaa.gov/pentaho/mdmap/photo-files/21638,2023-08-28,,noaa_seed_data,South Padre Island Corral at Andie Bowie Park,168
seed_21639,26.5315,-97.26333,plastic,high,,2022-08-17,,noaa_seed_data,South Padre Island Mile Marker 23,413
seed_21640,26.14141,-97.16862,plastic,medium,https://portal.diver.orr.noaa.gov/pentaho/mdmap/photo-files/21640,2023-12-20,,noaa_seed_data,South Padre Island Corral at Andie Bowie Park,62
seed_21641,26.14141,-97.16862,plastic,high,https://portal.diver.orr.noaa.gov/pentaho/mdmap/photo-files/21641,2023-03-27,,noaa_seed_data,South Padre Island Corral at Andie Bowie Park,90
seed_21642,26.5315,-97.26333,plastic,high,,2022-05-31,,noaa_seed_data,South Padre Island Mile Marker 23,545
seed_21643,26.5315,-97.26333,plastic,high,https://portal.diver.orr.noaa.gov/pentaho/mdmap/photo-files/21643,2023-04-30,,noaa_seed_data,South Padre Island Mile Marker 23,348
seed_21644,26.14141,-97.16862,plastic,medium,https://portal.diver.orr.noaa.gov/pentaho/mdmap/photo-files/21644,2022-02-28,,noaa_seed_data,South Padre Island Corral at Andie Bowie Park,30
seed_21645,26.5315,-97.26333,plastic,high,https://portal.diver.orr.noaa.gov/pentaho/mdmap/photo-files/21645,2023-05-14,,noaa_seed_data,South Padre Island Mile Marker 23,302
seed_21647,26.14141,-97.16862,plastic,high,https://portal.diver.orr.noaa.gov/pentaho/mdmap/photo-files/21647,2023-05-31,,noaa_seed_data,South Padre Island Corral at Andie Bowie Park,124
seed_21648,26.5315,-97.26333,plastic,high,https://portal.diver.orr.noaa.gov/pentaho/mdmap/photo-files/21648,2022-03-23,,noaa_seed_data,South Padre Island Mile Marker 23,221
seed_21649,26.14141,-97.16862,plastic,medium,https://portal.diver.orr.noaa.gov/pentaho/mdmap/photo-files/21649,2024-02-29,,noaa_seed_data,South Padre Island Corral at Andie Bowie Park,49
seed_21650,26.14141,-97.16862,plastic,medium,https://portal.diver.orr.noaa.gov/pentaho/mdmap/photo-files/21650,2023-11-06,,noaa_seed_data,South Padre Island Corral at Andie Bowie Park,42
seed_21651,26.14141,-97.16862,plastic,high,https://portal.diver.orr.noaa.gov/pentaho/mdmap/photo-files/21651,2022-05-17,,noaa_seed_data,South Padre Island Corral at Andie Bowie Park,144
seed_21652,26.5315,-97.26333,plastic,high,https://portal.diver.orr.noaa.gov/pentaho/mdmap/photo-files/21652,2023-01-23,,noaa_seed_data,South Padre Island Mile Marker 23,191
seed_21653,26.5315,-97.26333,plastic,high,https://portal.diver.orr.noaa.gov/pentaho/mdmap/photo-files/21653,2024-04-14,,noaa_seed_data,South Padre Island Mile Marker 23,88
seed_21654,26.14141,-97.16862,plastic,high,https://portal.diver.orr.noaa.gov/pentaho/mdmap/photo-files/21654,2023-02-28,,noaa_seed_data,South Padre Island Corral at Andie Bowie Park,92
seed_21655,26.5315,-97.26333,plastic,high,https://portal.diver.orr.noaa.gov/pentaho/mdmap/photo-files/21655,2022-04-30,,noaa_seed_data,South Padre Island Mile Marker 23,373
seed_21656,26.5315,-97.26333,plastic,medium,https://portal.diver.orr.noaa.gov/pentaho/mdmap/photo-files/21656,2023-11-27,,noaa_seed_data,South Padre Island Mile Marker 23,52
seed_21657,26.5315,-97.26333,plastic,high,https://portal.diver.orr.noaa.gov/pentaho/mdmap/photo-files/21657,2023-08-19,,noaa_seed_data,South Padre Island Mile Marker 23,174
seed_21658,26.5315,-97.26333,plastic,high,https://portal.diver.orr.noaa.gov/pentaho/mdmap/photo-files/21658,2023-06-12,,noaa_seed_data,South Padre Island Mile Marker 23,143
seed_21659,26.14141,-97.16862,plastic,medium,https://portal.diver.orr.noaa.gov/pentaho/mdmap/photo-files/21659,2023-01-16,,noaa_seed_data,South Padre Island Corral at Andie Bowie Park,55
seed_21660,26.5315,-97.26333,plastic,high,https://portal.diver.orr.noaa.gov/pentaho/mdmap/photo-files/21660,2024-05-20,,noaa_seed_data,South Padre Island Mile Marker 23,214
seed_21661,26.14141,-97.16862,plastic,high,https://portal.diver.orr.noaa.gov/pentaho/mdmap/photo-files/21661,2023-07-31,,noaa_seed_data,South Padre Island Corral at Andie Bowie Park,164
seed_21662,26.14141,-97.16862,plastic,medium,https://portal.diver.orr.noaa.gov/pentaho/mdmap/photo-files/21662,2024-05-28,,noaa_seed_data,South Padre Island Corral at Andie Bowie Park,20
seed_21663,26.14141,-97.16862,plastic,high,https://portal.diver.orr.noaa.gov/pentaho/mdmap/photo-files/21663,2023-04-10,,noaa_seed_data,South Padre Island Corral at Andie Bowie Park,172
seed_21664,26.5315,-97.26333,plastic,high,https://portal.diver.orr.noaa.gov/pentaho/mdmap/photo-files/21664,2024-06-09,,noaa_seed_data,South Padre Island Mile Marker 23,185
seed_21665,26.5315,-97.26333,plastic,high,https://portal.diver.orr.noaa.gov/pentaho/mdmap/photo-files/21665,2023-03-26,,noaa_seed_data,South Padre Island Mile Marker 23,161
seed_21666,26.14141,-97.16862,plastic,medium,,2022-09-25,,noaa_seed_data,South Padre Island Corral at Andie Bowie Park,62
seed_21667,26.14141,-97.16862,plastic,medium,https://portal.diver.orr.noaa.gov/pentaho/mdmap/photo-files/21667,2023-09-29,,noaa_seed_data,South Padre Island Corral at Andie Bowie Park,63
seed_21668,26.14141,-97.16862,plastic,high,https://portal.diver.orr.noaa.gov/pentaho/mdmap/photo-files/21668,2022-03-31,,noaa_seed_data,South Padre Island Corral at Andie Bowie Park,74
seed_21669,26.5315,-97.26333,plastic,medium,https://portal.diver.orr.noaa.gov/pentaho/mdmap/photo-files/21669,2022-11-06,,noaa_seed_data,South Padre Island Mile Marker 23,53
seed_21670,26.14141,-97.16862,plastic,medium,https://portal.diver.orr.noaa.gov/pentaho/mdmap/photo-files/21670,2022-10-30,,noaa_seed_data,South Padre Island Corral at Andie Bowie Park,22
seed_21671,26.5315,-97.26333,plastic,high,https://portal.diver.orr.noaa.gov/pentaho/mdmap/photo-files/21671,2024-02-25,,noaa_seed_data,South Padre Island Mile Marker 23,84
seed_21672,26.5315,-97.26333,plastic,high,https://portal.diver.orr.noaa.gov/pentaho/mdmap/photo-files/21672,2023-07-23,,noaa_seed_data,South Padre Island Mile Marker 23,234
seed_21673,26.14141,-97.16862,plastic,high,https://portal.diver.orr.noaa.gov/pentaho/mdmap/photo-files/21673,2024-04-08,,noaa_seed_data,South Padre Island Corral at Andie Bowie Park,71
seed_21674,26.14141,-97.16862,plastic,high,https://portal.diver.orr.noaa.gov/pentaho/mdmap/photo-files/21674,2022-04-17,,noaa_seed_data,South Padre Island Corral at Andie Bowie Park,80
seed_21675,26.5315,-97.26333,plastic,high,https://portal.diver.orr.noaa.gov/pentaho/mdmap/photo-files/21675,2023-09-26,,noaa_seed_data,South Padre Island Mile Marker 23,103
seed_21676,26.5315,-97.26333,plastic,high,https://portal.diver.orr.noaa.gov/pentaho/mdmap/photo-files/21676,2022-10-23,,noaa_seed_data,South Padre Island Mile Marker 23,98
seed_21677,26.5315,-97.26333,plastic,high,https://portal.diver.orr.noaa.gov/pentaho/mdmap/photo-files/21677,2024-03-26,,noaa_seed_data,South Padre Island Mile Marker 23,199
seed_21678,26.14141,-97.16862,plastic,high,https://portal.diver.orr.noaa.gov/pentaho/mdmap/photo-files/21678,2024-01-31,,noaa_seed_data,South Padre Island Corral at Andie Bowie Park,129
seed_21679,26.5315,-97.26333,plastic,medium,https://portal.diver.orr.noaa.gov/pentaho/mdmap/photo-files/21679,2022-12-04,,noaa_seed_data,South Padre Island Mile Marker 23,51
seed_21680,26.5315,-97.26333,plastic,high,https://portal.diver.orr.noaa.gov/pentaho/mdmap/photo-files/21680,2023-12-31,,noaa_seed_data,South Padre Island Mile Marker 23,85
seed_21681,26.5315,-97.26333,plastic,high,,2022-09-11,,noaa_seed_data,South Padre Island Mile Marker 23,165
seed_21682,26.14141,-97.16862,plastic,high,https://portal.diver.orr.noaa.gov/pentaho/mdmap/photo-files/21682,2023-06-26,,noaa_seed_data,South Padre Island Corral at Andie Bowie Park,139
seed_21683,26.5315,-97.26333,plastic,high,https://portal.diver.orr.noaa.gov/pentaho/mdmap/photo-files/21683,2023-10-15,,noaa_seed_data,South Padre Island Mile Marker 23,171
seed_21684,22.005821,-159.335868,plastic,high,https://portal.diver.orr.noaa.gov/pentaho/mdmap/photo-files/21684,2024-03-15,,noaa_seed_data,"Nukolii Beach, Kauai",118
seed_21685,41.087,-72.3829,plastic,low,https://portal.diver.orr.noaa.gov/pentaho/mdmap/photo-files/21685,2024-05-31,,noaa_seed_data,Pipe's Cove,10
seed_21686,41.087,-72.3829,plastic,low,,2024-06-10,,noaa_seed_data,Pipe's Cove,12
seed_21687,41.087,-72.3829,glass,low,,2024-06-21,,noaa_seed_data,Pipe's Cove,5
seed_21688,41.087,-72.3829,glass,low,,2024-06-26,,noaa_seed_data,Pipe's Cove,9
seed_21689,44.453267,-124.083248,plastic,medium,https://portal.diver.orr.noaa.gov/pentaho/mdmap/photo-files/21689,2024-06-24,,noaa_seed_data,Sandpiper Beach,49
seed_21690,34.0101467,-118.4998828,plastic,high,,2024-06-25,,noaa_seed_data,Santa Monica Pier (North),194
seed_21691,34.001590491524,-118.490388814,plastic,high,,2024-06-21,,noaa_seed_data,Santa Monica Tower 24,248
seed_21692,30.268611,-87.582778,plastic,medium,,2024-06-30,,noaa_seed_data,Cotton Bayou Beach access,31
seed_21693,30.2279111209,-87.83247046,plastic,low,https://portal.diver.orr.noaa.gov/pentaho/mdmap/photo-files/21693,2024-06-20,,noaa_seed_data,Mobile Street,0
seed_21694,30.23167,-88.01822,plastic,low,,2024-06-20,,noaa_seed_data,Fort Morgan Fort Entrance,5
seed_21696,45.033535,-83.308411,plastic,low,https://portal.diver.orr.noaa.gov/pentaho/mdmap/photo-files/21696,2024-06-06,,noaa_seed_data,North Point Nature Preserve,2
seed_21697,44.855154,-83.321418,plastic,low,,2024-06-07,,noaa_seed_data,Negwegon State Park,2
seed_21698,45.245,-83.412805,plastic,low,https://portal.diver.orr.noaa.gov/pentaho/mdmap/photo-files/21698,2024-06-10,,noaa_seed_data,Besser Natural Area,9
seed_21699,39.007522,-76.402399,plastic,medium,https://portal.diver.orr.noaa.gov/pentaho/mdmap/photo-files/21699,2024-06-27,,noaa_seed_data,Sandy Point State Park,44
seed_21701,49.355444,-124.444559,plastic,low,https://portal.diver.orr.noaa.gov/pentaho/mdmap/photo-files/21701,2024-07-04,,noaa_seed_data,Qualicum Beach (The Shore Restaurant),13
seed_21702,49.355038,-124.365214,plastic,low,https://portal.diver.orr.noaa.gov/pentaho/mdmap/photo-files/21702,2024-07-08,,noaa_seed_data,Columbia Beach,2
seed_21704,44.612487,-124.071743,plastic,medium,https://portal.diver.orr.noaa.gov/pentaho/mdmap/photo-files/21704,2024-03-27,,noaa_seed_data,South Beach State Park-South Jetty,43
seed_21705,44.612487,-124.071743,plastic,medium,https://portal.diver.orr.noaa.gov/pentaho/mdmap/photo-files/21705,2024-07-07,,noaa_seed_data,South Beach State Park-South Jetty,28
seed_21706,29.36644,-94.813126,plastic,medium,https://portal.diver.orr.noaa.gov/pentaho/mdmap/photo-files/21706,2024-06-26,,noaa_seed_data,Texas City Dike,38
seed_21708,44.751079,-124.064519,plastic,low,https://portal.diver.orr.noaa.gov/pentaho/mdmap/photo-files/21708,2024-07-10,,noaa_seed_data,Otter Rock Marine Reserve,14
seed_21709,29.37183,-94.8285,plastic,high,https://portal.diver.orr.noaa.gov/pentaho/mdmap/photo-files/21709,2024-06-26,,noaa_seed_data,Texas City Dike (North),87
seed_21710,34.0101467,-118.4998828,plastic,high,,2024-07-05,,noaa_seed_data,Santa Monica Pier (North),131
seed_21713,45.374868,-123.969176,plastic,low,,2024-07-11,,noaa_seed_data,Cape Lookout Spit,7
seed_21714,49.320359,-124.26386,plastic,medium,https://portal.diver.orr.noaa.gov/pentaho/mdmap/photo-files/21714,2024-07-16,,noaa_seed_data,Rathtrevor Beach (RB) Parksville,29
seed_21715,46.214249,-124.004412,plastic,low,https://portal.diver.orr.noaa.gov/pentaho/mdmap/photo-files/21715,2024-07-16,,noaa_seed_data,Fort Stevens,2
seed_21717,41.426125,-82.364406,plastic,medium,,2024-07-18,,noaa_seed_data,Main Street Beach,47
seed_21718,46.436928,-124.059664,plastic,medium,https://portal.diver.orr.noaa.gov/pentaho/mdmap/photo-files/21718,2024-06-28,,noaa_seed_data,Klipsan,23
seed_21719,44.28263239366918,-124.1107139186496,plastic,low,,2024-03-12,,noaa_seed_data,Cape Perpetua-Cove Beach,11
seed_21720,44.28263239366918,-124.1107139186496,plastic,medium,,2024-04-12,,noaa_seed_data,Cape Perpetua-Cove Beach,17
seed_21721,44.28263239366918,-124.1107139186496,plastic,medium,,2024-05-24,,noaa_seed_data,Cape Perpetua-Cove Beach,16
seed_21722,44.28263239366918,-124.1107139186496,plastic,low,,2024-06-28,,noaa_seed_data,Cape Perpetua-Cove Beach,3
seed_21723,44.28263239366918,-124.1107139186496,plastic,low,,2024-07-12,,noaa_seed_data,Cape Perpetua-Cove Beach,8
seed_21724,44.453267,-124.083248,plastic,low,https://portal.diver.orr.noaa.gov/pentaho/mdmap/photo-files/21724,2024-07-18,,noaa_seed_data,Sandpiper Beach,13
seed_21725,58.270523,-134.377318,other,high,https://portal.diver.orr.noaa.gov/pentaho/mdmap/photo-files/21725,2024-07-22,,noaa_seed_data,Sandy Beach (Savikko Park),218
seed_21726,44.612487,-124.071743,plastic,low,https://portal.diver.orr.noaa.gov/pentaho/mdmap/photo-files/21726,2024-07-19,,noaa_seed_data,South Beach State Park-South Jetty,14
seed_21728,26.5315,-97.26333,plastic,high,https://portal.diver.orr.noaa.gov/pentaho/mdmap/photo-files/21728,2024-07-21,,noaa_seed_data,South Padre Island Mile Marker 23,78
seed_21729,26.14141,-97.16862,plastic,medium,https://portal.diver.orr.noaa.gov/pentaho/mdmap/photo-files/21729,2024-06-30,,noaa_seed_data,South Padre Island Corral at Andie Bowie Park,28
seed_21730,49.312182,-124.212981,plastic,low,https://portal.diver.orr.noaa.gov/pentaho/mdmap/photo-files/21730,2024-07-20,,noaa_seed_data,Beachcombers Beach (Nanoose Bay),0
seed_21732,40.722252,-73.962805,plastic,high,https://portal.diver.orr.noaa.gov/pentaho/mdmap/photo-files/21732,2024-07-25,,noaa_seed_data,Marsha P Johnson,262
seed_21733,28.945833,-113.556944,plastic,low,,2024-04-22,,noaa_seed_data,Playa Ocañas,2
seed_21734,28.9647913,-113.545865,glass,low,,2024-03-15,,noaa_seed_data,Punta Arena,2
seed_21735,28.9240054,-113.4084461,plastic,medium,,2024-07-28,,noaa_seed_data,El quemado,15
seed_21736,29.041406,-113.538725,plastic,low,,2023-08-05,,noaa_seed_data,Las Cuevitas,9
seed_21738,41.48996,-81.92651,other,high,,2024-07-29,,noaa_seed_data,Cahoon Memorial Park West/Cahoon,107
seed_21739,44.935614,-124.024746,plastic,low,,2024-07-05,,noaa_seed_data,Taft,2
seed_21740,44.86870256949846,-124.0419080947118,processed-lumber,low,,2024-07-05,,noaa_seed_data,Coronado Shores,7
seed_21741,44.687855,-124.067327,plastic,medium,https://portal.diver.orr.noaa.gov/pentaho/mdmap/photo-files/21741,2024-07-05,,noaa_seed_data,Schooner Beach South,17
seed_21742,41.087,-72.3829,plastic,low,,2024-07-03,,noaa_seed_data,Pipe's Cove,2
seed_21743,41.087,-72.3829,plastic,low,,2024-07-17,,noaa_seed_data,Pipe's Cove,5
seed_21744,29.334012,-94.780574,plastic,high,https://portal.diver.orr.noaa.gov/pentaho/mdmap/photo-files/21744,2024-07-31,,noaa_seed_data,Seawolf Park,91
seed_21745,34.0101467,-118.4998828,plastic,high,https://portal.diver.orr.noaa.gov/pentaho/mdmap/photo-files/21745,2024-07-15,,noaa_seed_data,Santa Monica Pier (North),203
seed_21746,34.0101467,-118.4998828,plastic,high,https://portal.diver.orr.noaa.gov/pentaho/mdmap/photo-files/21746,2024-07-25,,noaa_seed_data,Santa Monica Pier (North),295
seed_21747,41.41744,-82.389166,plastic,medium,https://portal.diver.orr.noaa.gov/pentaho/mdmap/photo-files/21747,2024-07-30,,noaa_seed_data,Sherod Park Shore,39
seed_21748,46.436928,-124.059664,plastic,high,https://portal.diver.orr.noaa.gov/pentaho/mdmap/photo-files/21748,2024-07-05,,noaa_seed_data,Klipsan,129
seed_21749,46.436928,-124.059664,plastic,medium,,2024-06-08,,noaa_seed_data,Klipsan,15
seed_21750,21.330726,-157.691602,plastic,high,,2024-07-21,,noaa_seed_data,Waimanalo Beach Park,347
seed_21751,41.087,-72.3829,plastic,low,,2024-07-26,,noaa_seed_data,Pipe's Cove,1
seed_21752,41.087,-72.3829,plastic,low,https://portal.diver.orr.noaa.gov/pentaho/mdmap/photo-files/21752,2024-07-31,,noaa_seed_data,Pipe's Cove,5
seed_21753,26.14141,-97.16862,plastic,medium,https://portal.diver.orr.noaa.gov/pentaho/mdmap/photo-files/21753,2024-07-30,,noaa_seed_data,South Padre Island Corral at Andie Bowie Park,37
seed_21754,56.678209,-157.549885,plastic,medium,,2024-08-01,,noaa_seed_data,Aniakchak Bay,58
seed_21755,56.853118,-157.448574,plastic,low,,2024-08-02,,noaa_seed_data,Amber Bay,9
seed_21756,44.751079,-124.064519,other,low,https://portal.diver.orr.noaa.gov/pentaho/mdmap/photo-files/21756,2024-08-08,,noaa_seed_data,Otter Rock Marine Reserve,14
seed_21757,44.674755,-124.07733,plastic,medium,,2024-08-08,,noaa_seed_data,"Cobble Beach, Yaquina Head Outstanding Natural Area",23
seed_21758,46.214249,-124.004412,cloth-fabric,low,https://portal.diver.orr.noaa.gov/pentaho/mdmap/photo-files/21758,2024-08-09,,noaa_seed_data,Fort Stevens,8
seed_21759,48.35435,-123.5434,plastic,high,,2024-08-10,,noaa_seed_data,Weir's Beach ,75
seed_21760,26.14141,-97.16862,plastic,high,https://portal.diver.orr.noaa.gov/pentaho/mdmap/photo-files/21760,2024-08-08,,noaa_seed_data,South Padre Island Corral at Andie Bowie Park,183
seed_21761,30.268611,-87.582778,plastic,medium,,2024-07-27,,noaa_seed_data,Cotton Bayou Beach access,29
seed_21762,30.23167,-88.01822,processed-lumber,low,,2024-07-26,,noaa_seed_data,Fort Morgan Fort Entrance,6
seed_21763,30.2279111209,-87.83247046,plastic,medium,,2024-07-26,,noaa_seed_data,Mobile Street,21
seed_21767,38.13005,20.49235,plastic,high,,2024-07-22,,noaa_seed_data,Minies 1,95
seed_21768,38.13005,20.49235,plastic,high,,2024-08-03,,noaa_seed_data,Minies 1,98
seed_21769,38.13005,20.49235,plastic,medium,,2024-08-04,,noaa_seed_data,Minies 1,34
seed_21770,38.13005,20.49235,plastic,high,,2024-08-10,,noaa_seed_data,Minies 1,128
seed_21771,26.5315,-97.26333,plastic,medium,https://portal.diver.orr.noaa.gov/pentaho/mdmap/photo-files/21771,2024-08-10,,noaa_seed_data,South Padre Island Mile Marker 23,47
seed_21772,34.0101467,-118.4998828,plastic,high,https://portal.diver.orr.noaa.gov/pentaho/mdmap/photo-files/21772,2024-07-31,,noaa_seed_data,Santa Monica Pier (North),258
seed_21773,29.334012,-94.780574,plastic,medium,https://portal.diver.orr.noaa.gov/pentaho/mdmap/photo-files/21773,2024-08-14,,noaa_seed_data,Seawolf Park,49
seed_21774,44.612487,-124.071743,plastic,low,,2024-08-15,,noaa_seed_data,South Beach State Park-South Jetty,14
seed_21775,18.1908,-67.158955,plastic,high,https://portal.diver.orr.noaa.gov/pentaho/mdmap/photo-files/21775,2024-08-16,,noaa_seed_data,Guanajibo/Milenio,208
seed_21776,41.426125,-82.364406,plastic,high,https://portal.diver.orr.noaa.gov/pentaho/mdmap/photo-files/21776,2024-08-14,,noaa_seed_data,Main Street Beach,106
seed_21777,40.722252,-73.962805,plastic,high,https://portal.diver.orr.noaa.gov/pentaho/mdmap/photo-files/21777,2024-08-17,,noaa_seed_data,Marsha P Johnson,173
seed_21778,44.61044892202008,-124.07212753165189,plastic,medium,,2024-08-15,,noaa_seed_data,South Beach State Park - S of 1/2Mile trail,43
seed_21779,45.033535,-83.308411,plastic,low,https://portal.diver.orr.noaa.gov/pentaho/mdmap/photo-files/21779,2024-07-10,,noaa_seed_data,North Point Nature Preserve,6
seed_21780,41.514656,-82.924116,plastic,medium,,2024-07-29,,noaa_seed_data,Port Clinton City Beach - OWC,39
seed_21781,41.514656,-82.924116,plastic,low,,2024-08-23,,noaa_seed_data,Port Clinton City Beach - OWC,6
seed_21782,44.453267,-124.083248,plastic,medium,https://portal.diver.orr.noaa.gov/pentaho/mdmap/photo-files/21782,2024-08-23,,noaa_seed_data,Sandpiper Beach,17
seed_21783,41.48996,-81.92651,other,high,,2024-08-24,,noaa_seed_data,Cahoon Memorial Park West/Cahoon,168
seed_21784,38.13005,20.49235,plastic,high,,2024-08-24,,noaa_seed_data,Minies 1,191
seed_21785,45.245,-83.412805,plastic,low,,2024-07-23,,noaa_seed_data,Besser Natural Area,14
seed_21786,44.855154,-83.321418,plastic,low,,2024-07-30,,noaa_seed_data,Negwegon State Park,8
seed_21787,40.083249,-74.870251,glass,high,https://portal.diver.orr.noaa.gov/pentaho/mdmap/photo-files/21787,2024-08-23,,noaa_seed_data,Burlington Bristol Bridge,196
seed_21788,45.245,-83.412805,plastic,low,,2024-08-07,,noaa_seed_data,Besser Natural Area,7
seed_21789,38.9591921,-74.8411273,plastic,medium,,2024-08-15,,noaa_seed_data,Wildwood Crest @ E Topeka Ave,55
seed_21790,39.0433049,-74.7606781,plastic,low,,2024-08-15,,noaa_seed_data,Stone Harbor @ 108th St,9
seed_21791,45.374868,-123.969176,plastic,low,,2024-08-28,,noaa_seed_data,Cape Lookout Spit,7
seed_21792,45.245,-83.412805,plastic,medium,https://portal.diver.orr.noaa.gov/pentaho/mdmap/photo-files/21792,2024-08-09,,noaa_seed_data,Besser Natural Area,24
seed_21793,45.033535,-83.308411,plastic,low,https://portal.diver.orr.noaa.gov/pentaho/mdmap/photo-files/21793,2024-08-13,,noaa_seed_data,North Point Nature Preserve,6
seed_21794,29.37183,-94.8285,plastic,medium,https://portal.diver.orr.noaa.gov/pentaho/mdmap/photo-files/21794,2024-08-28,,noaa_seed_data,Texas City Dike (North),56
seed_21795,39.341193,-74.465616,processed-lumber,medium,https://portal.diver.orr.noaa.gov/pentaho/mdmap/photo-files/21795,2024-08-26,,noaa_seed_data,Ventnor @ S. Austin Ave,20
seed_21796,41.41744,-82.389166,plastic,medium,https://portal.diver.orr.noaa.gov/pentaho/mdmap/photo-files/21796,2024-08-29,,noaa_seed_data,Sherod Park Shore,30
seed_21797,39.4205997,-74.3474627,plastic,low,,2024-08-26,,noaa_seed_data,Brigantine @ North Beach,7
seed_21799,44.855154,-83.321418,plastic,low,https://portal.diver.orr.noaa.gov/pentaho/mdmap/photo-files/21799,2024-09-03,,noaa_seed_data,Negwegon State Park,3
seed_21800,45.033535,-83.308411,plastic,low,https://portal.diver.orr.noaa.gov/pentaho/mdmap/photo-files/21800,2024-09-04,,noaa_seed_data,North Point Nature Preserve,4
seed_21801,34.0101467,-118.4998828,plastic,high,,2024-08-11,,noaa_seed_data,Santa Monica Pier (North),210
seed_21802,34.0101467,-118.4998828,plastic,high,,2024-08-25,,noaa_seed_data,Santa Monica Pier (North),190
seed_21803,30.393753,-88.901296,plastic,high,https://portal.diver.orr.noaa.gov/pentaho/mdmap/photo-files/21803,2024-09-03,,noaa_seed_data,Biloxi Lighthouse Beach,92
seed_21804,45.033535,-83.308411,plastic,low,https://portal.diver.orr.noaa.gov/pentaho/mdmap/photo-files/21804,2024-09-06,,noaa_seed_data,North Point Nature Preserve,3
seed_21805,30.268611,-87.582778,plastic,high,,2024-08-30,,noaa_seed_data,Cotton Bayou Beach access,94
seed_21806,30.2279111209,-87.83247046,plastic,low,,2024-08-30,,noaa_seed_data,Mobile Street,2
seed_21808,30.23167,-88.01822,plastic,low,,2024-08-30,,noaa_seed_data,Fort Morgan Fort Entrance,3
seed_21811,38.13455,20.495832,plastic,high,,2024-09-04,,noaa_seed_data,Minies 2,110
seed_21812,38.13455,20.495832,plastic,high,,2024-09-07,,noaa_seed_data,Minies 2,127
seed_21813,26.14141,-97.16862,plastic,medium,,2024-09-06,,noaa_seed_data,South Padre Island Corral at Andie Bowie Park,64
seed_21814,34.0101467,-118.4998828,plastic,high,https://portal.diver.orr.noaa.gov/pentaho/mdmap/photo-files/21814,2024-09-01,,noaa_seed_data,Santa Monica Pier (North),300
seed_21815,44.935614,-124.024746,plastic,low,,2024-08-25,,noaa_seed_data,Taft,0
seed_21816,29.334515,-94.742273,plastic,high,,2024-09-07,,noaa_seed_data,East End Shipping Channel,142
seed_21817,45.033535,-83.308411,plastic,low,,2024-09-11,,noaa_seed_data,North Point Nature Preserve,0
seed_21818,56.57616,-169.67604,plastic,medium,,2024-05-29,,noaa_seed_data,Zapadni,38
seed_21819,56.57616,-169.67604,plastic,medium,,2024-06-18,,noaa_seed_data,Zapadni,26
seed_21820,56.57616,-169.67604,plastic,medium,,2024-07-13,,noaa_seed_data,Zapadni,33
seed_21821,34.007751,-118.496732,plastic,high,,2024-08-18,,noaa_seed_data,Santa Monica Tower 16,228
seed_21822,56.57616,-169.67604,plastic,medium,,2024-08-05,,noaa_seed_data,Zapadni,52
seed_21823,56.57616,-169.67604,plastic,medium,,2024-08-29,,noaa_seed_data,Zapadni,29
seed_21824,56.604094,-169.60726436,plastic,medium,,2024-05-29,,noaa_seed_data,Staraya Artil,34
seed_21825,56.604094,-169.60726436,plastic,high,,2024-06-18,,noaa_seed_data,Staraya Artil,89
seed_21826,56.604094,-169.60726436,plastic,high,,2024-07-13,,noaa_seed_data,Staraya Artil,76
seed_21827,56.604094,-169.60726436,plastic,high,,2024-08-05,,noaa_seed_data,Staraya Artil,75
seed_21828,56.604094,-169.60726436,plastic,medium,,2024-08-29,,noaa_seed_data,Staraya Artil,59
seed_21829,49.329334,-124.279746,plastic,low,https://portal.diver.orr.noaa.gov/pentaho/mdmap/photo-files/21829,2023-12-21,,noaa_seed_data,San Pariel,14
seed_21830,46.214249,-124.004412,plastic,medium,,2024-09-11,,noaa_seed_data,Fort Stevens,15
seed_21832,46.612529,-87.462423,processed-lumber,low,,2024-06-27,,noaa_seed_data,Wetmore Landing,5
seed_21833,46.635695,-87.462633,plastic,low,,2024-06-27,,noaa_seed_data,Little Presque Isle,5
seed_21834,46.672653,-87.522258,other,low,,2024-06-27,,noaa_seed_data,Eagles Nest,1
seed_21835,38.13455,20.495832,plastic,high,,2024-09-13,,noaa_seed_data,Minies 2,105
seed_21836,34.007751,-118.496732,plastic,high,,2024-09-08,,noaa_seed_data,Santa Monica Tower 16,185
seed_21837,46.87689,-89.32157,plastic,low,,2023-10-23,,noaa_seed_data,Lake Superior Public Beach (Ontonagon),0
seed_21838,46.75882,-88.45624,plastic,low,,2023-10-31,,noaa_seed_data,L'anse village park beach ,0
seed_21840,45.033535,-83.308411,plastic,low,https://portal.diver.orr.noaa.gov/pentaho/mdmap/photo-files/21840,2024-09-16,,noaa_seed_data,North Point Nature Preserve,12
seed_21841,45.245,-83.412805,plastic,low,https://portal.diver.orr.noaa.gov/pentaho/mdmap/photo-files/21841,2024-09-16,,noaa_seed_data,Besser Natural Area,14
seed_21842,46.54785,-87.37842,plastic,low,,2024-09-17,,noaa_seed_data,McCarty's Cove NOAA,11
seed_21843,46.52844,-87.39083,processed-lumber,low,,2024-07-01,,noaa_seed_data,South Beach Park NOAA,12
seed_21844,46.56106,-87.387968,plastic,low,,2023-06-08,,noaa_seed_data,Pine St. and Lakeshore Blvd. Beach ,8
seed_21845,46.56106,-87.387968,plastic,low,,2024-09-17,,noaa_seed_data,Pine St. and Lakeshore Blvd. Beach ,12
seed_21846,46.76515,-85.15146,plastic,low,,2024-06-26,,noaa_seed_data,Vermillion Point NOAA,8
seed_21847,39.154934,-74.6880469,plastic,medium,,2024-09-12,,noaa_seed_data,Sea Isle City @ 40th St,27
seed_21848,39.2622831,-74.5912882,plastic,low,,2024-09-12,,noaa_seed_data,Ocean City @ 22nd St,14
seed_21849,44.612487,-124.071743,plastic,low,https://portal.diver.orr.noaa.gov/pentaho/mdmap/photo-files/21849,2024-09-18,,noaa_seed_data,South Beach State Park-South Jetty,7
seed_21850,29.334012,-94.780574,plastic,high,https://portal.diver.orr.noaa.gov/pentaho/mdmap/photo-files/21850,2024-09-18,,noaa_seed_data,Seawolf Park,95
seed_21852,46.44572,-84.83795,plastic,low,,2024-06-26,,noaa_seed_data,Pendils Bay Access NOAA,8
seed_21853,46.75269,-85.25895,plastic,low,,2024-06-26,,noaa_seed_data,Crisp Point Lighthouse,2
seed_21854,46.7619,-84.9647,plastic,low,,2024-06-26,,noaa_seed_data,Whitefish Point NOAA,10
seed_21855,46.44572,-84.83795,plastic,low,,2024-06-24,,noaa_seed_data,Pendils Bay Access NOAA,3
seed_21856,39.584204,-74.2191046,plastic,medium,,2024-07-29,,noaa_seed_data,Beach Haven @ New Jersey Ave,30
seed_21858,46.436928,-124.059664,plastic,medium,,2024-08-09,,noaa_seed_data,Klipsan,48
seed_21859,46.436928,-124.059664,plastic,medium,https://portal.diver.orr.noaa.gov/pentaho/mdmap/photo-files/21859,2024-08-29,,noaa_seed_data,Klipsan,33
seed_21860,45.374868,-123.969176,plastic,low,,2024-09-19,,noaa_seed_data,Cape Lookout Spit,4
seed_21861,39.7030929,-74.1331475,plastic,medium,,2024-07-29,,noaa_seed_data,Harvey Cedars @ E 75th St,22
seed_21862,46.4174,-84.55504,plastic,low,,2024-09-20,,noaa_seed_data,Brimley beach,7
seed_21863,46.67801,-85.61954,plastic,low,,2024-09-20,,noaa_seed_data,Deer Park NOAA,4
seed_21864,46.56025,-87.38753,plastic,medium,,2024-07-01,,noaa_seed_data,Pebble Beach NOAA,26
seed_21865,46.78551,-88.46325,plastic,low,,2023-10-31,,noaa_seed_data,L'anse/ Baraga Lake Shore,0
seed_21866,38.13455,20.495832,plastic,high,,2024-09-19,,noaa_seed_data,Minies 2,132
seed_21867,44.453267,-124.083248,plastic,medium,https://portal.diver.orr.noaa.gov/pentaho/mdmap/photo-files/21867,2024-09-20,,noaa_seed_data,Sandpiper Beach,16
seed_21868,26.5315,-97.26333,plastic,medium,,2024-09-22,,noaa_seed_data,South Padre Island Mile Marker 23,28
seed_21870,40.630232,-73.88378,plastic,high,https://portal.diver.orr.noaa.gov/pentaho/mdmap/photo-files/21870,2024-09-21,,noaa_seed_data,Canarsie Pier,182
seed_21874,47.814585,-122.38084,plastic,medium,https://portal.diver.orr.noaa.gov/pentaho/mdmap/photo-files/21874,2024-09-21,,noaa_seed_data,Brackett's Landing North (NE Side of Walkway),38
seed_21877,41.41744,-82.389166,plastic,medium,https://portal.diver.orr.noaa.gov/pentaho/mdmap/photo-files/21877,2024-09-25,,noaa_seed_data,Sherod Park Shore,15
seed_21878,38.13455,20.495832,plastic,medium,,2024-09-26,,noaa_seed_data,Minies 2,55
seed_21879,41.426125,-82.364406,plastic,medium,https://portal.diver.orr.noaa.gov/pentaho/mdmap/photo-files/21879,2024-09-26,,noaa_seed_data,Main Street Beach,51
seed_21880,41.30763,-72.09948,plastic,high,,2024-09-12,,noaa_seed_data,Ocean Beach Park New London CT,126
seed_21881,41.30763,-72.09948,plastic,medium,,2024-03-29,,noaa_seed_data,Ocean Beach Park New London CT,24
seed_21882,34.45303258,-120.4157,glass,low,,2023-09-27,,noaa_seed_data,Little Coho -South,1
seed_21883,34.85755,-120.61045,plastic,low,,2023-10-15,,noaa_seed_data,Vandenberg SFB - Minuteman North,6
seed_21885,34.45705,-120.35998361,glass,low,,2023-09-23,,noaa_seed_data,Hollister Ranch - San Augustin,1
seed_21886,34.509,-120.502,plastic,low,,2023-08-16,,noaa_seed_data,Jalama Beach,12
seed_21887,34.6080642,-120.637851,plastic,medium,,2023-09-12,,noaa_seed_data,Vandenberg SFB - La Honda Canyon,55
seed_21888,34.416,-119.835,plastic,low,,2023-08-15,,noaa_seed_data,Goleta Beach,9
seed_21889,34.45087727,-120.4450067,plastic,low,,2023-09-26,,noaa_seed_data,Percos - Entrance,0
seed_21890,34.4517053,-120.4416843,plastic,low,,2023-09-26,,noaa_seed_data,Percos - South,3
seed_21891,34.855,-120.61,plastic,medium,,2023-10-15,,noaa_seed_data,Vandenberg SFB - Minuteman South,25
seed_21892,34.4460172,-120.4519845,plastic,low,,2023-09-26,,noaa_seed_data,Percos - North Bend,2
seed_21893,34.4615128,-120.4736656,plastic,low,,2023-10-27,,noaa_seed_data,Dangermond North Beach - East,6
seed_21894,34.453,-120.418,plastic,medium,,2023-09-27,,noaa_seed_data,Little Coho - Entrance,58
seed_21895,34.4684774,-120.4746962,plastic,medium,,2023-10-27,,noaa_seed_data,Dangermond North Beach - West,21
seed_21896,34.448017,-120.449001,plastic,low,,2023-09-26,,noaa_seed_data,Percos - North,0
seed_21897,44.855154,-83.321418,plastic,low,https://portal.diver.orr.noaa.gov/pentaho/mdmap/photo-files/21897,2024-09-30,,noaa_seed_data,Negwegon State Park,6
seed_21898,49.205407,-123.969411,plastic,low,,2024-10-01,,noaa_seed_data,DFO - 01 Departure Bay,7
seed_21899,38.13005,20.49235,plastic,medium,,2024-09-28,,noaa_seed_data,Minies 1,58
seed_21900,29.37183,-94.8285,plastic,medium,https://portal.diver.orr.noaa.gov/pentaho/mdmap/photo-files/21900,2024-09-25,,noaa_seed_data,Texas City Dike (North),16
seed_21902,29.36644,-94.813126,plastic,medium,https://portal.diver.orr.noaa.gov/pentaho/mdmap/photo-files/21902,2024-09-25,,noaa_seed_data,Texas City Dike,63
seed_21903,58.06013,-154.69642,plastic,low,https://portal.diver.orr.noaa.gov/pentaho/mdmap/photo-files/21903,2024-09-30,,noaa_seed_data,Dakavak Bay,1
seed_21904,39.8495065,-74.0854732,plastic,low,,2024-08-12,,noaa_seed_data,Island Beach State Park @ Swimming Area 2,9
seed_21905,39.9135102,-74.0759494,plastic,medium,,2024-08-12,,noaa_seed_data,Seaside Park @ 13th Ave,23
seed_21906,40.0626748,-74.0429414,plastic,medium,,2024-08-14,,noaa_seed_data,Bay Head @ Johnson St,19
seed_21907,40.1399129,-74.0248553,plastic,medium,,2024-08-14,,noaa_seed_data,Spring Lake @ York Ave,40
seed_21908,40.2192115,-73.9989961,plastic,high,,2024-09-09,,noaa_seed_data,Asbury Park @ 1st Ave,139
seed_21909,40.2951422,-73.9788222,plastic,high,,2024-09-09,,noaa_seed_data,Long Branch @ Ocean Ave N,65
seed_21910,40.4181181,-73.980795,plastic,high,,2024-09-11,,noaa_seed_data,Sandy Hook @ C Beach,158
seed_21911,21.330726,-157.691602,plastic,high,,2024-09-25,,noaa_seed_data,Waimanalo Beach Park,104
seed_21913,41.514656,-82.924116,plastic,medium,,2024-09-26,,noaa_seed_data,Port Clinton City Beach - OWC,29
seed_21914,46.436928,-124.059664,plastic,medium,,2024-09-27,,noaa_seed_data,Klipsan,15
seed_21917,45.245,-83.412805,plastic,low,https://portal.diver.orr.noaa.gov/pentaho/mdmap/photo-files/21917,2024-10-07,,noaa_seed_data,Besser Natural Area,13
seed_21918,26.14141,-97.16862,plastic,medium,,2024-10-07,,noaa_seed_data,South Padre Island Corral at Andie Bowie Park,27
seed_21921,45.362691,-123.971452,plastic,low,,2024-09-25,,noaa_seed_data,Cape Lookout,14
seed_21923,29.334012,-94.780574,plastic,high,https://portal.diver.orr.noaa.gov/pentaho/mdmap/photo-files/21923,2024-10-09,,noaa_seed_data,Seawolf Park,74
seed_21924,46.214249,-124.004412,plastic,low,https://portal.diver.orr.noaa.gov/pentaho/mdmap/photo-files/21924,2024-10-10,,noaa_seed_data,Fort Stevens,7
seed_21925,38.13455,20.495832,plastic,high,,2024-10-06,,noaa_seed_data,Minies 2,108
seed_21928,36.601998,-121.889492,plastic,high,,2024-01-18,,noaa_seed_data,Del Monte (100m),131
seed_21929,36.835314,-121.803169,plastic,high,,2024-01-23,,noaa_seed_data,South Zmudowski (100m),398
seed_21930,36.962347,-122.00298,plastic,medium,,2024-10-12,,noaa_seed_data,Seabright Beach (100m),39
seed_21931,36.612294,-121.858405,plastic,high,,2024-01-18,,noaa_seed_data,Seaside (Monterey State Beach) (100m),138
seed_21932,49.355038,-124.365214,plastic,low,https://portal.diver.orr.noaa.gov/pentaho/mdmap/photo-files/21932,2024-10-16,,noaa_seed_data,Columbia Beach,3
seed_21933,49.355444,-124.444559,plastic,low,,2024-10-17,,noaa_seed_data,Qualicum Beach (The Shore Restaurant),10
seed_21934,40.722252,-73.962805,plastic,high,https://portal.diver.orr.noaa.gov/pentaho/mdmap/photo-files/21934,2024-10-18,,noaa_seed_data,Marsha P Johnson,73
seed_21935,45.033535,-83.308411,plastic,low,https://portal.diver.orr.noaa.gov/pentaho/mdmap/photo-files/21935,2024-10-15,,noaa_seed_data,North Point Nature Preserve,2
seed_21936,29.07619,-80.92448,plastic,low,,2024-02-16,,noaa_seed_data,Lighthouse Point Park II,10
seed_21937,29.07619,-80.92448,plastic,medium,,2024-03-12,,noaa_seed_data,Lighthouse Point Park II,18
seed_21938,29.07619,-80.92448,plastic,low,,2024-04-03,,noaa_seed_data,Lighthouse Point Park II,9
seed_21939,29.07619,-80.92448,plastic,low,,2024-05-23,,noaa_seed_data,Lighthouse Point Park II,11
seed_21940,29.07619,-80.92448,plastic,medium,,2024-06-18,,noaa_seed_data,Lighthouse Point Park II,18
seed_21941,29.07619,-80.92448,plastic,medium,,2024-07-16,,noaa_seed_data,Lighthouse Point Park II,18
seed_21942,29.07619,-80.92448,plastic,low,,2024-08-21,,noaa_seed_data,Lighthouse Point Park II,11
seed_21943,29.07619,-80.92448,plastic,low,,2024-09-21,,noaa_seed_data,Lighthouse Point Park II,3
seed_21944,29.07619,-80.92448,plastic,low,,2024-10-22,,noaa_seed_data,Lighthouse Point Park II,12
seed_21945,41.426125,-82.364406,plastic,high,,2024-10-22,,noaa_seed_data,Main Street Beach,83
seed_21946,49.312182,-124.212981,other,low,,2024-10-15,,noaa_seed_data,Beachcombers Beach (Nanoose Bay),4
seed_21947,34.007751,-118.496732,plastic,medium,,2024-09-29,,noaa_seed_data,Santa Monica Tower 16,59
seed_21951,38.13455,20.495832,plastic,high,,2024-10-22,,noaa_seed_data,Minies 2,184
seed_21952,38.13455,20.495832,plastic,high,,2024-10-25,,noaa_seed_data,Minies 2,110
seed_21953,26.5315,-97.26333,plastic,high,,2024-10-25,,noaa_seed_data,South Padre Island Mile Marker 23,77
seed_21954,44.612487,-124.071743,plastic,high,https://portal.diver.orr.noaa.gov/pentaho/mdmap/photo-files/21954,2024-10-17,,noaa_seed_data,South Beach State Park-South Jetty,67
seed_21955,44.453267,-124.083248,plastic,medium,https://portal.diver.orr.noaa.gov/pentaho/mdmap/photo-files/21955,2024-10-23,,noaa_seed_data,Sandpiper Beach,25
seed_21956,41.48996,-81.92651,other,high,,2024-10-27,,noaa_seed_data,Cahoon Memorial Park West/Cahoon,291
seed_21957,40.9138683,-73.2613085,plastic,high,https://portal.diver.orr.noaa.gov/pentaho/mdmap/photo-files/21957,2024-10-26,,noaa_seed_data,Sunken Meadow State Park,101
seed_21958,41.41744,-82.389166,plastic,low,https://portal.diver.orr.noaa.gov/pentaho/mdmap/photo-files/21958,2024-10-29,,noaa_seed_data,Sherod Park Shore,12
seed_21959,36.698825,-121.810288,plastic,medium,,2024-01-18,,noaa_seed_data,Marina State Beach (100m),20
seed_21960,36.835314,-121.803169,plastic,high,,2024-01-23,,noaa_seed_data,North Zmudowski (100m),134
seed_21962,36.895149,-121.839155,plastic,medium,,2024-02-11,,noaa_seed_data,Sunset Beach (100m),46
seed_21963,36.959883,-121.986672,plastic,medium,,2024-02-10,,noaa_seed_data,Live Oak (100m),17
seed_21964,36.601998,-121.889492,plastic,medium,,2024-02-24,,noaa_seed_data,Del Monte (100m),60
seed_21965,29.334515,-94.742273,plastic,high,,2024-10-05,,noaa_seed_data,East End Shipping Channel,79
seed_21969,45.374868,-123.969176,processed-lumber,low,,2024-10-22,,noaa_seed_data,Cape Lookout Spit,8
seed_21970,45.362691,-123.971452,plastic,low,,2024-08-19,,noaa_seed_data,Cape Lookout,8
seed_21972,44.674755,-124.07733,plastic,medium,,2024-10-29,,noaa_seed_data,"Cobble Beach, Yaquina Head Outstanding Natural Area",54
seed_21981,29.36644,-94.813126,plastic,high,https://portal.diver.orr.noaa.gov/pentaho/mdmap/photo-files/21981,2024-10-30,,noaa_seed_data,Texas City Dike,106
seed_21982,29.37183,-94.8285,plastic,high,https://portal.diver.orr.noaa.gov/pentaho/mdmap/photo-files/21982,2024-10-30,,noaa_seed_data,Texas City Dike (North),71
seed_21987,48.119963,-123.428881,plastic,low,,2024-10-23,,noaa_seed_data,Hollywood Beach,8
seed_21988,44.935614,-124.024746,plastic,low,https://portal.diver.orr.noaa.gov/pentaho/mdmap/photo-files/21988,2024-10-30,,noaa_seed_data,Taft,10
seed_21989,38.13455,20.495832,plastic,high,https://portal.diver.orr.noaa.gov/pentaho/mdmap/photo-files/21989,2024-10-13,,noaa_seed_data,Minies 2,124
seed_21999,29.334012,-94.780574,plastic,high,https://portal.diver.orr.noaa.gov/pentaho/mdmap/photo-files/21999,2024-11-06,,noaa_seed_data,Seawolf Park,71
seed_22000,40.083249,-74.870251,glass,high,,2024-09-30,,noaa_seed_data,Burlington Bristol Bridge,158
seed_22001,40.083249,-74.870251,glass,high,,2024-10-31,,noaa_seed_data,Burlington Bristol Bridge,187
seed_22002,26.5315,-97.26333,plastic,high,,2024-11-07,,noaa_seed_data,South Padre Island Mile Marker 23,93
seed_22003,45.033535,-83.308411,plastic,low,https://portal.diver.orr.noaa.gov/pentaho/mdmap/photo-files/22003,2024-10-29,,noaa_seed_data,North Point Nature Preserve,12
seed_22004,44.855154,-83.321418,plastic,low,https://portal.diver.orr.noaa.gov/pentaho/mdmap/photo-files/22004,2024-11-07,,noaa_seed_data,Negwegon State Park,3
seed_22005,46.214249,-124.004412,plastic,low,https://portal.diver.orr.noaa.gov/pentaho/mdmap/photo-files/22005,2024-11-11,,noaa_seed_data,Fort Stevens,6
seed_22006,41.426125,-82.364406,plastic,medium,https://portal.diver.orr.noaa.gov/pentaho/mdmap/photo-files/22006,2024-11-14,,noaa_seed_data,Main Street Beach,46
seed_22008,26.14141,-97.16862,plastic,medium,https://portal.diver.orr.noaa.gov/pentaho/mdmap/photo-files/22008,2024-11-17,,noaa_seed_data,South Padre Island Corral at Andie Bowie Park,31
seed_22009,36.895149,-121.839155,plastic,medium,,2024-09-12,,noaa_seed_data,Sunset Beach (100m),48
seed_22010,44.612487,-124.071743,plastic,high,https://portal.diver.orr.noaa.gov/pentaho/mdmap/photo-files/22010,2024-11-20,,noaa_seed_data,South Beach State Park-South Jetty,218
seed_22011,18.1908,-67.158955,plastic,high,,2024-11-22,,noaa_seed_data,Guanajibo/Milenio,87
seed_22012,29.334515,-94.742273,plastic,high,,2024-11-19,,noaa_seed_data,East End Shipping Channel,169
seed_22014,45.362691,-123.971452,plastic,low,https://portal.diver.orr.noaa.gov/pentaho/mdmap/photo-files/22014,2024-10-13,,noaa_seed_data,Cape Lookout,3
seed_22015,45.362691,-123.971452,plastic,low,https://portal.diver.orr.noaa.gov/pentaho/mdmap/photo-files/22015,2024-11-24,,noaa_seed_data,Cape Lookout,4
seed_22016,48.367397,-124.621135,plastic,high,,2024-10-23,,noaa_seed_data,Front Beach - Neah Bay,80
seed_22017,45.374868,-123.969176,plastic,low,,2024-11-29,,noaa_seed_data,Cape Lookout Spit,0
seed_22018,44.453267,-124.083248,plastic,medium,https://portal.diver.orr.noaa.gov/pentaho/mdmap/photo-files/22018,2024-11-26,,noaa_seed_data,Sandpiper Beach,49
seed_22019,40.083249,-74.870251,glass,high,,2024-11-21,,noaa_seed_data,Burlington Bristol Bridge,156
seed_22021,26.14141,-97.16862,plastic,medium,,2024-12-03,,noaa_seed_data,South Padre Island Corral at Andie Bowie Park,61
seed_22027,41.48996,-81.92651,other,high,,2024-12-08,,noaa_seed_data,Cahoon Memorial Park West/Cahoon,102
seed_22028,48.367397,-124.621135,plastic,high,,2024-11-26,,noaa_seed_data,Front Beach - Neah Bay,88
seed_22030,46.214249,-124.004412,plastic,low,https://portal.diver.orr.noaa.gov/pentaho/mdmap/photo-files/22030,2024-12-11,,noaa_seed_data,Fort Stevens,0
seed_22031,40.722252,-73.962805,plastic,medium,https://portal.diver.orr.noaa.gov/pentaho/mdmap/photo-files/22031,2024-12-13,,noaa_seed_data,Marsha P Johnson,53
seed_22034,44.612487,-124.071743,plastic,high,https://portal.diver.orr.noaa.gov/pentaho/mdmap/photo-files/22034,2024-12-18,,noaa_seed_data,South Beach State Park-South Jetty,153
seed_22035,29.334012,-94.780574,plastic,high,https://portal.diver.orr.noaa.gov/pentaho/mdmap/photo-files/22035,2024-12-04,,noaa_seed_data,Seawolf Park,106
seed_22036,34.005006,-120.19203,plastic,low,,2024-08-06,,noaa_seed_data,"Tecelote Canyon Beach, Santa Rosa Island, Transect 1  ",4
seed_22037,34.021561,-119.877829,plastic,low,,2024-11-17,,noaa_seed_data,"Christi Beach, Santa Cruz Island, Transect 3",0
seed_22038,29.36644,-94.813126,plastic,medium,https://portal.diver.orr.noaa.gov/pentaho/mdmap/photo-files/22038,2024-11-20,,noaa_seed_data,Texas City Dike,34
seed_22039,34.023916,-119.876983,plastic,low,,2024-11-17,,noaa_seed_data,"Christi Beach, Santa Cruz Island, Transect 1",0
seed_22040,29.37183,-94.8285,plastic,medium,https://portal.diver.orr.noaa.gov/pentaho/mdmap/photo-files/22040,2024-11-20,,noaa_seed_data,Texas City Dike (North),22
seed_22041,41.426125,-82.364406,plastic,high,https://portal.diver.orr.noaa.gov/pentaho/mdmap/photo-files/22041,2024-12-17,,noaa_seed_data,Main Street Beach,127
seed_22043,34.022838,-119.87737,plastic,low,,2024-12-18,,noaa_seed_data,"Christi Beach, Santa Cruz Island, Transect 2",2
seed_22044,40.083249,-74.870251,glass,high,,2024-12-17,,noaa_seed_data,Burlington Bristol Bridge,171
seed_22045,29.334515,-94.742273,plastic,high,,2024-11-12,,noaa_seed_data,East End Shipping Channel,269
seed_22046,30.268611,-87.582778,plastic,low,,2024-11-10,,noaa_seed_data,Cotton Bayou Beach access,5
seed_22047,30.23167,-88.01822,processed-lumber,low,,2024-11-13,,noaa_seed_data,Fort Morgan Fort Entrance,1
seed_22048,30.2279111209,-87.83247046,plastic,low,,2024-11-13,,noaa_seed_data,Mobile Street,1
seed_22049,26.5315,-97.26333,plastic,medium,,2024-12-20,,noaa_seed_data,South Padre Island Mile Marker 23,54
seed_22050,46.436928,-124.059664,plastic,medium,,2024-11-29,,noaa_seed_data,Klipsan,32
seed_22051,46.436928,-124.059664,plastic,medium,https://portal.diver.orr.noaa.gov/pentaho/mdmap/photo-files/22051,2024-10-29,,noaa_seed_data,Klipsan,47
seed_22052,44.453267,-124.083248,plastic,high,https://portal.diver.orr.noaa.gov/pentaho/mdmap/photo-files/22052,2024-12-20,,noaa_seed_data,Sandpiper Beach,101
seed_22053,41.56472,-82.81018,plastic,low,https://portal.diver.orr.noaa.gov/pentaho/mdmap/photo-files/22053,2024-12-27,,noaa_seed_data,East Harbor State Park - West End,11
seed_22054,45.374868,-123.969176,plastic,low,,2024-12-20,,noaa_seed_data,Cape Lookout Spit,2
seed_22055,45.362691,-123.971452,plastic,low,,2024-12-18,,noaa_seed_data,Cape Lookout,0
seed_22056,30.23167,-88.01822,plastic,low,,2024-12-26,,noaa_seed_data,Fort Morgan Fort Entrance,4
seed_22057,30.2279111209,-87.83247046,plastic,low,,2024-12-26,,noaa_seed_data,Mobile Street,2
seed_22058,30.268611,-87.582778,plastic,low,,2024-12-29,,noaa_seed_data,Cotton Bayou Beach access,8
seed_22059,30.24992,-88.152816,plastic,low,https://portal.diver.orr.noaa.gov/pentaho/mdmap/photo-files/22059,2024-12-30,,noaa_seed_data,St. Stephens Beach,9
seed_22061,38.9591921,-74.8411273,plastic,high,,2024-12-03,,noaa_seed_data,Wildwood Crest @ E Topeka Ave,67
seed_22062,39.0433049,-74.7606781,plastic,low,,2024-12-03,,noaa_seed_data,Stone Harbor @ 108th St,14
seed_22063,39.154934,-74.6880469,plastic,medium,,2024-12-10,,noaa_seed_data,Sea Isle City @ 40th St,18
seed_22064,39.2622831,-74.5912882,plastic,low,,2024-12-10,,noaa_seed_data,Ocean City @ 22nd St,9
seed_22065,39.341193,-74.465616,plastic,medium,,2024-12-12,,noaa_seed_data,Ventnor @ S. Austin Ave,28
seed_22066,45.02106,-124.00958,plastic,high,https://portal.diver.orr.noaa.gov/pentaho/mdmap/photo-files/22066,2025-01-06,,noaa_seed_data,Roads End Point,384
seed_22067,22.334222,120.359761,plastic,high,https://portal.diver.orr.noaa.gov/pentaho/mdmap/photo-files/22067,2024-11-29,,noaa_seed_data,"Venice Beach (威尼斯沙灘), between the two stair access.",207
seed_22068,39.4205997,-74.3474627,plastic,low,,2024-12-12,,noaa_seed_data,Brigantine @ North Beach,4
seed_22069,39.584204,-74.2191046,plastic,medium,,2024-12-17,,noaa_seed_data,Beach Haven @ New Jersey Ave,28
seed_22070,39.7030929,-74.1331475,plastic,medium,,2024-12-17,,noaa_seed_data,Harvey Cedars @ E 75th St,15
seed_22071,39.8495065,-74.0854732,plastic,medium,https://portal.diver.orr.noaa.gov/pentaho/mdmap/photo-files/22071,2024-12-10,,noaa_seed_data,Island Beach State Park @ Swimming Area 2,18
seed_22072,39.9135102,-74.0759494,plastic,medium,https://portal.diver.orr.noaa.gov/pentaho/mdmap/photo-files/22072,2024-12-10,,noaa_seed_data,Seaside Park @ 13th Ave,20
seed_22073,40.0626748,-74.0429414,plastic,high,https://portal.diver.orr.noaa.gov/pentaho/mdmap/photo-files/22073,2024-12-10,,noaa_seed_data,Bay Head @ Johnson St,97
seed_22074,28.070754,-80.557165,plastic,medium,,2025-01-12,,noaa_seed_data,Melbourne Beach,21
seed_22075,29.36644,-94.813126,plastic,medium,https://portal.diver.orr.noaa.gov/pentaho/mdmap/photo-files/22075,2024-12-18,,noaa_seed_data,Texas City Dike,38
seed_22076,29.37183,-94.8285,plastic,medium,https://portal.diver.orr.noaa.gov/pentaho/mdmap/photo-files/22076,2024-12-18,,noaa_seed_data,Texas City Dike (North),56
seed_22077,29.334012,-94.780574,plastic,high,https://portal.diver.orr.noaa.gov/pentaho/mdmap/photo-files/22077,2025-01-08,,noaa_seed_data,Seawolf Park,77
seed_22078,40.1399129,-74.0248553,plastic,high,https://portal.diver.orr.noaa.gov/pentaho/mdmap/photo-files/22078,2024-12-18,,noaa_seed_data,Spring Lake @ York Ave,69
seed_22079,40.2192115,-73.9989961,plastic,high,https://portal.diver.orr.noaa.gov/pentaho/mdmap/photo-files/22079,2024-12-18,,noaa_seed_data,Asbury Park @ 1st Ave,80
seed_22080,40.2951422,-73.9788222,plastic,high,https://portal.diver.orr.noaa.gov/pentaho/mdmap/photo-files/22080,2024-12-18,,noaa_seed_data,Long Branch @ Ocean Ave N,119
seed_22081,40.4181181,-73.980795,plastic,high,https://portal.diver.orr.noaa.gov/pentaho/mdmap/photo-files/22081,2024-11-27,,noaa_seed_data,Sandy Hook @ C Beach,225
seed_22082,34.012271,-119.882508,plastic,low,,2024-11-16,,noaa_seed_data,"Sauces Cove, Santa Cruz Island, Transect 1",1
seed_22084,34.009552,-119.88425,plastic,low,,2024-11-16,,noaa_seed_data,"Sauces Cove, Santa Cruz Island, Transect 2",0
seed_22085,34.008658,-119.88511,plastic,low,,2024-11-16,,noaa_seed_data,"Sauces Cove, Santa Cruz Island, Transect 3",0
seed_22086,34.057831,-119.92332,plastic,low,,2024-11-17,,noaa_seed_data,"Forney's Cove, Santa Cruz Island, Transect 1 ",0
seed_22087,34.057086,-119.922101,glass,low,,2024-11-17,,noaa_seed_data,"Forney's Cove, Santa Cruz Island, Transect 2",1
seed_22088,34.058569,-119.919013,glass,low,,2024-11-17,,noaa_seed_data,"Forney's Cove, Santa Cruz Island, Transect 3",7
seed_22089,34.005768,-120.240432,plastic,low,,2024-10-19,,noaa_seed_data,"Sandy Point, Santa Rosa Island, Transect 1 ",10
seed_22091,44.674755,-124.07733,plastic,medium,,2025-01-14,,noaa_seed_data,"Cobble Beach, Yaquina Head Outstanding Natural Area",23
seed_22092,41.426125,-82.364406,plastic,medium,https://portal.diver.orr.noaa.gov/pentaho/mdmap/photo-files/22092,2025-01-19,,noaa_seed_data,Main Street Beach,51
seed_22093,46.214249,-124.004412,plastic,low,https://portal.diver.orr.noaa.gov/pentaho/mdmap/photo-files/22093,2025-01-14,,noaa_seed_data,Fort Stevens,1
seed_22094,45.362691,-123.971452,plastic,low,https://portal.diver.orr.noaa.gov/pentaho/mdmap/photo-files/22094,2025-01-20,,noaa_seed_data,Cape Lookout,6
seed_22095,36.835314,-121.803169,plastic,low,,2024-08-12,,noaa_seed_data,North Zmudowski (100m),8
seed_22096,36.835314,-121.803169,plastic,medium,,2024-09-12,,noaa_seed_data,South Zmudowski (100m),18
seed_22097,36.698825,-121.810288,plastic,medium,,2024-09-09,,noaa_seed_data,Marina State Beach (100m),33
seed_22098,36.601998,-121.889492,plastic,medium,,2024-09-09,,noaa_seed_data,Del Monte (100m),61
seed_22100,48.367397,-124.621135,glass,high,,2025-01-15,,noaa_seed_data,Front Beach - Neah Bay,92
seed_22101,44.612487,-124.071743,plastic,high,https://portal.diver.orr.noaa.gov/pentaho/mdmap/photo-files/22101,2025-01-22,,noaa_seed_data,South Beach State Park-South Jetty,259
seed_22102,29.219839885,-81.0026457,plastic,medium,,2024-04-29,,noaa_seed_data,Sun Splash Park- Mermaid Box,29
seed_22103,18.973919,-155.599356,plastic,high,https://portal.diver.orr.noaa.gov/pentaho/mdmap/photo-files/22103,2024-08-23,,noaa_seed_data,Kamilo Point (Kamilo Pae Kanaka),891
seed_22104,41.47341,-82.17144,plastic,medium,https://portal.diver.orr.noaa.gov/pentaho/mdmap/photo-files/22104,2024-12-17,,noaa_seed_data,Harborwalk,58
seed_22109,18.973919,-155.599356,plastic,high,https://portal.diver.orr.noaa.gov/pentaho/mdmap/photo-files/22109,2024-12-14,,noaa_seed_data,Kamilo Point (Kamilo Pae Kanaka),646
seed_22110,29.334515,-94.742273,plastic,high,,2025-01-04,,noaa_seed_data,East End Shipping Channel,249
seed_22112,41.38435,-82.51541,plastic,low,,2024-02-08,,noaa_seed_data,Old Woman Creek Beach,13
seed_22113,41.38435,-82.51541,plastic,medium,,2024-01-26,,noaa_seed_data,Old Woman Creek Beach,18
seed_22114,41.38435,-82.51541,plastic,low,https://portal.diver.orr.noaa.gov/pentaho/mdmap/photo-files/22114,2024-03-21,,noaa_seed_data,Old Woman Creek Beach,8
seed_22115,46.436928,-124.059664,plastic,medium,https://portal.diver.orr.noaa.gov/pentaho/mdmap/photo-files/22115,2024-12-30,,noaa_seed_data,Klipsan,38
seed_22116,44.453267,-124.083248,plastic,medium,https://portal.diver.orr.noaa.gov/pentaho/mdmap/photo-files/22116,2025-01-28,,noaa_seed_data,Sandpiper Beach,41
seed_22117,41.48996,-81.92651,plastic,low,https://portal.diver.orr.noaa.gov/pentaho/mdmap/photo-files/22117,2025-01-29,,noaa_seed_data,Cahoon Memorial Park West/Cahoon,9
seed_22118,29.07619,-80.92448,plastic,low,,2025-01-28,,noaa_seed_data,Lighthouse Point Park II,8
seed_22119,41.514656,-82.924116,plastic,medium,https://portal.diver.orr.noaa.gov/pentaho/mdmap/photo-files/22119,2025-01-31,,noaa_seed_data,Port Clinton City Beach - OWC,46
seed_22120,41.38435,-82.51541,plastic,low,https://portal.diver.orr.noaa.gov/pentaho/mdmap/photo-files/22120,2025-01-30,,noaa_seed_data,Old Woman Creek Beach,4
seed_22121,41.515305,-82.9345512,plastic,high,https://portal.diver.orr.noaa.gov/pentaho/mdmap/photo-files/22121,2025-01-31,,noaa_seed_data,Port Clinton City Beach West,67
seed_22122,44.624172,-124.067318,plastic,medium,https://portal.diver.orr.noaa.gov/pentaho/mdmap/photo-files/22122,2025-02-01,,noaa_seed_data,Yaquina Beach,47
seed_22123,46.436928,-124.059664,plastic,medium,https://portal.diver.orr.noaa.gov/pentaho/mdmap/photo-files/22123,2025-01-30,,noaa_seed_data,Klipsan,20
seed_22124,45.02106,-124.00958,plastic,high,https://portal.diver.orr.noaa.gov/pentaho/mdmap/photo-files/22124,2025-02-06,,noaa_seed_data,Roads End Point,158
seed_22128,45.374868,-123.969176,plastic,low,,2025-01-18,,noaa_seed_data,Cape Lookout Spit,5
seed_22129,26.230814,-97.181711,plastic,low,,2024-07-03,,noaa_seed_data,UTRGV 1-South,14
seed_22130,26.230814,-97.181711,plastic,medium,,2024-09-21,,noaa_seed_data,UTRGV 1-South,27
seed_22131,26.241639,-97.183922,plastic,medium,,2025-01-31,,noaa_seed_data,UTRGV 2 -North,37
seed_22132,26.241639,-97.183922,plastic,medium,,2024-06-07,,noaa_seed_data,UTRGV 2 -North,51
seed_22133,26.241639,-97.183922,plastic,medium,,2024-07-03,,noaa_seed_data,UTRGV 2 -North,15
seed_22134,26.230814,-97.181711,plastic,low,,2025-01-31,,noaa_seed_data,UTRGV 1-South,14
seed_22135,26.241639,-97.183922,plastic,medium,,2024-04-20,,noaa_seed_data,UTRGV 2 -North,41
seed_22136,26.230814,-97.181711,plastic,medium,,2024-06-07,,noaa_seed_data,UTRGV 1-South,59
seed_22137,26.230814,-97.181711,plastic,medium,,2024-04-20,,noaa_seed_data,UTRGV 1-South,30
seed_22138,26.241639,-97.183922,plastic,high,,2024-03-23,,noaa_seed_data,UTRGV 2 -North,67
seed_22139,26.230814,-97.181711,plastic,medium,,2024-03-23,,noaa_seed_data,UTRGV 1-South,45
seed_22140,26.241639,-97.183922,plastic,low,,2024-01-26,,noaa_seed_data,UTRGV 2 -North,14
seed_22141,26.230814,-97.181711,plastic,high,,2024-02-20,,noaa_seed_data,UTRGV 1-South,86
seed_22142,26.230814,-97.181711,plastic,medium,,2024-01-26,,noaa_seed_data,UTRGV 1-South,15
seed_22143,29.334515,-94.742273,plastic,high,,2025-02-01,,noaa_seed_data,East End Shipping Channel,241
seed_22144,29.36644,-94.813126,plastic,medium,https://portal.diver.orr.noaa.gov/pentaho/mdmap/photo-files/22144,2025-01-29,,noaa_seed_data,Texas City Dike,22
seed_22145,29.37183,-94.8285,plastic,medium,https://portal.diver.orr.noaa.gov/pentaho/mdmap/photo-files/22145,2025-01-29,,noaa_seed_data,Texas City Dike (North),19
seed_22146,45.287483,-123.964256,plastic,low,https://portal.diver.orr.noaa.gov/pentaho/mdmap/photo-files/22146,2025-02-09,,noaa_seed_data,Larry OR266 North,0
seed_22147,44.674755,-124.07733,plastic,medium,,2025-02-15,,noaa_seed_data,"Cobble Beach, Yaquina Head Outstanding Natural Area",29
seed_22148,26.14141,-97.16862,plastic,medium,,2025-02-17,,noaa_seed_data,South Padre Island Corral at Andie Bowie Park,36
seed_22149,29.334012,-94.780574,plastic,high,https://portal.diver.orr.noaa.gov/pentaho/mdmap/photo-files/22149,2025-02-12,,noaa_seed_data,Seawolf Park,311
seed_22151,26.5315,-97.26333,plastic,medium,,2025-01-31,,noaa_seed_data,South Padre Island Mile Marker 23,41
seed_22154,45.792356,-123.968265,plastic,medium,,2025-02-19,,noaa_seed_data,Cape Falcon Marine Reserve: Arch Cape,29
seed_22155,34.005061,-120.241429,plastic,low,,2024-10-19,,noaa_seed_data,"Sandy Point, Santa Rosa Island, Transect 2",0
seed_22156,34.003115,-120.244248,plastic,low,,2024-10-19,,noaa_seed_data,"Sandy Point, Santa Rosa Island, Transect 3",1
seed_22157,34.005006,-120.19203,metal,low,,2024-10-19,,noaa_seed_data,"Tecelote Canyon Beach, Santa Rosa Island, Transect 1  ",1
seed_22158,34.005534,-120.190998,plastic,low,,2024-10-19,,noaa_seed_data,"Tecelote Canyon Beach, Santa Rosa Island, Transect 2",0
seed_22159,34.006045,-120.189547,plastic,low,,2024-10-19,,noaa_seed_data,"Tecelote Canyon Beach, Santa Rosa Island, Transect 3",12
seed_22160,33.982273,-119.991361,plastic,low,,2024-10-20,,noaa_seed_data,"Skunk Point, Santa Rosa Island, Transect 1",0
seed_22161,33.982594,-119.989888,plastic,low,,2024-10-20,,noaa_seed_data,"Skunk Point, Santa Rosa Island, Transect 2",1
seed_22162,33.983353,-119.987613,plastic,low,,2024-10-20,,noaa_seed_data,"Skunk Point, Santa Rosa Island, Transect 3",13
seed_22163,34.016737,-120.153465,plastic,medium,,2024-10-18,,noaa_seed_data,"Soledad Beach, Santa Rosa Island, Transect 1",17
seed_22164,34.01613,-120.154385,plastic,low,,2024-10-18,,noaa_seed_data,"Soledad Beach, Santa Rosa Island, Transect 2",7
seed_22165,34.015007,-120.156377,plastic,low,,2024-10-18,,noaa_seed_data,"Soledad Beach, Santa Rosa Island, Transect 3",5
seed_22166,30.268611,-87.582778,plastic,low,,2025-01-31,,noaa_seed_data,Cotton Bayou Beach access,7
seed_22167,30.2279111209,-87.83247046,plastic,low,,2025-01-31,,noaa_seed_data,Mobile Street,1
seed_22168,30.23167,-88.01822,plastic,low,,2025-01-31,,noaa_seed_data,Fort Morgan Fort Entrance,6
seed_22169,48.367397,-124.621135,plastic,high,,2025-02-18,,noaa_seed_data,Front Beach - Neah Bay,116
seed_22170,41.38435,-82.51541,plastic,low,,2025-02-26,,noaa_seed_data,Old Woman Creek Beach,6
seed_22171,46.214249,-124.004412,plastic,low,https://portal.diver.orr.noaa.gov/pentaho/mdmap/photo-files/22171,2025-02-20,,noaa_seed_data,Fort Stevens,5
seed_22172,44.612487,-124.071743,plastic,high,https://portal.diver.orr.noaa.gov/pentaho/mdmap/photo-files/22172,2025-02-25,,noaa_seed_data,South Beach State Park-South Jetty,704
seed_22173,29.36644,-94.813126,plastic,medium,https://portal.diver.orr.noaa.gov/pentaho/mdmap/photo-files/22173,2025-02-26,,noaa_seed_data,Texas City Dike,36
seed_22174,29.37183,-94.8285,plastic,medium,https://portal.diver.orr.noaa.gov/pentaho/mdmap/photo-files/22174,2025-02-26,,noaa_seed_data,Texas City Dike (North),31
seed_22175,44.453267,-124.083248,plastic,high,https://portal.diver.orr.noaa.gov/pentaho/mdmap/photo-files/22175,2025-02-26,,noaa_seed_data,Sandpiper Beach,88
seed_22176,41.426125,-82.364406,plastic,medium,https://portal.diver.orr.noaa.gov/pentaho/mdmap/photo-files/22176,2025-02-27,,noaa_seed_data,Main Street Beach,36
seed_22177,44.340065,-124.09922,plastic,low,,2025-02-28,,noaa_seed_data,Oregon Mile 196,1
seed_22178,41.515305,-82.9345512,plastic,medium,https://portal.diver.orr.noaa.gov/pentaho/mdmap/photo-files/22178,2025-02-28,,noaa_seed_data,Port Clinton City Beach West,27
seed_22179,34.012271,-119.882508,plastic,low,,2024-08-12,,noaa_seed_data,"Sauces Cove, Santa Cruz Island, Transect 1",8
seed_22180,34.009552,-119.88425,plastic,low,,2024-08-12,,noaa_seed_data,"Sauces Cove, Santa Cruz Island, Transect 2",1
seed_22181,34.008658,-119.88511,plastic,low,,2024-08-12,,noaa_seed_data,"Sauces Cove, Santa Cruz Island, Transect 3",10
seed_22182,34.023916,-119.876983,plastic,low,,2024-08-11,,noaa_seed_data,"Christi Beach, Santa Cruz Island, Transect 1",5
seed_22183,34.022838,-119.87737,plastic,low,,2024-08-11,,noaa_seed_data,"Christi Beach, Santa Cruz Island, Transect 2",3
seed_22184,34.021561,-119.877829,plastic,low,,2024-08-11,,noaa_seed_data,"Christi Beach, Santa Cruz Island, Transect 3",0
seed_22185,29.07619,-80.92448,plastic,medium,,2025-02-26,,noaa_seed_data,Lighthouse Point Park II,16
seed_22186,41.47341,-82.17144,plastic,medium,,2025-02-27,,noaa_seed_data,Harborwalk,36
seed_22188,34.057831,-119.92332,plastic,low,,2024-08-11,,noaa_seed_data,"Forney's Cove, Santa Cruz Island, Transect 1 ",0
seed_22189,34.057086,-119.922101,plastic,low,,2024-08-11,,noaa_seed_data,"Forney's Cove, Santa Cruz Island, Transect 2",2
seed_22190,34.058569,-119.919013,glass,low,,2024-08-11,,noaa_seed_data,"Forney's Cove, Santa Cruz Island, Transect 3",1
seed_22191,34.005534,-120.190998,plastic,low,,2024-08-06,,noaa_seed_data,"Tecelote Canyon Beach, Santa Rosa Island, Transect 2",5
seed_22192,34.015007,-120.156377,plastic,medium,,2024-08-07,,noaa_seed_data,"Soledad Beach, Santa Rosa Island, Transect 3",23
seed_22193,34.016737,-120.153465,plastic,medium,,2024-08-07,,noaa_seed_data,"Soledad Beach, Santa Rosa Island, Transect 1",24
seed_22194,34.01613,-120.154385,plastic,low,,2024-08-07,,noaa_seed_data,"Soledad Beach, Santa Rosa Island, Transect 2",9
seed_22195,34.005768,-120.240432,plastic,medium,,2024-08-08,,noaa_seed_data,"Sandy Point, Santa Rosa Island, Transect 1 ",18
seed_22196,34.005061,-120.241429,plastic,low,,2024-08-08,,noaa_seed_data,"Sandy Point, Santa Rosa Island, Transect 2",6
seed_22197,34.003115,-120.244248,plastic,low,,2024-08-08,,noaa_seed_data,"Sandy Point, Santa Rosa Island, Transect 3",2
seed_22198,46.436928,-124.059664,plastic,high,,2025-02-27,,noaa_seed_data,Klipsan,66
seed_22199,33.982273,-119.991361,plastic,low,,2024-08-05,,noaa_seed_data,"Skunk Point, Santa Rosa Island, Transect 1",7
seed_22200,33.982594,-119.989888,plastic,low,,2024-08-05,,noaa_seed_data,"Skunk Point, Santa Rosa Island, Transect 2",11
seed_22201,33.983353,-119.987613,plastic,low,,2024-08-05,,noaa_seed_data,"Skunk Point, Santa Rosa Island, Transect 3",6
seed_22202,33.982273,-119.991361,plastic,low,https://portal.diver.orr.noaa.gov/pentaho/mdmap/photo-files/22202,2025-06-01,,noaa_seed_data,"Skunk Point, Santa Rosa Island, Transect 1",2
seed_22204,41.514656,-82.924116,plastic,medium,https://portal.diver.orr.noaa.gov/pentaho/mdmap/photo-files/22204,2025-02-28,,noaa_seed_data,Port Clinton City Beach - OWC,61
seed_22206,34.007751,-118.496732,plastic,high,,2024-12-08,,noaa_seed_data,Santa Monica Tower 16,99
seed_22207,44.751079,-124.064519,plastic,high,,2025-03-08,,noaa_seed_data,Otter Rock Marine Reserve,115
seed_22208,44.751079,-124.064519,plastic,low,,2025-04-27,,noaa_seed_data,Otter Rock Marine Reserve,14
seed_22209,41.48996,-81.92651,other,medium,https://portal.diver.orr.noaa.gov/pentaho/mdmap/photo-files/22209,2025-03-10,,noaa_seed_data,Cahoon Memorial Park West/Cahoon,58
seed_22210,40.4181181,-73.980795,plastic,high,https://portal.diver.orr.noaa.gov/pentaho/mdmap/photo-files/22210,2025-03-10,,noaa_seed_data,Sandy Hook @ C Beach,223
seed_22211,45.374868,-123.969176,plastic,low,,2025-02-11,,noaa_seed_data,Cape Lookout Spit,1
seed_22212,40.1399129,-74.0248553,plastic,medium,,2025-01-29,,noaa_seed_data,Spring Lake @ York Ave,37
seed_22213,39.154934,-74.6880469,plastic,medium,,2025-02-27,,noaa_seed_data,Sea Isle City @ 40th St,15
seed_22214,39.584204,-74.2191046,plastic,medium,,2025-02-25,,noaa_seed_data,Beach Haven @ New Jersey Ave,22
seed_22215,39.4205997,-74.3474627,plastic,medium,,2025-02-24,,noaa_seed_data,Brigantine @ North Beach,18
seed_22216,39.2622831,-74.5912882,plastic,medium,,2025-02-27,,noaa_seed_data,Ocean City @ 22nd St,25
seed_22217,26.5315,-97.26333,plastic,medium,,2025-03-12,,noaa_seed_data,South Padre Island Mile Marker 23,20
seed_22218,39.341193,-74.465616,plastic,high,,2025-02-24,,noaa_seed_data,Ventnor @ S. Austin Ave,89
seed_22219,39.0433049,-74.7606781,plastic,medium,,2025-03-03,,noaa_seed_data,Stone Harbor @ 108th St,30
seed_22220,38.9591921,-74.8411273,plastic,high,,2025-03-03,,noaa_seed_data,Wildwood Crest @ E Topeka Ave,212
seed_22221,29.334012,-94.780574,plastic,high,https://portal.diver.orr.noaa.gov/pentaho/mdmap/photo-files/22221,2025-03-12,,noaa_seed_data,Seawolf Park,130
seed_22222,39.7030929,-74.1331475,plastic,low,,2025-02-25,,noaa_seed_data,Harvey Cedars @ E 75th St,8
seed_22223,40.2192115,-73.9989961,plastic,high,,2025-02-24,,noaa_seed_data,Asbury Park @ 1st Ave,102
seed_22224,41.515305,-82.9345512,plastic,medium,,2025-03-14,,noaa_seed_data,Port Clinton City Beach West,25
seed_22225,41.426125,-82.364406,plastic,medium,https://portal.diver.orr.noaa.gov/pentaho/mdmap/photo-files/22225,2025-03-16,,noaa_seed_data,Main Street Beach,40
seed_22226,30.23167,-88.01822,plastic,low,,2025-02-27,,noaa_seed_data,Fort Morgan Fort Entrance,9
seed_22227,30.2279111209,-87.83247046,plastic,low,,2025-02-27,,noaa_seed_data,Mobile Street,2
seed_22228,30.268611,-87.582778,plastic,low,,2025-02-27,,noaa_seed_data,Cotton Bayou Beach access,10
seed_22229,26.14141,-97.16862,plastic,medium,,2025-03-16,,noaa_seed_data,South Padre Island Corral at Andie Bowie Park,22
seed_22230,39.8495065,-74.0854732,plastic,medium,,2025-01-13,,noaa_seed_data,Island Beach State Park @ Swimming Area 2,25
seed_22231,40.0626748,-74.0429414,plastic,medium,,2025-01-29,,noaa_seed_data,Bay Head @ Johnson St,51
seed_22232,45.02106,-124.00958,plastic,high,https://portal.diver.orr.noaa.gov/pentaho/mdmap/photo-files/22232,2025-03-06,,noaa_seed_data,Roads End Point,90
seed_22233,40.2951422,-73.9788222,plastic,high,,2025-02-24,,noaa_seed_data,Long Branch @ Ocean Ave N,95
seed_22234,39.9135102,-74.0759494,plastic,medium,,2025-01-13,,noaa_seed_data,Seaside Park @ 13th Ave,18
seed_22235,29.334515,-94.742273,plastic,high,,2025-03-01,,noaa_seed_data,East End Shipping Channel,160
seed_22236,41.514656,-82.924116,glass,high,https://portal.diver.orr.noaa.gov/pentaho/mdmap/photo-files/22236,2025-03-14,,noaa_seed_data,Port Clinton City Beach - OWC,135
seed_22237,40.630232,-73.88378,plastic,high,https://portal.diver.orr.noaa.gov/pentaho/mdmap/photo-files/22237,2025-03-08,,noaa_seed_data,Canarsie Pier,129
seed_22239,45.033535,-83.308411,plastic,low,https://portal.diver.orr.noaa.gov/pentaho/mdmap/photo-files/22239,2025-03-21,,noaa_seed_data,North Point Nature Preserve,3
seed_22240,22.005821,-159.335868,plastic,medium,https://portal.diver.orr.noaa.gov/pentaho/mdmap/photo-files/22240,2024-12-22,,noaa_seed_data,"Nukolii Beach, Kauai",17
seed_22241,41.47341,-82.17144,plastic,high,,2025-03-18,,noaa_seed_data,Harborwalk,100
seed_22242,41.39694,-82.54417,plastic,high,https://portal.diver.orr.noaa.gov/pentaho/mdmap/photo-files/22242,2025-03-22,,noaa_seed_data,Nickel Plate Beach,67
seed_22243,44.612487,-124.071743,plastic,medium,https://portal.diver.orr.noaa.gov/pentaho/mdmap/photo-files/22243,2025-03-21,,noaa_seed_data,South Beach State Park-South Jetty,61
seed_22244,41.38435,-82.51541,plastic,low,,2025-03-24,,noaa_seed_data,Old Woman Creek Beach,3
seed_22245,22.005821,-159.335868,plastic,high,https://portal.diver.orr.noaa.gov/pentaho/mdmap/photo-files/22245,2025-03-21,,noaa_seed_data,"Nukolii Beach, Kauai",208
seed_22246,45.792356,-123.968265,plastic,medium,,2025-03-20,,noaa_seed_data,Cape Falcon Marine Reserve: Arch Cape,40
seed_22247,29.37183,-94.8285,plastic,medium,https://portal.diver.orr.noaa.gov/pentaho/mdmap/photo-files/22247,2025-03-26,,noaa_seed_data,Texas City Dike (North),50
seed_22248,29.36644,-94.813126,plastic,high,https://portal.diver.orr.noaa.gov/pentaho/mdmap/photo-files/22248,2025-03-26,,noaa_seed_data,Texas City Dike,70
seed_22249,45.374868,-123.969176,plastic,low,https://portal.diver.orr.noaa.gov/pentaho/mdmap/photo-files/22249,2025-03-25,,noaa_seed_data,Cape Lookout Spit,12
seed_22250,33.982273,-119.991361,plastic,low,https://portal.diver.orr.noaa.gov/pentaho/mdmap/photo-files/22250,2025-03-28,,noaa_seed_data,"Skunk Point, Santa Rosa Island, Transect 1",8
seed_22251,33.982594,-119.989888,plastic,low,https://portal.diver.orr.noaa.gov/pentaho/mdmap/photo-files/22251,2025-03-28,,noaa_seed_data,"Skunk Point, Santa Rosa Island, Transect 2",6
seed_22252,33.983353,-119.987613,plastic,low,https://portal.diver.orr.noaa.gov/pentaho/mdmap/photo-files/22252,2025-03-28,,noaa_seed_data,"Skunk Point, Santa Rosa Island, Transect 3",5
seed_22253,44.453267,-124.083248,plastic,high,https://portal.diver.orr.noaa.gov/pentaho/mdmap/photo-files/22253,2025-03-29,,noaa_seed_data,Sandpiper Beach,145
seed_22254,34.016737,-120.153465,plastic,medium,https://portal.diver.orr.noaa.gov/pentaho/mdmap/photo-files/22254,2025-05-30,,noaa_seed_data,"Soledad Beach, Santa Rosa Island, Transect 1",33
seed_22255,44.674755,-124.07733,plastic,high,,2025-03-30,,noaa_seed_data,"Cobble Beach, Yaquina Head Outstanding Natural Area",113
seed_22256,41.58593,-81.567,plastic,high,https://portal.diver.orr.noaa.gov/pentaho/mdmap/photo-files/22256,2025-03-29,,noaa_seed_data,WVP Euclid Beach,323
seed_22257,39.584204,-74.2191046,plastic,medium,,2025-03-27,,noaa_seed_data,Beach Haven @ New Jersey Ave,37
seed_22258,40.083249,-74.870251,glass,high,,2025-03-20,,noaa_seed_data,Burlington Bristol Bridge,79
seed_22259,48.416352,-122.651372,plastic,medium,https://portal.diver.orr.noaa.gov/pentaho/mdmap/photo-files/22259,2025-03-28,,noaa_seed_data,Bowman Bay,25
seed_22260,59.79767,-144.598717,plastic,high,https://portal.diver.orr.noaa.gov/pentaho/mdmap/photo-files/22260,2025-03-30,,noaa_seed_data,Cape St. Elias East Beach,366
seed_22262,21.330726,-157.691602,plastic,high,,2025-03-23,,noaa_seed_data,Waimanalo Beach Park,223
seed_22263,44.340065,-124.09922,plastic,medium,,2025-03-31,,noaa_seed_data,Oregon Mile 196,19
seed_22264,39.7030929,-74.1331475,plastic,medium,,2025-03-27,,noaa_seed_data,Harvey Cedars @ E 75th St,19
seed_22265,39.8495065,-74.0854732,plastic,medium,,2025-03-25,,noaa_seed_data,Island Beach State Park @ Swimming Area 2,40
seed_22266,48.15015,-123.55581,plastic,medium,https://portal.diver.orr.noaa.gov/pentaho/mdmap/photo-files/22266,2025-04-04,,noaa_seed_data,Elwha East,23
seed_22267,26.230814,-97.181711,plastic,low,,2025-02-28,,noaa_seed_data,UTRGV 1-South,12
seed_22269,26.241639,-97.183922,plastic,medium,,2025-03-14,,noaa_seed_data,UTRGV 2 -North,46
seed_22270,26.230814,-97.181711,plastic,low,https://portal.diver.orr.noaa.gov/pentaho/mdmap/photo-files/22270,2025-03-14,,noaa_seed_data,UTRGV 1-South,14
seed_22272,30.23167,-88.01822,plastic,low,,2025-03-27,,noaa_seed_data,Fort Morgan Fort Entrance,1
seed_22273,46.436928,-124.059664,plastic,medium,,2025-03-30,,noaa_seed_data,Klipsan,26
seed_22274,30.2279111209,-87.83247046,plastic,low,,2025-03-27,,noaa_seed_data,Mobile Street,3
seed_22275,30.268611,-87.582778,plastic,medium,,2025-03-30,,noaa_seed_data,Cotton Bayou Beach access,19
seed_22276,48.14447,-123.56974,plastic,medium,https://portal.diver.orr.noaa.gov/pentaho/mdmap/photo-files/22276,2025-04-07,,noaa_seed_data,Elwha West,19
seed_22277,48.51858,-122.62387,other,low,https://portal.diver.orr.noaa.gov/pentaho/mdmap/photo-files/22277,2025-04-02,,noaa_seed_data,Kiwanis Waterfront Beach,8
seed_22278,34.005006,-120.19203,plastic,medium,https://portal.diver.orr.noaa.gov/pentaho/mdmap/photo-files/22278,2025-03-29,,noaa_seed_data,"Tecelote Canyon Beach, Santa Rosa Island, Transect 1  ",29
seed_22280,48.367397,-124.621135,glass,high,,2025-03-18,,noaa_seed_data,Front Beach - Neah Bay,107
seed_22281,39.154934,-74.6880469,plastic,medium,,2025-04-03,,noaa_seed_data,Sea Isle City @ 40th St,19
seed_22282,39.2622831,-74.5912882,plastic,medium,,2025-04-03,,noaa_seed_data,Ocean City @ 22nd St,42
seed_22283,39.9135102,-74.0759494,plastic,medium,,2025-03-25,,noaa_seed_data,Seaside Park @ 13th Ave,22
seed_22285,29.334012,-94.780574,plastic,high,https://portal.diver.orr.noaa.gov/pentaho/mdmap/photo-files/22285,2025-04-09,,noaa_seed_data,Seawolf Park,110
seed_22286,41.515305,-82.9345512,plastic,medium,,2025-04-11,,noaa_seed_data,Port Clinton City Beach West,40
seed_22287,45.362691,-123.971452,plastic,low,,2025-03-24,,noaa_seed_data,Cape Lookout,0
seed_22288,45.02106,-124.00958,plastic,high,https://portal.diver.orr.noaa.gov/pentaho/mdmap/photo-files/22288,2025-04-07,,noaa_seed_data,Roads End Point,216
seed_22290,40.2192115,-73.9989961,plastic,high,,2025-04-09,,noaa_seed_data,Asbury Park @ 1st Ave,378
seed_22291,40.4181181,-73.980795,plastic,high,https://portal.diver.orr.noaa.gov/pentaho/mdmap/photo-files/22291,2025-04-09,,noaa_seed_data,Sandy Hook @ C Beach,622
seed_22292,48.416352,-122.651372,plastic,low,,2025-04-15,,noaa_seed_data,Bowman Bay,14
seed_22294,38.128462,20.491429,plastic,low,https://portal.diver.orr.noaa.gov/pentaho/mdmap/photo-files/22294,2025-04-15,,noaa_seed_data,Megali Ammos 1,11
seed_22295,44.855154,-83.321418,plastic,low,https://portal.diver.orr.noaa.gov/pentaho/mdmap/photo-files/22295,2025-04-14,,noaa_seed_data,Negwegon State Park,3
seed_22296,45.048333,-83.443889,plastic,medium,https://portal.diver.orr.noaa.gov/pentaho/mdmap/photo-files/22296,2025-04-16,,noaa_seed_data,Starlite Beach,17
seed_22297,45.792356,-123.968265,plastic,medium,,2025-04-16,,noaa_seed_data,Cape Falcon Marine Reserve: Arch Cape,21
seed_22298,38.13455,20.495832,plastic,high,https://portal.diver.orr.noaa.gov/pentaho/mdmap/photo-files/22298,2025-04-16,,noaa_seed_data,Minies 2,86
seed_22299,38.13455,20.495832,plastic,high,https://portal.diver.orr.noaa.gov/pentaho/mdmap/photo-files/22299,2025-04-17,,noaa_seed_data,Minies 2,115
seed_22300,46.214249,-124.004412,plastic,medium,https://portal.diver.orr.noaa.gov/pentaho/mdmap/photo-files/22300,2025-04-16,,noaa_seed_data,Fort Stevens,35
seed_22301,41.514656,-82.924116,plastic,medium,https://portal.diver.orr.noaa.gov/pentaho/mdmap/photo-files/22301,2025-04-11,,noaa_seed_data,Port Clinton City Beach - OWC,49
seed_22307,38.13455,20.495832,plastic,high,https://portal.diver.orr.noaa.gov/pentaho/mdmap/photo-files/22307,2025-04-18,,noaa_seed_data,Minies 2,67
seed_22308,38.128462,20.491429,plastic,low,https://portal.diver.orr.noaa.gov/pentaho/mdmap/photo-files/22308,2025-04-18,,noaa_seed_data,Megali Ammos 1,3
seed_22309,45.374868,-123.969176,plastic,low,,2025-04-22,,noaa_seed_data,Cape Lookout Spit,2
seed_22310,41.426125,-82.364406,plastic,high,https://portal.diver.orr.noaa.gov/pentaho/mdmap/photo-files/22310,2025-04-22,,noaa_seed_data,Main Street Beach,65
seed_22311,44.28263239366918,-124.1107139186496,plastic,low,,2024-08-14,,noaa_seed_data,Cape Perpetua-Cove Beach,0
seed_22312,44.28263239366918,-124.1107139186496,plastic,low,,2024-10-21,,noaa_seed_data,Cape Perpetua-Cove Beach,4
seed_22313,44.28263239366918,-124.1107139186496,plastic,medium,,2024-11-18,,noaa_seed_data,Cape Perpetua-Cove Beach,24
seed_22314,44.28263239366918,-124.1107139186496,plastic,medium,,2024-12-09,,noaa_seed_data,Cape Perpetua-Cove Beach,20
seed_22315,38.11809,20.493468,plastic,high,https://portal.diver.orr.noaa.gov/pentaho/mdmap/photo-files/22315,2025-04-21,,noaa_seed_data,Cape St Nick 1,130
seed_22316,44.612487,-124.071743,plastic,high,https://portal.diver.orr.noaa.gov/pentaho/mdmap/photo-files/22316,2025-04-19,,noaa_seed_data,South Beach State Park-South Jetty,412
seed_22317,38.11809,20.493468,plastic,high,https://portal.diver.orr.noaa.gov/pentaho/mdmap/photo-files/22317,2025-04-23,,noaa_seed_data,Cape St Nick 1,178
seed_22318,48.367397,-124.621135,glass,high,,2025-04-22,,noaa_seed_data,Front Beach - Neah Bay,92
seed_22319,39.0433049,-74.7606781,plastic,medium,,2025-04-17,,noaa_seed_data,Stone Harbor @ 108th St,21
seed_22320,38.9591921,-74.8411273,plastic,medium,,2025-04-17,,noaa_seed_data,Wildwood Crest @ E Topeka Ave,63
seed_22321,39.4205997,-74.3474627,plastic,low,,2025-04-21,,noaa_seed_data,Brigantine @ North Beach,12
seed_22322,39.341193,-74.465616,plastic,high,,2025-04-21,,noaa_seed_data,Ventnor @ S. Austin Ave,90
seed_22323,38.13455,20.495832,plastic,high,https://portal.diver.orr.noaa.gov/pentaho/mdmap/photo-files/22323,2025-04-24,,noaa_seed_data,Minies 2,68
seed_22324,29.312992,-94.820746,plastic,medium,,2025-03-01,,noaa_seed_data,TAMUG Shell Beach 2,45
seed_22325,29.31402,-94.821989,plastic,low,,2025-04-05,,noaa_seed_data,Shell Beach (TAMUG),11
seed_22326,29.312992,-94.820746,plastic,high,,2025-04-05,,noaa_seed_data,TAMUG Shell Beach 2,94
seed_22327,29.36644,-94.813126,plastic,high,https://portal.diver.orr.noaa.gov/pentaho/mdmap/photo-files/22327,2025-04-23,,noaa_seed_data,Texas City Dike,75
seed_22328,26.241639,-97.183922,plastic,medium,,2025-04-25,,noaa_seed_data,UTRGV 2 -North,16
seed_22329,26.230814,-97.181711,plastic,medium,,2025-04-25,,noaa_seed_data,UTRGV 1-South,19
seed_22330,18.973919,-155.599356,plastic,high,https://portal.diver.orr.noaa.gov/pentaho/mdmap/photo-files/22330,2025-03-22,,noaa_seed_data,Kamilo Point (Kamilo Pae Kanaka),782
seed_22331,45.362691,-123.971452,plastic,low,,2025-04-18,,noaa_seed_data,Cape Lookout,7
seed_22332,44.612487,-124.071743,plastic,high,https://portal.diver.orr.noaa.gov/pentaho/mdmap/photo-files/22332,2025-04-26,,noaa_seed_data,South Beach State Park-South Jetty,117
seed_22333,38.11809,20.493468,plastic,high,https://portal.diver.orr.noaa.gov/pentaho/mdmap/photo-files/22333,2025-04-27,,noaa_seed_data,Cape St Nick 1,175
seed_22334,38.128462,20.491429,plastic,low,https://portal.diver.orr.noaa.gov/pentaho/mdmap/photo-files/22334,2025-04-25,,noaa_seed_data,Megali Ammos 1,14
seed_22335,44.612487,-124.071743,plastic,high,https://portal.diver.orr.noaa.gov/pentaho/mdmap/photo-files/22335,2025-04-27,,noaa_seed_data,South Beach State Park-South Jetty,211
seed_22336,39.25721,-76.61041,plastic,high,https://portal.diver.orr.noaa.gov/pentaho/mdmap/photo-files/22336,2025-02-22,,noaa_seed_data,Ferry Bar Park,231
seed_22337,49.355444,-124.444559,glass,low,,2025-04-07,,noaa_seed_data,Qualicum Beach (The Shore Restaurant),5
seed_22338,39.25721,-76.61041,plastic,high,,2025-03-22,,noaa_seed_data,Ferry Bar Park,105
seed_22339,40.2951422,-73.9788222,plastic,high,,2025-04-07,,noaa_seed_data,Long Branch @ Ocean Ave N,246
seed_22340,49.355038,-124.365214,glass,low,,2025-04-14,,noaa_seed_data,Columbia Beach,4
seed_22341,49.312182,-124.212981,processed-lumber,low,,2025-04-08,,noaa_seed_data,Beachcombers Beach (Nanoose Bay),9
seed_22342,41.39694,-82.54417,plastic,high,https://portal.diver.orr.noaa.gov/pentaho/mdmap/photo-files/22342,2025-04-29,,noaa_seed_data,Nickel Plate Beach,67
seed_22343,38.11809,20.493468,plastic,high,https://portal.diver.orr.noaa.gov/pentaho/mdmap/photo-files/22343,2025-04-29,,noaa_seed_data,Cape St Nick 1,94
seed_22344,41.47341,-82.17144,plastic,medium,,2025-04-23,,noaa_seed_data,Harborwalk,64
seed_22345,38.128462,20.491429,plastic,medium,https://portal.diver.orr.noaa.gov/pentaho/mdmap/photo-files/22345,2025-04-29,,noaa_seed_data,Megali Ammos 1,23
seed_22346,44.340065,-124.09922,plastic,low,,2025-04-29,,noaa_seed_data,Oregon Mile 196,11
seed_22347,38.13455,20.495832,plastic,high,https://portal.diver.orr.noaa.gov/pentaho/mdmap/photo-files/22347,2025-04-30,,noaa_seed_data,Minies 2,67
seed_22349,38.13455,20.495832,plastic,high,https://portal.diver.orr.noaa.gov/pentaho/mdmap/photo-files/22349,2025-05-01,,noaa_seed_data,Minies 2,76
seed_22351,40.1399129,-74.0248553,plastic,high,,2025-03-26,,noaa_seed_data,Spring Lake @ York Ave,89
seed_22352,40.0626748,-74.0429414,plastic,medium,,2025-03-26,,noaa_seed_data,Bay Head @ Johnson St,15
seed_22353,38.128462,20.491429,plastic,low,https://portal.diver.orr.noaa.gov/pentaho/mdmap/photo-files/22353,2025-05-02,,noaa_seed_data,Megali Ammos 1,4
seed_22354,40.083249,-74.870251,glass,high,,2025-04-29,,noaa_seed_data,Burlington Bristol Bridge,130
seed_22356,44.612487,-124.071743,plastic,high,https://portal.diver.orr.noaa.gov/pentaho/mdmap/photo-files/22356,2025-05-03,,noaa_seed_data,South Beach State Park-South Jetty,112
seed_22357,41.38435,-82.51541,plastic,low,https://portal.diver.orr.noaa.gov/pentaho/mdmap/photo-files/22357,2025-04-23,,noaa_seed_data,Old Woman Creek Beach,2
seed_22358,46.436928,-124.059664,plastic,low,,2025-05-30,,noaa_seed_data,Klipsan,8
seed_22362,47.69526,-122.40432,plastic,medium,https://portal.diver.orr.noaa.gov/pentaho/mdmap/photo-files/22362,2025-05-07,,noaa_seed_data,Golden Gardens Park (N),43
seed_22371,38.13455,20.495832,plastic,medium,https://portal.diver.orr.noaa.gov/pentaho/mdmap/photo-files/22371,2025-05-05,,noaa_seed_data,Minies 2,27
seed_22372,38.128462,20.491429,plastic,medium,https://portal.diver.orr.noaa.gov/pentaho/mdmap/photo-files/22372,2025-05-06,,noaa_seed_data,Megali Ammos 1,22
seed_22373,38.11809,20.493468,plastic,high,https://portal.diver.orr.noaa.gov/pentaho/mdmap/photo-files/22373,2025-05-05,,noaa_seed_data,Cape St Nick 1,98
seed_22374,38.13455,20.495832,plastic,medium,https://portal.diver.orr.noaa.gov/pentaho/mdmap/photo-files/22374,2025-05-06,,noaa_seed_data,Minies 2,52
seed_22375,48.51858,-122.62387,other,medium,,2025-05-06,,noaa_seed_data,Kiwanis Waterfront Beach,16
seed_22376,44.612487,-124.071743,plastic,high,,2025-05-04,,noaa_seed_data,South Beach State Park-South Jetty,192
seed_22377,40.722252,-73.962805,plastic,high,https://portal.diver.orr.noaa.gov/pentaho/mdmap/photo-files/22377,2025-04-25,,noaa_seed_data,Marsha P Johnson,79
seed_22378,45.02106,-124.00958,plastic,medium,https://portal.diver.orr.noaa.gov/pentaho/mdmap/photo-files/22378,2025-05-05,,noaa_seed_data,Roads End Point,64
seed_22379,38.128462,20.491429,processed-lumber,low,https://portal.diver.orr.noaa.gov/pentaho/mdmap/photo-files/22379,2025-05-08,,noaa_seed_data,Megali Ammos 1,1
seed_22380,38.11809,20.493468,plastic,high,https://portal.diver.orr.noaa.gov/pentaho/mdmap/photo-files/22380,2025-05-08,,noaa_seed_data,Cape St Nick 1,80
seed_22382,38.11809,20.493468,plastic,high,https://portal.diver.orr.noaa.gov/pentaho/mdmap/photo-files/22382,2025-05-09,,noaa_seed_data,Cape St Nick 1,90
seed_22383,26.14141,-97.16862,plastic,medium,https://portal.diver.orr.noaa.gov/pentaho/mdmap/photo-files/22383,2025-05-08,,noaa_seed_data,South Padre Island Corral at Andie Bowie Park,23
seed_22384,45.245,-83.412805,plastic,low,https://portal.diver.orr.noaa.gov/pentaho/mdmap/photo-files/22384,2025-05-05,,noaa_seed_data,Besser Natural Area,7
seed_22385,45.033535,-83.308411,plastic,low,,2025-05-05,,noaa_seed_data,North Point Nature Preserve,2
seed_22386,44.92472,-83.418056,plastic,medium,https://portal.diver.orr.noaa.gov/pentaho/mdmap/photo-files/22386,2025-04-14,,noaa_seed_data,Ossineke Beach,31
seed_22389,38.13455,20.495832,plastic,low,https://portal.diver.orr.noaa.gov/pentaho/mdmap/photo-files/22389,2025-05-14,,noaa_seed_data,Minies 2,12
seed_22390,38.128462,20.491429,plastic,low,https://portal.diver.orr.noaa.gov/pentaho/mdmap/photo-files/22390,2025-05-14,,noaa_seed_data,Megali Ammos 1,6
seed_22392,41.1343,-73.2407,plastic,high,https://portal.diver.orr.noaa.gov/pentaho/mdmap/photo-files/22392,2025-05-12,,noaa_seed_data,Penfield Beach Fairfield CT,112
seed_22393,38.128462,20.491429,plastic,low,https://portal.diver.orr.noaa.gov/pentaho/mdmap/photo-files/22393,2025-05-15,,noaa_seed_data,Megali Ammos 1,3
seed_22394,29.334012,-94.780574,plastic,medium,https://portal.diver.orr.noaa.gov/pentaho/mdmap/photo-files/22394,2025-05-14,,noaa_seed_data,Seawolf Park,61
seed_22395,38.13455,20.495832,plastic,medium,https://portal.diver.orr.noaa.gov/pentaho/mdmap/photo-files/22395,2025-05-16,,noaa_seed_data,Minies 2,38
seed_22396,38.11809,20.493468,plastic,medium,https://portal.diver.orr.noaa.gov/pentaho/mdmap/photo-files/22396,2025-05-16,,noaa_seed_data,Cape St Nick 1,30
seed_22397,38.128462,20.491429,plastic,low,https://portal.diver.orr.noaa.gov/pentaho/mdmap/photo-files/22397,2025-05-18,,noaa_seed_data,Megali Ammos 1,10
seed_22398,29.312992,-94.820746,plastic,high,https://portal.diver.orr.noaa.gov/pentaho/mdmap/photo-files/22398,2025-05-14,,noaa_seed_data,TAMUG Shell Beach 2,181
seed_22399,41.58593,-81.567,plastic,high,https://portal.diver.orr.noaa.gov/pentaho/mdmap/photo-files/22399,2025-05-18,,noaa_seed_data,WVP Euclid Beach,168
seed_22400,41.426125,-82.364406,plastic,high,,2025-05-19,,noaa_seed_data,Main Street Beach,73
seed_22401,38.13455,20.495832,plastic,medium,https://portal.diver.orr.noaa.gov/pentaho/mdmap/photo-files/22401,2025-05-19,,noaa_seed_data,Minies 2,57
seed_22402,45.792356,-123.968265,processed-lumber,medium,,2025-05-16,,noaa_seed_data,Cape Falcon Marine Reserve: Arch Cape,17
seed_22403,45.362691,-123.971452,plastic,low,,2025-05-11,,noaa_seed_data,Cape Lookout,11
seed_22404,41.515305,-82.9345512,plastic,medium,,2025-05-20,,noaa_seed_data,Port Clinton City Beach West,28
seed_22405,38.11809,20.493468,plastic,medium,https://portal.diver.orr.noaa.gov/pentaho/mdmap/photo-files/22405,2025-05-20,,noaa_seed_data,Cape St Nick 1,16
seed_22406,38.128462,20.491429,plastic,low,https://portal.diver.orr.noaa.gov/pentaho/mdmap/photo-files/22406,2025-05-20,,noaa_seed_data,Megali Ammos 1,11
seed_22407,38.195015,20.439587,plastic,medium,https://portal.diver.orr.noaa.gov/pentaho/mdmap/photo-files/22407,2025-05-15,,noaa_seed_data,Fikia 1,60
seed_22408,38.188476,20.439466,plastic,low,https://portal.diver.orr.noaa.gov/pentaho/mdmap/photo-files/22408,2025-05-19,,noaa_seed_data,Loggos 1,3
seed_22409,38.176196,20.43922,plastic,medium,https://portal.diver.orr.noaa.gov/pentaho/mdmap/photo-files/22409,2025-05-20,,noaa_seed_data,Lepeda 1,36
seed_22410,29.334515,-94.742273,plastic,high,https://portal.diver.orr.noaa.gov/pentaho/mdmap/photo-files/22410,2025-05-03,,noaa_seed_data,East End Shipping Channel,249
seed_22411,44.751079,-124.064519,plastic,low,,2025-05-18,,noaa_seed_data,Otter Rock Marine Reserve,6
seed_22412,38.128462,20.491429,plastic,low,https://portal.diver.orr.noaa.gov/pentaho/mdmap/photo-files/22412,2025-05-21,,noaa_seed_data,Megali Ammos 1,5
seed_22414,38.13455,20.495832,plastic,medium,https://portal.diver.orr.noaa.gov/pentaho/mdmap/photo-files/22414,2025-05-22,,noaa_seed_data,Minies 2,46
seed_22415,41.514656,-82.924116,plastic,medium,https://portal.diver.orr.noaa.gov/pentaho/mdmap/photo-files/22415,2025-05-20,,noaa_seed_data,Port Clinton City Beach - OWC,20
seed_22416,44.13504,-124.12362,plastic,low,,2025-05-21,,noaa_seed_data,Heceta Head Lighthouse Beach,8
seed_22417,48.416352,-122.651372,plastic,low,https://portal.diver.orr.noaa.gov/pentaho/mdmap/photo-files/22417,2025-05-25,,noaa_seed_data,Bowman Bay,13
seed_22418,38.188476,20.439466,plastic,low,https://portal.diver.orr.noaa.gov/pentaho/mdmap/photo-files/22418,2025-05-23,,noaa_seed_data,Loggos 1,11
seed_22419,38.13455,20.495832,plastic,medium,https://portal.diver.orr.noaa.gov/pentaho/mdmap/photo-files/22419,2025-05-24,,noaa_seed_data,Minies 2,15
seed_22421,38.11809,20.493468,plastic,high,https://portal.diver.orr.noaa.gov/pentaho/mdmap/photo-files/22421,2025-05-15,,noaa_seed_data,Cape St Nick 1,111
seed_22422,38.13455,20.495832,plastic,low,https://portal.diver.orr.noaa.gov/pentaho/mdmap/photo-files/22422,2025-05-27,,noaa_seed_data,Minies 2,4
seed_22423,38.128462,20.491429,plastic,low,https://portal.diver.orr.noaa.gov/pentaho/mdmap/photo-files/22423,2025-05-27,,noaa_seed_data,Megali Ammos 1,2
seed_22424,41.47341,-82.17144,plastic,high,,2025-05-16,,noaa_seed_data,Harborwalk,124
seed_22425,38.11809,20.493468,plastic,high,https://portal.diver.orr.noaa.gov/pentaho/mdmap/photo-files/22425,2025-05-28,,noaa_seed_data,Cape St Nick 1,76
seed_22426,38.195015,20.439587,plastic,medium,https://portal.diver.orr.noaa.gov/pentaho/mdmap/photo-files/22426,2025-05-26,,noaa_seed_data,Fikia 1,48
seed_22427,29.36644,-94.813126,plastic,medium,https://portal.diver.orr.noaa.gov/pentaho/mdmap/photo-files/22427,2025-05-21,,noaa_seed_data,Texas City Dike,57
seed_22429,29.37183,-94.8285,plastic,medium,https://portal.diver.orr.noaa.gov/pentaho/mdmap/photo-files/22429,2025-05-21,,noaa_seed_data,Texas City Dike (North),60
seed_22430,38.128462,20.491429,plastic,medium,https://portal.diver.orr.noaa.gov/pentaho/mdmap/photo-files/22430,2025-05-29,,noaa_seed_data,Megali Ammos 1,15
seed_22431,44.65958,-124.05864,plastic,medium,https://portal.diver.orr.noaa.gov/pentaho/mdmap/photo-files/22431,2025-05-20,,noaa_seed_data,Agate Beach Inn,34
seed_22432,44.612487,-124.071743,plastic,high,,2025-05-18,,noaa_seed_data,South Beach State Park-South Jetty,216
seed_22433,38.06834,20.79814,plastic,medium,https://portal.diver.orr.noaa.gov/pentaho/mdmap/photo-files/22433,2025-05-31,,noaa_seed_data,Skala 1,16
seed_22434,38.195015,20.439587,plastic,high,https://portal.diver.orr.noaa.gov/pentaho/mdmap/photo-files/22434,2025-05-29,,noaa_seed_data,Fikia 1,68
seed_22435,38.128462,20.491429,plastic,low,https://portal.diver.orr.noaa.gov/pentaho/mdmap/photo-files/22435,2025-05-30,,noaa_seed_data,Megali Ammos 1,8
seed_22436,38.176196,20.43922,plastic,high,https://portal.diver.orr.noaa.gov/pentaho/mdmap/photo-files/22436,2025-05-30,,noaa_seed_data,Lepeda 1,78
seed_22437,38.188476,20.439466,plastic,low,https://portal.diver.orr.noaa.gov/pentaho/mdmap/photo-files/22437,2025-05-30,,noaa_seed_data,Loggos 1,2
seed_22438,38.13455,20.495832,plastic,medium,https://portal.diver.orr.noaa.gov/pentaho/mdmap/photo-files/22438,2025-05-30,,noaa_seed_data,Minies 2,17
seed_22439,38.11809,20.493468,plastic,medium,https://portal.diver.orr.noaa.gov/pentaho/mdmap/photo-files/22439,2025-05-25,,noaa_seed_data,Cape St Nick 1,18
seed_22440,38.101503,20.539456,plastic,low,https://portal.diver.orr.noaa.gov/pentaho/mdmap/photo-files/22440,2025-05-31,,noaa_seed_data,Avithos 1,12
seed_22441,38.195015,20.439587,plastic,high,https://portal.diver.orr.noaa.gov/pentaho/mdmap/photo-files/22441,2025-05-31,,noaa_seed_data,Fikia 1,106
seed_22443,38.11809,20.493468,plastic,low,https://portal.diver.orr.noaa.gov/pentaho/mdmap/photo-files/22443,2025-05-31,,noaa_seed_data,Cape St Nick 1,12
seed_22444,44.612487,-124.071743,plastic,high,https://portal.diver.orr.noaa.gov/pentaho/mdmap/photo-files/22444,2025-05-31,,noaa_seed_data,South Beach State Park-South Jetty,263
seed_22445,38.176196,20.43922,plastic,low,https://portal.diver.orr.noaa.gov/pentaho/mdmap/photo-files/22445,2025-06-01,,noaa_seed_data,Lepeda 1,6
seed_22446,38.128462,20.491429,plastic,low,https://portal.diver.orr.noaa.gov/pentaho/mdmap/photo-files/22446,2025-06-01,,noaa_seed_data,Megali Ammos 1,10
seed_22447,40.083249,-74.870251,glass,medium,,2025-05-27,,noaa_seed_data,Burlington Bristol Bridge,47
seed_22449,38.11809,20.493468,plastic,medium,https://portal.diver.orr.noaa.gov/pentaho/mdmap/photo-files/22449,2025-06-02,,noaa_seed_data,Cape St Nick 1,30
seed_22450,38.188476,20.439466,plastic,low,https://portal.diver.orr.noaa.gov/pentaho/mdmap/photo-files/22450,2025-06-02,,noaa_seed_data,Loggos 1,3
seed_22451,38.103381,20.534513,plastic,high,https://portal.diver.orr.noaa.gov/pentaho/mdmap/photo-files/22451,2025-06-02,,noaa_seed_data,Megali Petra 1,279
seed_22452,49.320359,-124.26386,plastic,low,,2025-04-25,,noaa_seed_data,Rathtrevor Beach (RB) Parksville,2
seed_22453,49.320359,-124.26386,other,low,,2024-11-14,,noaa_seed_data,Rathtrevor Beach (RB) Parksville,4
seed_22454,38.128462,20.491429,plastic,medium,https://portal.diver.orr.noaa.gov/pentaho/mdmap/photo-files/22454,2025-06-03,,noaa_seed_data,Megali Ammos 1,19
seed_22455,38.11809,20.493468,plastic,low,https://portal.diver.orr.noaa.gov/pentaho/mdmap/photo-files/22455,2025-06-03,,noaa_seed_data,Cape St Nick 1,7
seed_22456,38.195015,20.439587,plastic,high,https://portal.diver.orr.noaa.gov/pentaho/mdmap/photo-files/22456,2025-06-03,,noaa_seed_data,Fikia 1,85
seed_22457,38.13455,20.495832,plastic,medium,https://portal.diver.orr.noaa.gov/pentaho/mdmap/photo-files/22457,2025-06-04,,noaa_seed_data,Minies 2,58
seed_22458,38.128462,20.491429,plastic,low,https://portal.diver.orr.noaa.gov/pentaho/mdmap/photo-files/22458,2025-06-04,,noaa_seed_data,Megali Ammos 1,8
seed_22459,49.312182,-124.212981,plastic,low,https://portal.diver.orr.noaa.gov/pentaho/mdmap/photo-files/22459,2025-01-16,,noaa_seed_data,Beachcombers Beach (Nanoose Bay),2
seed_22460,49.355038,-124.365214,processed-lumber,low,,2025-01-16,,noaa_seed_data,Columbia Beach,1
seed_22462,38.176196,20.43922,plastic,medium,https://portal.diver.orr.noaa.gov/pentaho/mdmap/photo-files/22462,2025-06-05,,noaa_seed_data,Lepeda 1,58
seed_22463,38.11809,20.493468,plastic,low,https://portal.diver.orr.noaa.gov/pentaho/mdmap/photo-files/22463,2025-06-05,,noaa_seed_data,Cape St Nick 1,9
seed_22464,38.06608,20.77396,plastic,medium,https://portal.diver.orr.noaa.gov/pentaho/mdmap/photo-files/22464,2025-06-05,,noaa_seed_data,Mounda 1,24
seed_22466,38.13455,20.495832,plastic,low,https://portal.diver.orr.noaa.gov/pentaho/mdmap/photo-files/22466,2025-06-02,,noaa_seed_data,Minies 2,11
seed_22467,38.188476,20.439466,plastic,medium,https://portal.diver.orr.noaa.gov/pentaho/mdmap/photo-files/22467,2025-06-07,,noaa_seed_data,Loggos 1,43
seed_22468,38.103381,20.534513,plastic,high,,2025-06-06,,noaa_seed_data,Megali Petra 1,173
seed_22470,38.11809,20.493468,plastic,medium,https://portal.diver.orr.noaa.gov/pentaho/mdmap/photo-files/22470,2025-06-07,,noaa_seed_data,Cape St Nick 1,26
seed_22471,45.02106,-124.00958,plastic,medium,https://portal.diver.orr.noaa.gov/pentaho/mdmap/photo-files/22471,2025-06-08,,noaa_seed_data,Roads End Point,43
seed_22472,38.06834,20.79814,plastic,low,https://portal.diver.orr.noaa.gov/pentaho/mdmap/photo-files/22472,2025-06-08,,noaa_seed_data,Skala 1,4
seed_22473,58.06013,-154.69642,plastic,low,,2025-06-06,,noaa_seed_data,Dakavak Bay,4
seed_22474,48.51858,-122.62387,plastic,low,,2025-06-08,,noaa_seed_data,Kiwanis Waterfront Beach,7
seed_22475,49.355444,-124.444559,plastic,medium,,2025-06-05,,noaa_seed_data,Qualicum Beach (The Shore Restaurant),36
seed_22476,38.11809,20.493468,plastic,high,https://portal.diver.orr.noaa.gov/pentaho/mdmap/photo-files/22476,2025-06-09,,noaa_seed_data,Cape St Nick 1,100
seed_22478,26.14141,-97.16862,plastic,medium,https://portal.diver.orr.noaa.gov/pentaho/mdmap/photo-files/22478,2025-06-10,,noaa_seed_data,South Padre Island Corral at Andie Bowie Park,22
seed_22479,29.312992,-94.820746,plastic,high,https://portal.diver.orr.noaa.gov/pentaho/mdmap/photo-files/22479,2025-06-04,,noaa_seed_data,TAMUG Shell Beach 2,125
seed_22482,29.334012,-94.780574,plastic,high,https://portal.diver.orr.noaa.gov/pentaho/mdmap/photo-files/22482,2025-06-04,,noaa_seed_data,Seawolf Park,70
seed_22484,38.101503,20.539456,plastic,medium,,2025-06-08,,noaa_seed_data,Avithos 1,15
seed_22486,38.13455,20.495832,plastic,medium,https://portal.diver.orr.noaa.gov/pentaho/mdmap/photo-files/22486,2025-06-11,,noaa_seed_data,Minies 2,19
seed_22487,38.11809,20.493468,plastic,medium,https://portal.diver.orr.noaa.gov/pentaho/mdmap/photo-files/22487,2025-06-11,,noaa_seed_data,Cape St Nick 1,47
seed_22488,29.334515,-94.742273,plastic,high,https://portal.diver.orr.noaa.gov/pentaho/mdmap/photo-files/22488,2025-06-07,,noaa_seed_data,East End Shipping Channel,449
seed_22490,56.678209,-157.549885,plastic,high,,2025-06-11,,noaa_seed_data,Aniakchak Bay,99
seed_22491,46.436928,-124.059664,plastic,low,https://portal.diver.orr.noaa.gov/pentaho/mdmap/photo-files/22491,2025-04-28,,noaa_seed_data,Klipsan,9
seed_22493,38.06834,20.79814,plastic,low,https://portal.diver.orr.noaa.gov/pentaho/mdmap/photo-files/22493,2025-06-13,,noaa_seed_data,Skala 1,7
seed_22497,56.57616,-169.67604,plastic,medium,,2025-05-25,,noaa_seed_data,Zapadni,58
seed_22498,56.604094,-169.60726436,plastic,medium,,2025-05-25,,noaa_seed_data,Staraya Artil,54
seed_22500,38.128462,20.491429,plastic,low,https://portal.diver.orr.noaa.gov/pentaho/mdmap/photo-files/22500,2025-06-13,,noaa_seed_data,Megali Ammos 1,5
seed_22501,38.176196,20.43922,plastic,medium,https://portal.diver.orr.noaa.gov/pentaho/mdmap/photo-files/22501,2025-06-13,,noaa_seed_data,Lepeda 1,36
seed_22503,38.13455,20.495832,plastic,medium,https://portal.diver.orr.noaa.gov/pentaho/mdmap/photo-files/22503,2025-06-14,,noaa_seed_data,Minies 2,25
seed_22505,38.176196,20.43922,plastic,low,https://portal.diver.orr.noaa.gov/pentaho/mdmap/photo-files/22505,2025-06-15,,noaa_seed_data,Lepeda 1,11
seed_22507,38.188476,20.439466,plastic,low,https://portal.diver.orr.noaa.gov/pentaho/mdmap/photo-files/22507,2025-06-16,,noaa_seed_data,Loggos 1,9
seed_22509,38.13455,20.495832,plastic,low,https://portal.diver.orr.noaa.gov/pentaho/mdmap/photo-files/22509,2025-06-16,,noaa_seed_data,Minies 2,11
seed_22510,38.101503,20.539456,plastic,low,,2025-06-15,,noaa_seed_data,Avithos 1,9
seed_22512,38.176196,20.43922,plastic,low,https://portal.diver.orr.noaa.gov/pentaho/mdmap/photo-files/22512,2025-06-17,,noaa_seed_data,Lepeda 1,13
seed_22513,44.453267,-124.083248,plastic,medium,https://portal.diver.orr.noaa.gov/pentaho/mdmap/photo-files/22513,2025-05-22,,noaa_seed_data,Sandpiper Beach,23
seed_22514,41.514656,-82.924116,plastic,medium,https://portal.diver.orr.noaa.gov/pentaho/mdmap/photo-files/22514,2025-06-18,,noaa_seed_data,Port Clinton City Beach - OWC,28
seed_22515,41.515305,-82.9345512,plastic,medium,https://portal.diver.orr.noaa.gov/pentaho/mdmap/photo-files/22515,2025-06-18,,noaa_seed_data,Port Clinton City Beach West,35
seed_22516,38.103381,20.534513,plastic,low,https://portal.diver.orr.noaa.gov/pentaho/mdmap/photo-files/22516,2025-06-18,,noaa_seed_data,Megali Petra 1,3
seed_22517,38.11809,20.493468,plastic,medium,,2025-06-18,,noaa_seed_data,Cape St Nick 1,30
seed_22518,38.188476,20.439466,plastic,low,https://portal.diver.orr.noaa.gov/pentaho/mdmap/photo-files/22518,2025-06-18,,noaa_seed_data,Loggos 1,9
seed_22519,38.195015,20.439587,plastic,medium,https://portal.diver.orr.noaa.gov/pentaho/mdmap/photo-files/22519,2025-06-19,,noaa_seed_data,Fikia 1,63
seed_22520,38.176196,20.43922,plastic,low,https://portal.diver.orr.noaa.gov/pentaho/mdmap/photo-files/22520,2025-06-19,,noaa_seed_data,Lepeda 1,5
seed_22521,38.06834,20.79814,plastic,low,https://portal.diver.orr.noaa.gov/pentaho/mdmap/photo-files/22521,2025-06-18,,noaa_seed_data,Skala 1,3
seed_22522,38.06834,20.79814,plastic,medium,https://portal.diver.orr.noaa.gov/pentaho/mdmap/photo-files/22522,2025-06-20,,noaa_seed_data,Skala 1,20
seed_22526,38.188476,20.439466,plastic,low,https://portal.diver.orr.noaa.gov/pentaho/mdmap/photo-files/22526,2025-06-20,,noaa_seed_data,Loggos 1,13
seed_22528,41.47341,-82.17144,plastic,high,https://portal.diver.orr.noaa.gov/pentaho/mdmap/photo-files/22528,2025-06-18,,noaa_seed_data,Harborwalk,154
seed_22529,48.416352,-122.651372,plastic,medium,https://portal.diver.orr.noaa.gov/pentaho/mdmap/photo-files/22529,2025-06-23,,noaa_seed_data,Bowman Bay,15
seed_22530,38.128462,20.491429,plastic,low,https://portal.diver.orr.noaa.gov/pentaho/mdmap/photo-files/22530,2025-06-23,,noaa_seed_data,Megali Ammos 1,10
seed_22531,56.853118,-157.448574,plastic,low,,2025-06-12,,noaa_seed_data,Amber Bay,0
seed_22532,58.60306,-153.76727,plastic,medium,,2025-06-17,,noaa_seed_data,Swikshak,19
seed_22533,38.06834,20.79814,plastic,low,https://portal.diver.orr.noaa.gov/pentaho/mdmap/photo-files/22533,2025-06-24,,noaa_seed_data,Skala 1,3
seed_22534,45.792356,-123.968265,plastic,low,,2025-06-17,,noaa_seed_data,Cape Falcon Marine Reserve: Arch Cape,10
seed_22535,41.426125,-82.364406,plastic,high,,2025-06-25,,noaa_seed_data,Main Street Beach,72
seed_22536,22.005821,-159.335868,plastic,high,,2025-06-14,,noaa_seed_data,"Nukolii Beach, Kauai",154
seed_22537,44.751079,-124.064519,plastic,low,,2025-06-25,,noaa_seed_data,Otter Rock Marine Reserve,10
seed_22538,38.128462,20.491429,plastic,low,https://portal.diver.orr.noaa.gov/pentaho/mdmap/photo-files/22538,2025-06-25,,noaa_seed_data,Megali Ammos 1,14
seed_22540,38.176196,20.43922,plastic,low,https://portal.diver.orr.noaa.gov/pentaho/mdmap/photo-files/22540,2025-06-26,,noaa_seed_data,Lepeda 1,7
seed_22541,38.128462,20.491429,plastic,low,https://portal.diver.orr.noaa.gov/pentaho/mdmap/photo-files/22541,2025-06-26,,noaa_seed_data,Megali Ammos 1,7
seed_22543,56.604094,-169.60726436,plastic,high,,2025-06-20,,noaa_seed_data,Staraya Artil,93
seed_22544,56.57616,-169.67604,plastic,medium,,2025-06-20,,noaa_seed_data,Zapadni,53
seed_22546,38.101503,20.539456,plastic,low,,2025-06-20,,noaa_seed_data,Avithos 1,6
seed_22548,38.176196,20.43922,plastic,medium,https://portal.diver.orr.noaa.gov/pentaho/mdmap/photo-files/22548,2025-06-28,,noaa_seed_data,Lepeda 1,24
seed_22550,38.188476,20.439466,plastic,medium,https://portal.diver.orr.noaa.gov/pentaho/mdmap/photo-files/22550,2025-06-29,,noaa_seed_data,Loggos 1,18
seed_22551,38.176196,20.43922,plastic,low,https://portal.diver.orr.noaa.gov/pentaho/mdmap/photo-files/22551,2025-06-29,,noaa_seed_data,Lepeda 1,13
seed_22552,41.58593,-81.567,plastic,high,,2025-06-29,,noaa_seed_data,WVP Euclid Beach,118
seed_22553,41.38435,-82.51541,plastic,low,,2025-06-30,,noaa_seed_data,Old Woman Creek Beach,0
seed_22554,44.340065,-124.09922,plastic,low,,2025-06-30,,noaa_seed_data,Oregon Mile 196,7
seed_22555,29.36644,-94.813126,plastic,high,https://portal.diver.orr.noaa.gov/pentaho/mdmap/photo-files/22555,2025-06-18,,noaa_seed_data,Texas City Dike,93
seed_22557,38.06834,20.79814,plastic,low,https://portal.diver.orr.noaa.gov/pentaho/mdmap/photo-files/22557,2025-07-01,,noaa_seed_data,Skala 1,9
seed_22560,33.010118,-117.279434,plastic,low,,2025-06-28,,noaa_seed_data,Cardiff State Beach,0
seed_22561,58.45842,-154.07515,plastic,low,,2025-06-27,,noaa_seed_data,Hallo Bay,9
seed_22562,38.188476,20.439466,plastic,low,https://portal.diver.orr.noaa.gov/pentaho/mdmap/photo-files/22562,2025-07-01,,noaa_seed_data,Loggos 1,6
seed_22563,38.13455,20.495832,plastic,low,https://portal.diver.orr.noaa.gov/pentaho/mdmap/photo-files/22563,2025-07-01,,noaa_seed_data,Minies 2,14
seed_22565,44.612487,-124.071743,plastic,low,https://portal.diver.orr.noaa.gov/pentaho/mdmap/photo-files/22565,2025-06-18,,noaa_seed_data,South Beach State Park-South Jetty,9
seed_22566,38.176196,20.43922,plastic,low,https://portal.diver.orr.noaa.gov/pentaho/mdmap/photo-files/22566,2025-07-02,,noaa_seed_data,Lepeda 1,8
seed_22567,29.37183,-94.8285,plastic,medium,https://portal.diver.orr.noaa.gov/pentaho/mdmap/photo-files/22567,2025-06-18,,noaa_seed_data,Texas City Dike (North),20
seed_22569,38.13455,20.495832,plastic,medium,https://portal.diver.orr.noaa.gov/pentaho/mdmap/photo-files/22569,2025-07-03,,noaa_seed_data,Minies 2,25
seed_22570,38.103381,20.534513,plastic,low,,2025-07-02,,noaa_seed_data,Megali Petra 1,4
seed_22571,38.103381,20.534513,plastic,low,,2025-06-28,,noaa_seed_data,Megali Petra 1,2
seed_22572,29.334012,-94.780574,plastic,medium,https://portal.diver.orr.noaa.gov/pentaho/mdmap/photo-files/22572,2025-07-02,,noaa_seed_data,Seawolf Park,43
seed_22573,29.312992,-94.820746,plastic,high,https://portal.diver.orr.noaa.gov/pentaho/mdmap/photo-files/22573,2025-07-02,,noaa_seed_data,TAMUG Shell Beach 2,108
seed_22574,49.2045,-123.97,plastic,medium,,2025-07-04,,noaa_seed_data,Departure Bay,57
seed_22575,38.101503,20.539456,processed-lumber,low,,2025-07-03,,noaa_seed_data,Avithos 1,6
seed_22576,38.188476,20.439466,plastic,medium,https://portal.diver.orr.noaa.gov/pentaho/mdmap/photo-files/22576,2025-07-04,,noaa_seed_data,Loggos 1,21
seed_22578,45.362691,-123.971452,plastic,low,,2025-06-26,,noaa_seed_data,Cape Lookout,4
seed_22579,44.453267,-124.083248,plastic,medium,https://portal.diver.orr.noaa.gov/pentaho/mdmap/photo-files/22579,2025-06-23,,noaa_seed_data,Sandpiper Beach,22
seed_22580,38.176196,20.43922,plastic,medium,https://portal.diver.orr.noaa.gov/pentaho/mdmap/photo-files/22580,2025-07-05,,noaa_seed_data,Lepeda 1,15
seed_22584,38.06834,20.79814,plastic,low,https://portal.diver.orr.noaa.gov/pentaho/mdmap/photo-files/22584,2025-07-07,,noaa_seed_data,Skala 1,7
seed_22585,41.58593,-81.567,plastic,high,,2025-07-06,,noaa_seed_data,WVP Euclid Beach,205
seed_22586,38.13455,20.495832,plastic,low,,2025-07-08,,noaa_seed_data,Minies 2,8
seed_22587,38.103381,20.534513,plastic,medium,,2025-07-06,,noaa_seed_data,Megali Petra 1,16
seed_22592,38.188476,20.439466,plastic,low,https://portal.diver.orr.noaa.gov/pentaho/mdmap/photo-files/22592,2025-07-07,,noaa_seed_data,Loggos 1,6
seed_22593,35.694097,-121.292658,plastic,low,https://portal.diver.orr.noaa.gov/pentaho/mdmap/photo-files/22593,2025-07-10,,noaa_seed_data,Region7_Site0093,1
seed_22594,41.515305,-82.9345512,plastic,medium,https://portal.diver.orr.noaa.gov/pentaho/mdmap/photo-files/22594,2025-07-09,,noaa_seed_data,Port Clinton City Beach West,57
seed_22595,38.13455,20.495832,plastic,medium,,2025-07-10,,noaa_seed_data,Minies 2,30
seed_22596,41.2558,-72.9506,plastic,medium,,2025-07-07,,noaa_seed_data,West Haven Beach,45
seed_22597,27.8370779,-97.0492185,plastic,medium,,2025-04-01,,noaa_seed_data,South Jetty Location One,52
seed_22598,41.26086,-72.9341,plastic,medium,https://portal.diver.orr.noaa.gov/pentaho/mdmap/photo-files/22598,2025-07-07,,noaa_seed_data,Morse Beach West Haven,25
seed_22599,27.834376,-97.0441465,plastic,high,,2025-04-09,,noaa_seed_data,South Jetty Location Two,97
seed_22600,41.26295,-72.56226,plastic,high,https://portal.diver.orr.noaa.gov/pentaho/mdmap/photo-files/22600,2025-07-08,,noaa_seed_data,Hammonasset Beach (West),231
seed_22601,46.214249,-124.004412,plastic,low,https://portal.diver.orr.noaa.gov/pentaho/mdmap/photo-files/22601,2025-07-11,,noaa_seed_data,Fort Stevens,14
seed_22602,38.13455,20.495832,plastic,medium,,2025-07-11,,noaa_seed_data,Minies 2,35
seed_22604,38.176196,20.43922,plastic,medium,https://portal.diver.orr.noaa.gov/pentaho/mdmap/photo-files/22604,2025-07-10,,noaa_seed_data,Lepeda 1,42
seed_22607,38.188476,20.439466,plastic,low,https://portal.diver.orr.noaa.gov/pentaho/mdmap/photo-files/22607,2025-07-11,,noaa_seed_data,Loggos 1,13
seed_22608,41.1584,-73.2021,plastic,medium,https://portal.diver.orr.noaa.gov/pentaho/mdmap/photo-files/22608,2025-06-02,,noaa_seed_data,Seaside Beach Bridgeport CT,20
seed_22609,41.1557,-73.2073,plastic,medium,https://portal.diver.orr.noaa.gov/pentaho/mdmap/photo-files/22609,2025-06-02,,noaa_seed_data,Seaside Main Beach Bridgeport CT,22
seed_22610,41.3225,-72.1784,plastic,low,https://portal.diver.orr.noaa.gov/pentaho/mdmap/photo-files/22610,2025-05-29,,noaa_seed_data,Niantic Bay Beach,14
seed_22611,41.34489,-71.96,plastic,low,https://portal.diver.orr.noaa.gov/pentaho/mdmap/photo-files/22611,2025-05-20,,noaa_seed_data,Williams Beach Mystic CT,0
seed_22612,38.176196,20.43922,plastic,medium,https://portal.diver.orr.noaa.gov/pentaho/mdmap/photo-files/22612,2025-07-12,,noaa_seed_data,Lepeda 1,22
seed_22615,44.942645,-85.87859,plastic,low,https://portal.diver.orr.noaa.gov/pentaho/mdmap/photo-files/22615,2025-07-07,,noaa_seed_data,Region10_Site0063,2
seed_22616,38.06834,20.79814,plastic,low,https://portal.diver.orr.noaa.gov/pentaho/mdmap/photo-files/22616,2025-07-13,,noaa_seed_data,Skala 1,7
seed_22617,38.13455,20.495832,plastic,medium,,2025-07-13,,noaa_seed_data,Minies 2,16
seed_22618,40.083249,-74.870251,glass,high,,2025-07-08,,noaa_seed_data,Burlington Bristol Bridge,66
seed_22620,38.101503,20.539456,plastic,low,,2025-07-12,,noaa_seed_data,Avithos 1,7
seed_22622,29.334515,-94.742273,plastic,high,,2025-07-12,,noaa_seed_data,East End Shipping Channel,535
seed_22625,38.13455,20.495832,plastic,low,,2025-07-15,,noaa_seed_data,Minies 2,12
seed_22626,38.06834,20.79814,plastic,low,https://portal.diver.orr.noaa.gov/pentaho/mdmap/photo-files/22626,2025-07-15,,noaa_seed_data,Skala 1,13
seed_22628,38.103381,20.534513,plastic,medium,,2025-07-15,,noaa_seed_data,Megali Petra 1,23
seed_22629,34.006045,-120.189547,plastic,low,https://portal.diver.orr.noaa.gov/pentaho/mdmap/photo-files/22629,2025-03-29,,noaa_seed_data,"Tecelote Canyon Beach, Santa Rosa Island, Transect 3",10
seed_22630,34.005534,-120.190998,plastic,low,https://portal.diver.orr.noaa.gov/pentaho/mdmap/photo-files/22630,2025-03-29,,noaa_seed_data,"Tecelote Canyon Beach, Santa Rosa Island, Transect 2",4
seed_22631,34.012271,-119.882508,plastic,low,https://portal.diver.orr.noaa.gov/pentaho/mdmap/photo-files/22631,2025-04-12,,noaa_seed_data,"Sauces Cove, Santa Cruz Island, Transect 1",6
seed_22632,34.008658,-119.88511,plastic,low,https://portal.diver.orr.noaa.gov/pentaho/mdmap/photo-files/22632,2025-04-12,,noaa_seed_data,"Sauces Cove, Santa Cruz Island, Transect 3",3
seed_22633,34.009552,-119.88425,plastic,low,https://portal.diver.orr.noaa.gov/pentaho/mdmap/photo-files/22633,2025-04-12,,noaa_seed_data,"Sauces Cove, Santa Cruz Island, Transect 2",2
seed_22634,38.176196,20.43922,plastic,low,,2025-07-15,,noaa_seed_data,Lepeda 1,5
seed_22636,38.101503,20.539456,plastic,low,,2025-07-16,,noaa_seed_data,Avithos 1,1
seed_22639,45.033535,-83.308411,plastic,low,https://portal.diver.orr.noaa.gov/pentaho/mdmap/photo-files/22639,2025-07-02,,noaa_seed_data,North Point Nature Preserve,2
seed_22640,45.033535,-83.308411,plastic,low,,2025-07-10,,noaa_seed_data,North Point Nature Preserve,0
seed_22641,41.3208,-71.9995,plastic,low,https://portal.diver.orr.noaa.gov/pentaho/mdmap/photo-files/22641,2025-05-20,,noaa_seed_data,Esker Point Beach Noank CT,8
seed_22642,41.3166,-72.0371,plastic,low,https://portal.diver.orr.noaa.gov/pentaho/mdmap/photo-files/22642,2025-05-20,,noaa_seed_data,Bluff Point State Park CT,1
seed_22643,41.32,-72.0736,plastic,low,https://portal.diver.orr.noaa.gov/pentaho/mdmap/photo-files/22643,2025-05-20,,noaa_seed_data,Eastern Point Beach Groton CT,12
seed_22644,45.792356,-123.968265,plastic,medium,,2025-07-15,,noaa_seed_data,Cape Falcon Marine Reserve: Arch Cape,15
seed_22645,38.188476,20.439466,plastic,low,,2025-07-17,,noaa_seed_data,Loggos 1,12
seed_22646,38.06834,20.79814,plastic,medium,https://portal.diver.orr.noaa.gov/pentaho/mdmap/photo-files/22646,2025-07-17,,noaa_seed_data,Skala 1,20
seed_22647,38.101503,20.539456,plastic,low,https://portal.diver.orr.noaa.gov/pentaho/mdmap/photo-files/22647,2025-07-17,,noaa_seed_data,Avithos 1,14
seed_22648,38.11809,20.493468,plastic,low,,2025-07-17,,noaa_seed_data,Cape St Nick 1,14
seed_22649,38.103381,20.534513,plastic,low,,2025-07-17,,noaa_seed_data,Megali Petra 1,12
seed_22650,41.3003,-72.2415,plastic,low,https://portal.diver.orr.noaa.gov/pentaho/mdmap/photo-files/22650,2025-05-16,,noaa_seed_data,East Beach at Rocky Neck State Park CT,4
seed_22651,41.1411,-73.2362,plastic,high,https://portal.diver.orr.noaa.gov/pentaho/mdmap/photo-files/22651,2025-05-12,,noaa_seed_data,Jennings Beach Fairfield CT,96
seed_22652,41.1257,-73.2964,plastic,medium,https://portal.diver.orr.noaa.gov/pentaho/mdmap/photo-files/22652,2025-05-12,,noaa_seed_data,Southport Beach CT,40
seed_22653,41.1252,-73.2791,plastic,medium,https://portal.diver.orr.noaa.gov/pentaho/mdmap/photo-files/22653,2025-05-12,,noaa_seed_data,Sasco Beach Fairfield CT,45
seed_22654,34.0329,-118.74107,plastic,medium,https://portal.diver.orr.noaa.gov/pentaho/mdmap/photo-files/22654,2025-07-14,,noaa_seed_data,Region6_Site0014,42
seed_22655,49.312182,-124.212981,plastic,low,https://portal.diver.orr.noaa.gov/pentaho/mdmap/photo-files/22655,2025-07-14,,noaa_seed_data,Beachcombers Beach (Nanoose Bay),12
seed_22656,34.05227,-118.96309,plastic,low,https://portal.diver.orr.noaa.gov/pentaho/mdmap/photo-files/22656,2025-07-14,,noaa_seed_data,Region6_Site0058,6
seed_22657,34.470641,-120.122041,plastic,low,https://portal.diver.orr.noaa.gov/pentaho/mdmap/photo-files/22657,2025-07-15,,noaa_seed_data,Region6_Site0004,0
seed_22658,45.02106,-124.00958,plastic,medium,https://portal.diver.orr.noaa.gov/pentaho/mdmap/photo-files/22658,2025-07-07,,noaa_seed_data,Roads End Point,58
seed_22659,34.408311,-119.551991,plastic,medium,https://portal.diver.orr.noaa.gov/pentaho/mdmap/photo-files/22659,2025-07-15,,noaa_seed_data,Region6_Site0016,28
seed_22660,33.950981,-118.448121,plastic,high,https://portal.diver.orr.noaa.gov/pentaho/mdmap/photo-files/22660,2025-07-16,,noaa_seed_data,Region6_Site0030,142
seed_22661,38.13455,20.495832,plastic,low,,2025-07-18,,noaa_seed_data,Minies 2,8
seed_22662,38.06834,20.79814,plastic,low,https://portal.diver.orr.noaa.gov/pentaho/mdmap/photo-files/22662,2025-07-18,,noaa_seed_data,Skala 1,9
seed_22664,41.2833,-72.2805,plastic,low,https://portal.diver.orr.noaa.gov/pentaho/mdmap/photo-files/22664,2025-05-16,,noaa_seed_data,Sound View Beach Old Lyme CT,9
seed_22665,41.514656,-82.924116,plastic,medium,https://portal.diver.orr.noaa.gov/pentaho/mdmap/photo-files/22665,2025-07-09,,noaa_seed_data,Port Clinton City Beach - OWC,31
seed_22668,41.24345,-72.96922,processed-lumber,medium,https://portal.diver.orr.noaa.gov/pentaho/mdmap/photo-files/22668,2025-07-20,,noaa_seed_data,Seaview Beach West Haven CT,60
seed_22669,41.25165,-72.96078,plastic,medium,https://portal.diver.orr.noaa.gov/pentaho/mdmap/photo-files/22669,2025-07-07,,noaa_seed_data,Seabluff Beach West Haven CT,57
seed_22671,38.176196,20.43922,plastic,low,,2025-07-20,,noaa_seed_data,Lepeda 1,0
seed_22672,38.06834,20.79814,plastic,low,https://portal.diver.orr.noaa.gov/pentaho/mdmap/photo-files/22672,2025-07-20,,noaa_seed_data,Skala 1,7
seed_22675,41.47341,-82.17144,plastic,high,,2025-07-16,,noaa_seed_data,Harborwalk,170
seed_22676,40.832662,-124.184522,plastic,low,https://portal.diver.orr.noaa.gov/pentaho/mdmap/photo-files/22676,2025-07-17,,noaa_seed_data,Region7_Site0005,0
seed_22678,38.101503,20.539456,plastic,medium,,2025-07-19,,noaa_seed_data,Avithos 1,30
seed_22680,29.36644,-94.813126,plastic,medium,https://portal.diver.orr.noaa.gov/pentaho/mdmap/photo-files/22680,2025-07-16,,noaa_seed_data,Texas City Dike,48
seed_22682,27.8370779,-97.0492185,plastic,high,,2025-04-24,,noaa_seed_data,South Jetty Location One,124
seed_22683,27.834376,-97.0441465,plastic,high,,2025-04-25,,noaa_seed_data,South Jetty Location Two,98
seed_22684,38.06834,20.79814,processed-lumber,low,https://portal.diver.orr.noaa.gov/pentaho/mdmap/photo-files/22684,2025-07-21,,noaa_seed_data,Skala 1,6
seed_22685,38.13455,20.495832,plastic,medium,,2025-07-22,,noaa_seed_data,Minies 2,27
seed_22686,38.101503,20.539456,plastic,low,,2025-07-22,,noaa_seed_data,Avithos 1,12
seed_22687,44.612487,-124.071743,plastic,high,https://portal.diver.orr.noaa.gov/pentaho/mdmap/photo-files/22687,2025-07-18,,noaa_seed_data,South Beach State Park-South Jetty,131
seed_22689,38.188476,20.439466,plastic,low,,2025-07-21,,noaa_seed_data,Loggos 1,4
seed_22690,48.51858,-122.62387,metal,low,,2025-07-22,,noaa_seed_data,Kiwanis Waterfront Beach,5
seed_22691,35.6036,-121.13947,plastic,low,https://portal.diver.orr.noaa.gov/pentaho/mdmap/photo-files/22691,2025-07-10,,noaa_seed_data,Region7_Site0029,0
seed_22692,37.831441,-122.539111,plastic,low,https://portal.diver.orr.noaa.gov/pentaho/mdmap/photo-files/22692,2025-07-16,,noaa_seed_data,Region7_Site0045,7
seed_22693,40.29306,-124.35661,plastic,low,https://portal.diver.orr.noaa.gov/pentaho/mdmap/photo-files/22693,2025-07-18,,noaa_seed_data,Region7_Site0049,0
seed_22694,41.38435,-82.51541,plastic,low,https://portal.diver.orr.noaa.gov/pentaho/mdmap/photo-files/22694,2025-07-18,,noaa_seed_data,Old Woman Creek Beach,2
seed_22695,41.38435,-82.51541,plastic,low,https://portal.diver.orr.noaa.gov/pentaho/mdmap/photo-files/22695,2025-05-27,,noaa_seed_data,Old Woman Creek Beach,6
seed_22696,48.416352,-122.651372,plastic,medium,,2025-07-25,,noaa_seed_data,Bowman Bay,16
seed_22697,38.06834,20.79814,plastic,medium,https://portal.diver.orr.noaa.gov/pentaho/mdmap/photo-files/22697,2025-07-26,,noaa_seed_data,Skala 1,49
seed_22698,41.2474,-72.9017,plastic,medium,https://portal.diver.orr.noaa.gov/pentaho/mdmap/photo-files/22698,2025-06-16,,noaa_seed_data,Lighthouse Point New Haven CT,20
seed_22699,41.3039,-72.1062,plastic,low,https://portal.diver.orr.noaa.gov/pentaho/mdmap/photo-files/22699,2025-05-21,,noaa_seed_data,Waterford Beach Park CT,3
seed_22700,41.2742,-72.4623,plastic,medium,https://portal.diver.orr.noaa.gov/pentaho/mdmap/photo-files/22700,2025-05-29,,noaa_seed_data,West Beach Westbrook CT,33
seed_22701,41.3206,-72.1964,plastic,low,https://portal.diver.orr.noaa.gov/pentaho/mdmap/photo-files/22701,2025-05-29,,noaa_seed_data,Hole-in-the-Wall Beach Niantic CT,5
seed_22702,41.3004,-72.1164,plastic,low,https://portal.diver.orr.noaa.gov/pentaho/mdmap/photo-files/22702,2025-05-21,,noaa_seed_data,Harkness Memorial State Park Waterford CT,7
seed_22703,38.176196,20.43922,plastic,low,,2025-07-26,,noaa_seed_data,Lepeda 1,9
seed_22704,41.426125,-82.364406,plastic,medium,https://portal.diver.orr.noaa.gov/pentaho/mdmap/photo-files/22704,2025-07-21,,noaa_seed_data,Main Street Beach,53
seed_22706,46.57633,-86.35452,plastic,low,https://portal.diver.orr.noaa.gov/pentaho/mdmap/photo-files/22706,2025-07-14,,noaa_seed_data,Region10_Site0128,0
seed_22708,38.06834,20.79814,plastic,medium,https://portal.diver.orr.noaa.gov/pentaho/mdmap/photo-files/22708,2025-07-27,,noaa_seed_data,Skala 1,29
seed_22709,27.8370779,-97.0492185,plastic,high,,2025-05-07,,noaa_seed_data,South Jetty Location One,68
seed_22710,27.834376,-97.0441465,plastic,high,,2025-05-08,,noaa_seed_data,South Jetty Location Two,173
seed_22711,38.06834,20.79814,plastic,low,https://portal.diver.orr.noaa.gov/pentaho/mdmap/photo-files/22711,2025-07-28,,noaa_seed_data,Skala 1,10
seed_22712,38.128462,20.491429,plastic,medium,,2025-07-23,,noaa_seed_data,Megali Ammos 1,16
seed_22713,38.188476,20.439466,plastic,low,,2025-07-28,,noaa_seed_data,Loggos 1,13
seed_22714,38.06834,20.79814,plastic,low,https://portal.diver.orr.noaa.gov/pentaho/mdmap/photo-files/22714,2025-07-29,,noaa_seed_data,Skala 1,13
seed_22715,38.101503,20.539456,plastic,low,,2025-07-26,,noaa_seed_data,Avithos 1,9
seed_22716,38.176196,20.43922,plastic,medium,,2025-07-29,,noaa_seed_data,Lepeda 1,16
seed_22717,39.341193,-74.465616,plastic,medium,,2025-07-17,,noaa_seed_data,Ventnor @ S. Austin Ave,33
seed_22718,39.4205997,-74.3474627,plastic,low,,2025-07-17,,noaa_seed_data,Brigantine @ North Beach,6
seed_22719,40.4181181,-73.980795,plastic,high,,2025-07-14,,noaa_seed_data,Sandy Hook @ C Beach,199
seed_22720,45.362691,-123.971452,plastic,low,https://portal.diver.orr.noaa.gov/pentaho/mdmap/photo-files/22720,2025-07-29,,noaa_seed_data,Cape Lookout,11
seed_22723,27.8370779,-97.0492185,plastic,high,,2025-06-03,,noaa_seed_data,South Jetty Location One,95
seed_22724,41.04706,-73.49711,plastic,medium,https://portal.diver.orr.noaa.gov/pentaho/mdmap/photo-files/22724,2025-07-01,,noaa_seed_data,East Cove Island Beach,17
seed_22725,41.03923,-73.51876,plastic,medium,https://portal.diver.orr.noaa.gov/pentaho/mdmap/photo-files/22725,2025-07-01,,noaa_seed_data,Cummings Park Beach Stamford CT,30
seed_22726,41.03714,-73.52275,plastic,medium,https://portal.diver.orr.noaa.gov/pentaho/mdmap/photo-files/22726,2025-07-01,,noaa_seed_data,West Beach Stamford CT,45
seed_22727,47.7628,-122.3853,plastic,low,https://portal.diver.orr.noaa.gov/pentaho/mdmap/photo-files/22727,2025-08-06,,noaa_seed_data,Richmond Beach South,14
seed_22728,44.751079,-124.064519,metal,low,,2025-07-25,,noaa_seed_data,Otter Rock Marine Reserve,2
seed_22729,27.834376,-97.0441465,plastic,high,,2025-06-04,,noaa_seed_data,South Jetty Location Two,76
seed_22730,38.06834,20.79814,plastic,low,https://portal.diver.orr.noaa.gov/pentaho/mdmap/photo-files/22730,2025-08-01,,noaa_seed_data,Skala 1,8
seed_22732,29.37183,-94.8285,plastic,medium,https://portal.diver.orr.noaa.gov/pentaho/mdmap/photo-files/22732,2025-07-16,,noaa_seed_data,Texas City Dike (North),41
seed_22733,56.57616,-169.67604,plastic,medium,,2025-07-07,,noaa_seed_data,Zapadni,32
seed_22734,56.604094,-169.60726436,plastic,medium,,2025-07-07,,noaa_seed_data,Staraya Artil,54
seed_22736,38.103381,20.534513,plastic,medium,,2025-01-08,,noaa_seed_data,Megali Petra 1,46
seed_22737,41.22982,-72.98838,plastic,medium,https://portal.diver.orr.noaa.gov/pentaho/mdmap/photo-files/22737,2025-06-30,,noaa_seed_data,Woodmont Beach Milford CT,22
seed_22738,41.20876,-73.04487,plastic,low,https://portal.diver.orr.noaa.gov/pentaho/mdmap/photo-files/22738,2025-06-30,,noaa_seed_data,Gulf Beach Milford CT,14
seed_22739,41.1944,-73.0797,plastic,low,https://portal.diver.orr.noaa.gov/pentaho/mdmap/photo-files/22739,2025-06-30,,noaa_seed_data,Walnut Beach Milford CT,2
seed_22740,41.19802,-73.0655,plastic,medium,https://portal.diver.orr.noaa.gov/pentaho/mdmap/photo-files/22740,2025-06-30,,noaa_seed_data,Silver Sands State Park Milford CT,48
seed_22741,41.1606,-73.1098,plastic,medium,https://portal.diver.orr.noaa.gov/pentaho/mdmap/photo-files/22741,2025-06-18,,noaa_seed_data,Short Beach Stratford CT,20
seed_22742,38.06834,20.79814,plastic,low,https://portal.diver.orr.noaa.gov/pentaho/mdmap/photo-files/22742,2025-08-02,,noaa_seed_data,Skala 1,14
seed_22743,41.14764,-73.1283,processed-lumber,low,https://portal.diver.orr.noaa.gov/pentaho/mdmap/photo-files/22743,2025-06-18,,noaa_seed_data,Lordship Beach Stratford CT,14
seed_22744,41.14997,-73.1408,plastic,medium,https://portal.diver.orr.noaa.gov/pentaho/mdmap/photo-files/22744,2025-06-18,,noaa_seed_data,Long Beach Stratford CT,28
seed_22745,41.2689,-72.9025,plastic,medium,https://portal.diver.orr.noaa.gov/pentaho/mdmap/photo-files/22745,2025-06-16,,noaa_seed_data,Fort Hale Park New Haven CT,49
seed_22746,44.612487,-124.071743,plastic,high,,2025-07-24,,noaa_seed_data,South Beach State Park-South Jetty,65
seed_22748,34.023916,-119.876983,plastic,low,https://portal.diver.orr.noaa.gov/pentaho/mdmap/photo-files/22748,2025-04-13,,noaa_seed_data,"Christi Beach, Santa Cruz Island, Transect 1",3
seed_22749,34.022838,-119.87737,plastic,low,https://portal.diver.orr.noaa.gov/pentaho/mdmap/photo-files/22749,2025-04-13,,noaa_seed_data,"Christi Beach, Santa Cruz Island, Transect 2",4
seed_22750,26.14141,-97.16862,plastic,medium,,2025-07-07,,noaa_seed_data,South Padre Island Corral at Andie Bowie Park,17
seed_22751,34.021561,-119.877829,plastic,low,https://portal.diver.orr.noaa.gov/pentaho/mdmap/photo-files/22751,2025-04-13,,noaa_seed_data,"Christi Beach, Santa Cruz Island, Transect 3",0
seed_22752,34.057831,-119.92332,plastic,low,https://portal.diver.orr.noaa.gov/pentaho/mdmap/photo-files/22752,2025-04-13,,noaa_seed_data,"Forney's Cove, Santa Cruz Island, Transect 1 ",0
seed_22753,26.14141,-97.16862,plastic,medium,,2025-08-04,,noaa_seed_data,South Padre Island Corral at Andie Bowie Park,58
seed_22754,34.057086,-119.922101,plastic,low,https://portal.diver.orr.noaa.gov/pentaho/mdmap/photo-files/22754,2025-04-13,,noaa_seed_data,"Forney's Cove, Santa Cruz Island, Transect 2",0
seed_22755,34.058569,-119.919013,plastic,low,https://portal.diver.orr.noaa.gov/pentaho/mdmap/photo-files/22755,2025-04-13,,noaa_seed_data,"Forney's Cove, Santa Cruz Island, Transect 3",0
seed_22756,33.982594,-119.989888,plastic,low,https://portal.diver.orr.noaa.gov/pentaho/mdmap/photo-files/22756,2025-06-01,,noaa_seed_data,"Skunk Point, Santa Rosa Island, Transect 2",1
seed_22757,38.06834,20.79814,plastic,medium,,2025-08-04,,noaa_seed_data,Skala 1,15
seed_22758,40.722252,-73.962805,plastic,high,,2025-08-05,,noaa_seed_data,Marsha P Johnson,115
seed_22760,39.8495065,-74.0854732,plastic,medium,,2025-07-28,,noaa_seed_data,Island Beach State Park @ Swimming Area 2,28
seed_22761,44.340065,-124.09922,plastic,low,,2025-08-05,,noaa_seed_data,Oregon Mile 196,6
seed_22762,33.983353,-119.987613,plastic,low,https://portal.diver.orr.noaa.gov/pentaho/mdmap/photo-files/22762,2025-06-01,,noaa_seed_data,"Skunk Point, Santa Rosa Island, Transect 3",5
seed_22763,34.015007,-120.156377,plastic,low,https://portal.diver.orr.noaa.gov/pentaho/mdmap/photo-files/22763,2025-05-30,,noaa_seed_data,"Soledad Beach, Santa Rosa Island, Transect 3",7
seed_22764,34.01613,-120.154385,plastic,medium,https://portal.diver.orr.noaa.gov/pentaho/mdmap/photo-files/22764,2025-05-30,,noaa_seed_data,"Soledad Beach, Santa Rosa Island, Transect 2",27
seed_22766,34.005534,-120.190998,plastic,medium,https://portal.diver.orr.noaa.gov/pentaho/mdmap/photo-files/22766,2025-05-29,,noaa_seed_data,"Tecelote Canyon Beach, Santa Rosa Island, Transect 2",52
seed_22767,34.005006,-120.19203,plastic,medium,https://portal.diver.orr.noaa.gov/pentaho/mdmap/photo-files/22767,2025-05-29,,noaa_seed_data,"Tecelote Canyon Beach, Santa Rosa Island, Transect 1  ",35
seed_22773,33.681952,-118.036181,plastic,high,https://portal.diver.orr.noaa.gov/pentaho/mdmap/photo-files/22773,2025-07-28,,noaa_seed_data,Region6_Site0038,290
seed_22774,41.3171,-72.1993,plastic,medium,https://portal.diver.orr.noaa.gov/pentaho/mdmap/photo-files/22774,2025-05-29,,noaa_seed_data,McCook Point Beach Niantic CT,18
seed_22776,39.2622831,-74.5912882,plastic,medium,,2025-07-28,,noaa_seed_data,Ocean City @ 22nd St,20
seed_22777,39.154934,-74.6880469,plastic,medium,,2025-07-28,,noaa_seed_data,Sea Isle City @ 40th St,48
seed_22778,39.584204,-74.2191046,plastic,medium,,2025-07-24,,noaa_seed_data,Beach Haven @ New Jersey Ave,18
seed_22779,39.7030929,-74.1331475,processed-lumber,medium,,2025-07-24,,noaa_seed_data,Harvey Cedars @ E 75th St,27
seed_22781,33.181522,-117.373442,plastic,low,https://portal.diver.orr.noaa.gov/pentaho/mdmap/photo-files/22781,2025-07-30,,noaa_seed_data,Region6_Site0066,3
seed_22782,33.968346,-119.708161,plastic,low,https://portal.diver.orr.noaa.gov/pentaho/mdmap/photo-files/22782,2025-08-01,,noaa_seed_data,Region6_Site0092,2
seed_22783,21.421389,-157.744167,plastic,high,https://portal.diver.orr.noaa.gov/pentaho/mdmap/photo-files/22783,2025-08-04,,noaa_seed_data,Region9_Site0090,147
seed_22784,33.961692,-119.78069,plastic,low,https://portal.diver.orr.noaa.gov/pentaho/mdmap/photo-files/22784,2025-08-01,,noaa_seed_data,Region6_Site0044,1
seed_22785,44.453267,-124.083248,plastic,low,https://portal.diver.orr.noaa.gov/pentaho/mdmap/photo-files/22785,2025-07-30,,noaa_seed_data,Sandpiper Beach,6
seed_22788,42.47692,-79.36869,plastic,high,https://portal.diver.orr.noaa.gov/pentaho/mdmap/photo-files/22788,2025-07-26,,noaa_seed_data,Region10_Site0069,84
seed_22790,29.334515,-94.742273,plastic,high,,2025-08-02,,noaa_seed_data,East End Shipping Channel,244
seed_22791,41.1123,-73.3268,plastic,low,https://portal.diver.orr.noaa.gov/pentaho/mdmap/photo-files/22791,2025-06-02,,noaa_seed_data,Sherwood Island East Beach,7
seed_22792,41.1436,-73.233,plastic,low,https://portal.diver.orr.noaa.gov/pentaho/mdmap/photo-files/22792,2025-06-02,,noaa_seed_data,St. Mary's By the Sea,5
seed_22793,41.1158,-73.3186,plastic,low,https://portal.diver.orr.noaa.gov/pentaho/mdmap/photo-files/22793,2025-06-02,,noaa_seed_data,Burying Hill Beach CT,1
seed_22794,41.2676,-72.6684,plastic,low,https://portal.diver.orr.noaa.gov/pentaho/mdmap/photo-files/22794,2025-06-04,,noaa_seed_data,Jacob's Beach Guildford CT,5
seed_22795,41.2722,-72.6161,plastic,low,https://portal.diver.orr.noaa.gov/pentaho/mdmap/photo-files/22795,2025-06-04,,noaa_seed_data,Surf Club Beach Madison CT,4
seed_22797,40.98348,-73.62968,plastic,medium,https://portal.diver.orr.noaa.gov/pentaho/mdmap/photo-files/22797,2025-08-04,,noaa_seed_data,Great Captain Island Greenwich CT,22
seed_22799,38.06608,20.77396,plastic,high,,2025-08-09,,noaa_seed_data,Mounda 1,78
seed_22800,41.00758,-73.57058,plastic,medium,https://portal.diver.orr.noaa.gov/pentaho/mdmap/photo-files/22800,2025-07-14,,noaa_seed_data,Greenwich Point Beach CT,52
seed_22801,41.0461,-73.49201,plastic,medium,https://portal.diver.orr.noaa.gov/pentaho/mdmap/photo-files/22801,2025-07-22,,noaa_seed_data,Weed Beach Darien CT,17
seed_22802,41.08357,-73.39249,plastic,medium,https://portal.diver.orr.noaa.gov/pentaho/mdmap/photo-files/22802,2025-07-22,,noaa_seed_data,Calf Pasture and Shady Beach Norwalk CT,21
seed_22803,41.10304,-73.35237,plastic,low,https://portal.diver.orr.noaa.gov/pentaho/mdmap/photo-files/22803,2025-07-22,,noaa_seed_data,Compo Beach Westport CT,10
seed_22804,38.06834,20.79814,plastic,low,,2025-08-10,,noaa_seed_data,Skala 1,0
seed_22806,45.02106,-124.00958,plastic,medium,https://portal.diver.orr.noaa.gov/pentaho/mdmap/photo-files/22806,2025-08-09,,noaa_seed_data,Roads End Point,34
seed_22808,46.47821,-84.96122,plastic,low,https://portal.diver.orr.noaa.gov/pentaho/mdmap/photo-files/22808,2025-07-21,,noaa_seed_data,Region10_Site0048,5
seed_22809,38.103381,20.534513,plastic,low,,2025-08-09,,noaa_seed_data,Megali Petra 1,13
seed_22810,46.69012,-85.87512,plastic,low,https://portal.diver.orr.noaa.gov/pentaho/mdmap/photo-files/22810,2025-07-21,,noaa_seed_data,Region10_Site0112,1
seed_22811,41.58593,-81.567,plastic,high,,2025-08-10,,noaa_seed_data,WVP Euclid Beach,115
seed_22812,41.426125,-82.364406,plastic,medium,https://portal.diver.orr.noaa.gov/pentaho/mdmap/photo-files/22812,2025-08-12,,noaa_seed_data,Main Street Beach,20
seed_22813,46.5366,-86.70644,plastic,low,https://portal.diver.orr.noaa.gov/pentaho/mdmap/photo-files/22813,2025-07-25,,noaa_seed_data,Region10_Site0064,0
seed_22814,45.95134,-84.93335,cloth-fabric,low,https://portal.diver.orr.noaa.gov/pentaho/mdmap/photo-files/22814,2025-07-25,,noaa_seed_data,Region10_Site0120,3
seed_22815,45.96109,-83.85772,plastic,low,https://portal.diver.orr.noaa.gov/pentaho/mdmap/photo-files/22815,2025-07-25,,noaa_seed_data,Region10_Site0108,2
seed_22818,40.083249,-74.870251,glass,high,,2025-08-12,,noaa_seed_data,Burlington Bristol Bridge,212
seed_22819,41.515305,-82.9345512,plastic,medium,https://portal.diver.orr.noaa.gov/pentaho/mdmap/photo-files/22819,2025-08-13,,noaa_seed_data,Port Clinton City Beach West,53
seed_22820,41.514656,-82.924116,plastic,medium,https://portal.diver.orr.noaa.gov/pentaho/mdmap/photo-files/22820,2025-08-13,,noaa_seed_data,Port Clinton City Beach - OWC,34
seed_22821,45.792356,-123.968265,processed-lumber,low,,2025-08-13,,noaa_seed_data,Cape Falcon Marine Reserve: Arch Cape,12
seed_22823,46.93671,-90.945955,plastic,low,https://portal.diver.orr.noaa.gov/pentaho/mdmap/photo-files/22823,2025-07-26,,noaa_seed_data,Bayfield County Forest (North Shore),2
seed_22828,38.188476,20.439466,plastic,medium,https://portal.diver.orr.noaa.gov/pentaho/mdmap/photo-files/22828,2025-08-14,,noaa_seed_data,Loggos 1,17
seed_22830,46.95199,-90.75779,plastic,low,https://portal.diver.orr.noaa.gov/pentaho/mdmap/photo-files/22830,2025-07-26,,noaa_seed_data,Region10_Site0126,1
seed_22831,47.008811045715625,-90.45927257727166,plastic,low,https://portal.diver.orr.noaa.gov/pentaho/mdmap/photo-files/22831,2025-07-26,,noaa_seed_data,Region10_Site0003,0
seed_22832,46.965713,-90.520477,plastic,low,https://portal.diver.orr.noaa.gov/pentaho/mdmap/photo-files/22832,2025-07-26,,noaa_seed_data,Stockton Island (NE Shore),0
seed_22833,45.976378,-85.653246,plastic,low,https://portal.diver.orr.noaa.gov/pentaho/mdmap/photo-files/22833,2025-08-15,,noaa_seed_data,Region10_Site0056,3
seed_22837,30.23167,-88.01822,plastic,medium,,2025-05-13,,noaa_seed_data,Fort Morgan Fort Entrance,31
seed_22838,30.23167,-88.01822,plastic,low,,2025-04-06,,noaa_seed_data,Fort Morgan Fort Entrance,10
seed_22839,30.2279111209,-87.83247046,plastic,low,,2025-04-06,,noaa_seed_data,Mobile Street,8
seed_22840,30.2279111209,-87.83247046,plastic,medium,,2025-05-13,,noaa_seed_data,Mobile Street,40
seed_22841,29.9736,-84.3405,plastic,medium,https://portal.diver.orr.noaa.gov/pentaho/mdmap/photo-files/22841,2025-08-17,,noaa_seed_data,Mashes Sands Park,21
seed_22842,30.268611,-87.582778,plastic,medium,,2025-04-06,,noaa_seed_data,Cotton Bayou Beach access,33
seed_22843,30.268611,-87.582778,plastic,medium,,2025-05-13,,noaa_seed_data,Cotton Bayou Beach access,18
seed_22845,38.188476,20.439466,plastic,low,,2025-08-18,,noaa_seed_data,Loggos 1,14
seed_22846,40.0626748,-74.0429414,plastic,medium,,2025-08-13,,noaa_seed_data,Bay Head @ Johnson St,27
seed_22847,39.9135102,-74.0759494,plastic,medium,,2025-08-13,,noaa_seed_data,Seaside Park @ 13th Ave,15
seed_22848,40.2192115,-73.9989961,plastic,high,,2025-08-11,,noaa_seed_data,Asbury Park @ 1st Ave,249
seed_22849,40.1399129,-74.0248553,plastic,medium,,2025-08-11,,noaa_seed_data,Spring Lake @ York Ave,62
seed_22850,48.071361,-88.772541,plastic,low,https://portal.diver.orr.noaa.gov/pentaho/mdmap/photo-files/22850,2025-07-31,,noaa_seed_data,Region10_Site0035,3
seed_22851,48.251881,-124.690421,plastic,low,https://portal.diver.orr.noaa.gov/pentaho/mdmap/photo-files/22851,2025-08-13,,noaa_seed_data,Region7_Site0074,5
seed_22852,48.125193,-88.651177,plastic,low,https://portal.diver.orr.noaa.gov/pentaho/mdmap/photo-files/22852,2025-07-31,,noaa_seed_data,Region10_Site0091,2
seed_22853,48.147756,-88.611013,plastic,low,https://portal.diver.orr.noaa.gov/pentaho/mdmap/photo-files/22853,2025-07-31,,noaa_seed_data,Region10_Site0011,0
seed_22854,48.15566647,-88.557421,plastic,low,https://portal.diver.orr.noaa.gov/pentaho/mdmap/photo-files/22854,2025-07-31,,noaa_seed_data,Region10_Site0123,2
seed_22855,48.157656,-88.460258,plastic,low,https://portal.diver.orr.noaa.gov/pentaho/mdmap/photo-files/22855,2025-08-01,,noaa_seed_data,Region10_Site0119,0
seed_22857,47.211151,-122.579341,glass,low,https://portal.diver.orr.noaa.gov/pentaho/mdmap/photo-files/22857,2025-08-14,,noaa_seed_data,Region7_Site0023,4
seed_22859,48.18009,-88.48035,plastic,low,https://portal.diver.orr.noaa.gov/pentaho/mdmap/photo-files/22859,2025-08-03,,noaa_seed_data,Region10_Site0055,0
seed_22860,48.028617,-88.648224,plastic,low,https://portal.diver.orr.noaa.gov/pentaho/mdmap/photo-files/22860,2025-08-04,,noaa_seed_data,Region10_Site0015,0
seed_22862,34.465081,-120.473881,plastic,low,https://portal.diver.orr.noaa.gov/pentaho/mdmap/photo-files/22862,2025-08-13,,noaa_seed_data,Region6_Site0011,14
seed_22863,46.214249,-124.004412,plastic,low,,2025-08-18,,noaa_seed_data,Fort Stevens,6
seed_22864,47.894208,-88.981425,plastic,low,https://portal.diver.orr.noaa.gov/pentaho/mdmap/photo-files/22864,2025-08-04,,noaa_seed_data,Region10_Site0023,0
seed_22865,47.869167,-89.254487,plastic,low,https://portal.diver.orr.noaa.gov/pentaho/mdmap/photo-files/22865,2025-08-04,,noaa_seed_data,Region10_Site0103,0
seed_22866,47.905353,-89.221998,plastic,low,https://portal.diver.orr.noaa.gov/pentaho/mdmap/photo-files/22866,2025-08-04,,noaa_seed_data,Region10_Site0007,1
seed_22867,38.06834,20.79814,plastic,low,,2025-08-19,,noaa_seed_data,Skala 1,4
seed_22868,46.436928,-124.059664,plastic,medium,https://portal.diver.orr.noaa.gov/pentaho/mdmap/photo-files/22868,2025-06-30,,noaa_seed_data,Klipsan,17
seed_22869,47.880051,-124.611581,plastic,medium,https://portal.diver.orr.noaa.gov/pentaho/mdmap/photo-files/22869,2025-08-12,,noaa_seed_data,Region7_Site0014,16
seed_22870,47.464767,-124.343588,plastic,low,https://portal.diver.orr.noaa.gov/pentaho/mdmap/photo-files/22870,2025-08-11,,noaa_seed_data,Region7_Site0166,0
seed_22871,45.245,-83.412805,plastic,medium,https://portal.diver.orr.noaa.gov/pentaho/mdmap/photo-files/22871,2025-08-21,,noaa_seed_data,Besser Natural Area,24
seed_22872,46.646791,-124.050791,plastic,low,https://portal.diver.orr.noaa.gov/pentaho/mdmap/photo-files/22872,2025-08-10,,noaa_seed_data,Region7_Site0062,2
seed_22873,45.012921,-124.010111,plastic,low,https://portal.diver.orr.noaa.gov/pentaho/mdmap/photo-files/22873,2025-08-09,,noaa_seed_data,Region7_Site0060,0
seed_22875,48.4539,-122.9618,processed-lumber,low,,2025-07-10,,noaa_seed_data,Cattle Point East,9
seed_22876,21.672211,-158.043889,plastic,low,https://portal.diver.orr.noaa.gov/pentaho/mdmap/photo-files/22876,2025-08-21,,noaa_seed_data,Region9_Site0138,9
seed_22877,21.702804,-157.998816,plastic,low,https://portal.diver.orr.noaa.gov/pentaho/mdmap/photo-files/22877,2025-08-21,,noaa_seed_data,Region9_Site0074,8
seed_22880,56.604094,-169.60726436,plastic,high,,2025-08-17,,noaa_seed_data,Staraya Artil,91
seed_22881,56.57616,-169.67604,plastic,medium,,2025-08-22,,noaa_seed_data,Zapadni,43
seed_22882,45.362691,-123.971452,plastic,low,https://portal.diver.orr.noaa.gov/pentaho/mdmap/photo-files/22882,2025-08-19,,noaa_seed_data,Cape Lookout,8
seed_22885,38.06834,20.79814,processed-lumber,low,,2025-08-23,,noaa_seed_data,Skala 1,1
seed_22893,42.323059,-87.831036,plastic,high,https://portal.diver.orr.noaa.gov/pentaho/mdmap/photo-files/22893,2025-08-24,,noaa_seed_data,Region10_Site0061,682
seed_22894,44.612487,-124.071743,plastic,high,,2025-08-20,,noaa_seed_data,South Beach State Park-South Jetty,83
seed_22896,38.06834,20.79814,plastic,medium,,2025-08-25,,noaa_seed_data,Skala 1,25
seed_22898,45.048333,-83.443889,plastic,medium,https://portal.diver.orr.noaa.gov/pentaho/mdmap/photo-files/22898,2025-08-21,,noaa_seed_data,Starlite Beach,47
seed_22900,38.06834,20.79814,plastic,medium,,2025-08-27,,noaa_seed_data,Skala 1,24
seed_22903,41.47341,-82.17144,plastic,high,https://portal.diver.orr.noaa.gov/pentaho/mdmap/photo-files/22903,2025-08-22,,noaa_seed_data,Harborwalk,518
seed_22905,44.855154,-83.321418,plastic,low,https://portal.diver.orr.noaa.gov/pentaho/mdmap/photo-files/22905,2025-08-27,,noaa_seed_data,Negwegon State Park,9
seed_22906,44.92472,-83.418056,plastic,high,https://portal.diver.orr.noaa.gov/pentaho/mdmap/photo-files/22906,2025-08-27,,noaa_seed_data,Ossineke Beach,78
seed_22907,46.436928,-124.059664,plastic,medium,https://portal.diver.orr.noaa.gov/pentaho/mdmap/photo-files/22907,2025-07-22,,noaa_seed_data,Klipsan,17
seed_22911,41.631561,-87.177604,plastic,high,https://portal.diver.orr.noaa.gov/pentaho/mdmap/photo-files/22911,2025-08-25,,noaa_seed_data,Region10_Site0002,528
seed_22912,41.38435,-82.51541,plastic,low,https://portal.diver.orr.noaa.gov/pentaho/mdmap/photo-files/22912,2025-08-25,,noaa_seed_data,Old Woman Creek Beach,3
seed_22913,27.6819682,-97.1635221,plastic,high,,2025-04-11,,noaa_seed_data,Fish Pass - Mustang Island,758
seed_22914,13.468514,144.702753,glass,low,https://portal.diver.orr.noaa.gov/pentaho/mdmap/photo-files/22914,2025-08-17,,noaa_seed_data,Region9_Site0044,11
seed_22918,38.06834,20.79814,plastic,low,,2025-08-28,,noaa_seed_data,Skala 1,10
seed_22920,27.6819682,-97.1635221,plastic,high,,2025-05-13,,noaa_seed_data,Fish Pass - Mustang Island,659
seed_22921,27.6819682,-97.1635221,plastic,high,,2025-06-05,,noaa_seed_data,Fish Pass - Mustang Island,435
seed_22922,15.160659,145.704638,plastic,low,https://portal.diver.orr.noaa.gov/pentaho/mdmap/photo-files/22922,2025-08-15,,noaa_seed_data,Region9_Site0032,10
seed_22923,15.217221,145.721102,metal,low,https://portal.diver.orr.noaa.gov/pentaho/mdmap/photo-files/22923,2025-08-15,,noaa_seed_data,Region9_Site0080,2
seed_22924,38.13005,20.49235,plastic,low,,2025-08-27,,noaa_seed_data,Minies 1,9
seed_22927,38.06834,20.79814,plastic,low,,2025-08-30,,noaa_seed_data,Skala 1,9
seed_22928,48.416352,-122.651372,plastic,medium,https://portal.diver.orr.noaa.gov/pentaho/mdmap/photo-files/22928,2025-08-08,,noaa_seed_data,Bowman Bay,20
seed_22930,33.190767,-79.184967,plastic,low,https://portal.diver.orr.noaa.gov/pentaho/mdmap/photo-files/22930,2025-08-31,,noaa_seed_data,Region3_Site0060,5
seed_22931,33.02325,-79.362,plastic,low,https://portal.diver.orr.noaa.gov/pentaho/mdmap/photo-files/22931,2025-08-31,,noaa_seed_data,Region3_Site0080,0
seed_22938,48.51858,-122.62387,plastic,medium,,2025-08-31,,noaa_seed_data,Kiwanis Waterfront Beach,16
seed_22940,34.026047,-120.072569,plastic,medium,https://portal.diver.orr.noaa.gov/pentaho/mdmap/photo-files/22940,2025-08-27,,noaa_seed_data,Region6_Site0023,37
seed_22941,34.030724,-120.06359,plastic,high,https://portal.diver.orr.noaa.gov/pentaho/mdmap/photo-files/22941,2025-08-27,,noaa_seed_data,Region6_Site0007,311
seed_22945,38.06834,20.79814,plastic,medium,,2025-09-03,,noaa_seed_data,Skala 1,15
seed_22948,32.80576,-79.72546,plastic,low,https://portal.diver.orr.noaa.gov/pentaho/mdmap/photo-files/22948,2025-09-01,,noaa_seed_data,Region3_Site0063,5
seed_22949,44.340065,-124.09922,plastic,low,,2025-09-02,,noaa_seed_data,Oregon Mile 196,11
seed_22950,40.2951422,-73.9788222,plastic,medium,,2025-08-28,,noaa_seed_data,Long Branch @ Ocean Ave N,36
seed_22951,38.9591921,-74.8411273,plastic,low,,2025-08-28,,noaa_seed_data,Wildwood Crest @ E Topeka Ave,10
seed_22952,39.0433049,-74.7606781,plastic,low,,2025-08-28,,noaa_seed_data,Stone Harbor @ 108th St,11
seed_22953,45.245,-83.412805,processed-lumber,medium,https://portal.diver.orr.noaa.gov/pentaho/mdmap/photo-files/22953,2025-09-03,,noaa_seed_data,Besser Natural Area,44
seed_22956,38.188476,20.439466,plastic,low,https://portal.diver.orr.noaa.gov/pentaho/mdmap/photo-files/22956,2025-09-05,,noaa_seed_data,Loggos 1,4
seed_22960,41.719111,-69.930306,plastic,low,https://portal.diver.orr.noaa.gov/pentaho/mdmap/photo-files/22960,2025-09-03,,noaa_seed_data,Nauset Beach (South),12
seed_22961,41.515305,-82.9345512,plastic,medium,https://portal.diver.orr.noaa.gov/pentaho/mdmap/photo-files/22961,2025-09-06,,noaa_seed_data,Port Clinton City Beach West,50
seed_22970,38.103381,20.534513,plastic,low,,2025-09-07,,noaa_seed_data,Megali Petra 1,5
seed_22971,26.5315,-97.26333,plastic,medium,https://portal.diver.orr.noaa.gov/pentaho/mdmap/photo-files/22971,2025-09-03,,noaa_seed_data,South Padre Island Mile Marker 23,64
seed_22973,26.14141,-97.16862,plastic,medium,,2025-09-07,,noaa_seed_data,South Padre Island Corral at Andie Bowie Park,41
seed_22974,29.334012,-94.780574,plastic,medium,https://portal.diver.orr.noaa.gov/pentaho/mdmap/photo-files/22974,2025-08-13,,noaa_seed_data,Seawolf Park,49
seed_22975,29.27131,-89.617431,plastic,low,https://portal.diver.orr.noaa.gov/pentaho/mdmap/photo-files/22975,2025-09-09,,noaa_seed_data,Region5_Site0002,11
seed_22976,45.792356,-123.968265,plastic,low,,2025-09-09,,noaa_seed_data,Cape Falcon Marine Reserve: Arch Cape,9
seed_22977,29.37183,-94.8285,plastic,medium,https://portal.diver.orr.noaa.gov/pentaho/mdmap/photo-files/22977,2025-08-27,,noaa_seed_data,Texas City Dike (North),32
seed_22978,29.31254,-89.864922,plastic,medium,https://portal.diver.orr.noaa.gov/pentaho/mdmap/photo-files/22978,2025-09-09,,noaa_seed_data,Region5_Site0061,20
seed_22979,29.312992,-94.820746,plastic,high,https://portal.diver.orr.noaa.gov/pentaho/mdmap/photo-files/22979,2025-08-13,,noaa_seed_data,TAMUG Shell Beach 2,82
seed_22982,38.035635,-122.926964,plastic,low,https://portal.diver.orr.noaa.gov/pentaho/mdmap/photo-files/22982,2025-08-19,,noaa_seed_data,Sunshine Beach,7
seed_22983,28.0659348,-97.2172729,plastic,high,,2025-06-16,,noaa_seed_data,Egery Flats Location One,233
seed_22984,28.0657901,-97.217523,plastic,high,,2025-06-16,,noaa_seed_data,Egery Flats Location Two,154
seed_22985,27.8370779,-97.0492185,plastic,high,,2025-06-30,,noaa_seed_data,South Jetty Location One,87
seed_22987,30.297661,-88.587831,plastic,medium,https://portal.diver.orr.noaa.gov/pentaho/mdmap/photo-files/22987,2025-09-10,,noaa_seed_data,Region5_Site0106,15
seed_22991,38.188476,20.439466,plastic,low,https://portal.diver.orr.noaa.gov/pentaho/mdmap/photo-files/22991,2025-09-09,,noaa_seed_data,Loggos 1,14
seed_22992,41.514656,-82.924116,plastic,medium,https://portal.diver.orr.noaa.gov/pentaho/mdmap/photo-files/22992,2025-09-06,,noaa_seed_data,Port Clinton City Beach - OWC,40
seed_22993,27.834376,-97.0441465,plastic,high,,2025-07-02,,noaa_seed_data,South Jetty Location Two,193
seed_22994,45.02106,-124.00958,plastic,medium,,2025-09-08,,noaa_seed_data,Roads End Point,26
seed_22996,29.943486,-88.822534,plastic,medium,https://portal.diver.orr.noaa.gov/pentaho/mdmap/photo-files/22996,2025-09-11,,noaa_seed_data,Region5_Site0134,61
seed_22998,38.188476,20.439466,plastic,medium,https://portal.diver.orr.noaa.gov/pentaho/mdmap/photo-files/22998,2025-09-11,,noaa_seed_data,Loggos 1,16
seed_23000,49.355444,-124.444559,other,low,,2025-07-30,,noaa_seed_data,Qualicum Beach (The Shore Restaurant),6
seed_23003,29.891979,-88.8254,plastic,low,https://portal.diver.orr.noaa.gov/pentaho/mdmap/photo-files/23003,2025-09-11,,noaa_seed_data,Region5_Site0022,10
seed_23005,41.58593,-81.567,plastic,high,https://portal.diver.orr.noaa.gov/pentaho/mdmap/photo-files/23005,2025-09-14,,noaa_seed_data,WVP Euclid Beach,209
seed_23006,49.355038,-124.365214,plastic,medium,https://portal.diver.orr.noaa.gov/pentaho/mdmap/photo-files/23006,2025-07-21,,noaa_seed_data,Columbia Beach,25
seed_23010,30.08914,-85.67903,plastic,low,https://portal.diver.orr.noaa.gov/pentaho/mdmap/photo-files/23010,2025-09-10,,noaa_seed_data,Region4_Site0275,9
seed_23019,29.70045,-84.76465,plastic,low,https://portal.diver.orr.noaa.gov/pentaho/mdmap/photo-files/23019,2025-09-09,,noaa_seed_data,Region4_Site0190,7
seed_23020,29.09564,-83.06607,plastic,low,https://portal.diver.orr.noaa.gov/pentaho/mdmap/photo-files/23020,2025-09-09,,noaa_seed_data,Region4_Site0267,9
seed_23021,46.214249,-124.004412,plastic,low,https://portal.diver.orr.noaa.gov/pentaho/mdmap/photo-files/23021,2025-09-15,,noaa_seed_data,Fort Stevens,0
seed_23022,41.548806,-70.012639,plastic,low,https://portal.diver.orr.noaa.gov/pentaho/mdmap/photo-files/23022,2025-09-04,,noaa_seed_data,Region1_Site0017,2
seed_23023,29.099111,-83.060871,plastic,low,https://portal.diver.orr.noaa.gov/pentaho/mdmap/photo-files/23023,2025-09-09,,noaa_seed_data,Region4_Site0011,0
seed_23024,28.2074,-82.85123,plastic,low,https://portal.diver.orr.noaa.gov/pentaho/mdmap/photo-files/23024,2025-09-08,,noaa_seed_data,Region4_Site0218,4
seed_23026,29.62708,-85.09492,plastic,low,https://portal.diver.orr.noaa.gov/pentaho/mdmap/photo-files/23026,2025-09-10,,noaa_seed_data,Region4_Site0259,5
seed_23027,26.45916,-81.96539,plastic,low,https://portal.diver.orr.noaa.gov/pentaho/mdmap/photo-files/23027,2025-09-07,,noaa_seed_data,Region4_Site0220,3
seed_23028,42.715717,-70.774808,plastic,low,https://portal.diver.orr.noaa.gov/pentaho/mdmap/photo-files/23028,2025-09-05,,noaa_seed_data,Region1_Site0134,8
seed_23030,38.06834,20.79814,plastic,low,,2025-09-14,,noaa_seed_data,Skala 1,13
seed_23032,43.764804,-69.61076,plastic,medium,https://portal.diver.orr.noaa.gov/pentaho/mdmap/photo-files/23032,2025-09-06,,noaa_seed_data,Region1_Site0164,25
seed_23033,43.727167,-70.043111,plastic,low,https://portal.diver.orr.noaa.gov/pentaho/mdmap/photo-files/23033,2025-09-07,,noaa_seed_data,Region1_Site0124,6
seed_23034,43.815359,-69.59617,plastic,low,https://portal.diver.orr.noaa.gov/pentaho/mdmap/photo-files/23034,2025-09-08,,noaa_seed_data,Region1_Site0088,6
seed_23036,18.412752,-67.163085,plastic,high,https://portal.diver.orr.noaa.gov/pentaho/mdmap/photo-files/23036,2025-09-16,,noaa_seed_data,Region4_Site0193,115
seed_23037,44.038358,-68.651278,plastic,low,https://portal.diver.orr.noaa.gov/pentaho/mdmap/photo-files/23037,2025-09-10,,noaa_seed_data,Region1_Site0030,13
seed_23038,44.379889,-68.074,plastic,low,https://portal.diver.orr.noaa.gov/pentaho/mdmap/photo-files/23038,2025-09-11,,noaa_seed_data,Region1_Site0118,5
seed_23040,32.765852,-117.246127,plastic,high,https://portal.diver.orr.noaa.gov/pentaho/mdmap/photo-files/23040,2025-09-09,,noaa_seed_data,Region6_Site0041,68
seed_23041,32.748638,-117.253074,plastic,medium,https://portal.diver.orr.noaa.gov/pentaho/mdmap/photo-files/23041,2025-09-09,,noaa_seed_data,Region6_Site0013,39
seed_23047,48.53107,-122.97342,plastic,low,https://portal.diver.orr.noaa.gov/pentaho/mdmap/photo-files/23047,2025-09-09,,noaa_seed_data,Turn Island Marine State Park,1
seed_23048,48.662992,-123.180833,plastic,low,https://portal.diver.orr.noaa.gov/pentaho/mdmap/photo-files/23048,2025-09-10,,noaa_seed_data,Region7_Site0011,0
seed_23049,48.592167,-123.179146,plastic,low,https://portal.diver.orr.noaa.gov/pentaho/mdmap/photo-files/23049,2025-09-10,,noaa_seed_data,Region7_Site0075,0
seed_23050,45.362691,-123.971452,plastic,low,https://portal.diver.orr.noaa.gov/pentaho/mdmap/photo-files/23050,2025-09-13,,noaa_seed_data,Cape Lookout,9
seed_23059,44.612487,-124.071743,plastic,medium,,2025-09-17,,noaa_seed_data,South Beach State Park-South Jetty,31
seed_23060,48.563696,-122.721033,plastic,low,https://portal.diver.orr.noaa.gov/pentaho/mdmap/photo-files/23060,2025-09-11,,noaa_seed_data,Region7_Site0072,4
seed_23061,48.705886,-122.866981,processed-lumber,low,https://portal.diver.orr.noaa.gov/pentaho/mdmap/photo-files/23061,2025-09-12,,noaa_seed_data,Region7_Site0043,1
seed_23067,44.857562,-66.981703,glass,high,https://portal.diver.orr.noaa.gov/pentaho/mdmap/photo-files/23067,2025-09-12,,noaa_seed_data,Region1_Site0059,98
seed_23068,41.38435,-82.51541,plastic,low,,2025-09-18,,noaa_seed_data,Old Woman Creek Beach,0
seed_23069,47.69526,-122.40432,plastic,low,,2025-09-20,,noaa_seed_data,Golden Gardens Park (N),7
seed_23070,29.334012,-94.780574,plastic,high,https://portal.diver.orr.noaa.gov/pentaho/mdmap/photo-files/23070,2025-09-10,,noaa_seed_data,Seawolf Park,70
seed_23071,43.7179182,-70.137322,plastic,medium,https://portal.diver.orr.noaa.gov/pentaho/mdmap/photo-files/23071,2025-09-09,,noaa_seed_data,Region1_Site0144,18
seed_23072,43.343688,-70.507401,plastic,low,https://portal.diver.orr.noaa.gov/pentaho/mdmap/photo-files/23072,2025-09-13,,noaa_seed_data,Region1_Site0113,2
seed_23073,48.416352,-122.651372,processed-lumber,low,,2025-09-18,,noaa_seed_data,Bowman Bay,13
seed_23074,43.243855,-70.589882,plastic,low,https://portal.diver.orr.noaa.gov/pentaho/mdmap/photo-files/23074,2025-09-13,,noaa_seed_data,Region1_Site0021,6
seed_23075,42.951804,-70.784601,plastic,low,https://portal.diver.orr.noaa.gov/pentaho/mdmap/photo-files/23075,2025-09-14,,noaa_seed_data,Region1_Site0121,4
seed_23076,32.773322,-117.214723,plastic,high,https://portal.diver.orr.noaa.gov/pentaho/mdmap/photo-files/23076,2025-09-09,,noaa_seed_data,Region6_Site0057,137
seed_23077,32.552501,-117.127361,plastic,medium,https://portal.diver.orr.noaa.gov/pentaho/mdmap/photo-files/23077,2025-09-10,,noaa_seed_data,Region6_Site0025,39
seed_23083,48.583576,-122.691355,plastic,low,https://portal.diver.orr.noaa.gov/pentaho/mdmap/photo-files/23083,2025-09-11,,noaa_seed_data,Region7_Site0008,1
seed_23084,32.563793,-117.132323,plastic,medium,https://portal.diver.orr.noaa.gov/pentaho/mdmap/photo-files/23084,2025-09-10,,noaa_seed_data,Region6_Site0009,20
seed_23085,45.245,-83.412805,plastic,medium,https://portal.diver.orr.noaa.gov/pentaho/mdmap/photo-files/23085,2025-09-23,,noaa_seed_data,Besser Natural Area,23
seed_23088,41.673091,-82.813883,plastic,medium,https://portal.diver.orr.noaa.gov/pentaho/mdmap/photo-files/23088,2025-09-11,,noaa_seed_data,Region10_Site0025,46
seed_23096,44.371873,-67.869197,plastic,low,https://portal.diver.orr.noaa.gov/pentaho/mdmap/photo-files/23096,2025-09-12,,noaa_seed_data,Region1_Site0311,2
seed_23097,38.11809,20.493468,plastic,medium,,2025-09-18,,noaa_seed_data,Cape St Nick 1,24
seed_23098,33.41006,-118.37681,plastic,medium,https://portal.diver.orr.noaa.gov/pentaho/mdmap/photo-files/23098,2025-09-13,,noaa_seed_data,Region6_Site0005,48
seed_23099,45.362691,-123.971452,plastic,medium,,2025-09-24,,noaa_seed_data,Cape Lookout,17
seed_23100,27.27146,-80.20349,plastic,low,https://portal.diver.orr.noaa.gov/pentaho/mdmap/photo-files/23100,2025-09-06,,noaa_seed_data,Region3_Site0065,3
seed_23101,29.2028,-80.99479,plastic,medium,https://portal.diver.orr.noaa.gov/pentaho/mdmap/photo-files/23101,2025-09-05,,noaa_seed_data,Region3_Site0021,27
seed_23105,44.216524,-124.114568,plastic,low,https://portal.diver.orr.noaa.gov/pentaho/mdmap/photo-files/23105,2025-09-16,,noaa_seed_data,Region7_Site0092,4
seed_23107,43.91588,-124.15072,plastic,low,https://portal.diver.orr.noaa.gov/pentaho/mdmap/photo-files/23107,2025-09-17,,noaa_seed_data,Region7_Site0024,0
seed_23110,38.188476,20.439466,plastic,low,https://portal.diver.orr.noaa.gov/pentaho/mdmap/photo-files/23110,2025-09-24,,noaa_seed_data,Loggos 1,4
seed_23113,38.06834,20.79814,plastic,low,,2025-09-25,,noaa_seed_data,Skala 1,4
seed_23114,34.031886,-119.876272,plastic,low,https://portal.diver.orr.noaa.gov/pentaho/mdmap/photo-files/23114,2025-09-24,,noaa_seed_data,Region6_Site0035,1
seed_23115,33.967244,-119.97875,plastic,low,https://portal.diver.orr.noaa.gov/pentaho/mdmap/photo-files/23115,2025-09-24,,noaa_seed_data,Region6_Site0039,0
seed_23116,33.920022,-120.046041,plastic,low,https://portal.diver.orr.noaa.gov/pentaho/mdmap/photo-files/23116,2025-09-24,,noaa_seed_data,Region6_Site0055,1
seed_23117,26.60287,-80.03673,plastic,low,https://portal.diver.orr.noaa.gov/pentaho/mdmap/photo-files/23117,2025-09-06,,noaa_seed_data,Region3_Site0017,14
seed_23118,26.23233,-80.08841,plastic,medium,https://portal.diver.orr.noaa.gov/pentaho/mdmap/photo-files/23118,2025-09-06,,noaa_seed_data,Region3_Site0001,45
seed_23119,27.6819682,-97.1635221,plastic,high,,2025-07-03,,noaa_seed_data,Fish Pass - Mustang Island,887
seed_23120,44.024068,-82.797493,plastic,low,https://portal.diver.orr.noaa.gov/pentaho/mdmap/photo-files/23120,2025-09-15,,noaa_seed_data,Region10_Site0129,5
seed_23121,29.43569,-81.10599,plastic,medium,https://portal.diver.orr.noaa.gov/pentaho/mdmap/photo-files/23121,2025-09-05,,noaa_seed_data,Region3_Site0005,15
seed_23122,45.014372,-86.155848,plastic,low,https://portal.diver.orr.noaa.gov/pentaho/mdmap/photo-files/23122,2025-09-16,,noaa_seed_data,Region10_Site0052,1
seed_23123,29.60119,-81.18359,plastic,low,https://portal.diver.orr.noaa.gov/pentaho/mdmap/photo-files/23123,2025-09-05,,noaa_seed_data,Region3_Site0049,4
seed_23124,29.455601,-94.623352,plastic,high,https://portal.diver.orr.noaa.gov/pentaho/mdmap/photo-files/23124,2025-09-25,,noaa_seed_data,Region5_Site0023,113
seed_23125,29.726733,-93.767015,plastic,medium,https://portal.diver.orr.noaa.gov/pentaho/mdmap/photo-files/23125,2025-09-26,,noaa_seed_data,Region5_Site0043,30
seed_23126,29.339073,-94.790295,plastic,medium,https://portal.diver.orr.noaa.gov/pentaho/mdmap/photo-files/23126,2025-09-26,,noaa_seed_data,Region5_Site0167,32
seed_23127,28.856643,-95.426758,plastic,high,https://portal.diver.orr.noaa.gov/pentaho/mdmap/photo-files/23127,2025-09-27,,noaa_seed_data,Region5_Site0046,165
seed_23140,28.285916,-96.600586,plastic,low,https://portal.diver.orr.noaa.gov/pentaho/mdmap/photo-files/23140,2025-09-28,,noaa_seed_data,Region5_Site0156,2
seed_23141,28.155252,-96.732176,plastic,high,https://portal.diver.orr.noaa.gov/pentaho/mdmap/photo-files/23141,2025-09-28,,noaa_seed_data,Region5_Site0144,187
seed_23142,28.326254,-96.501773,plastic,low,https://portal.diver.orr.noaa.gov/pentaho/mdmap/photo-files/23142,2025-09-28,,noaa_seed_data,Region5_Site0024,1
seed_23143,30.08522,-81.33702,plastic,low,https://portal.diver.orr.noaa.gov/pentaho/mdmap/photo-files/23143,2025-09-04,,noaa_seed_data,Region3_Site0073,9
seed_23144,30.27519,-81.38501,plastic,low,https://portal.diver.orr.noaa.gov/pentaho/mdmap/photo-files/23144,2025-09-04,,noaa_seed_data,Region3_Site0053,13
seed_23145,45.048333,-83.443889,plastic,medium,https://portal.diver.orr.noaa.gov/pentaho/mdmap/photo-files/23145,2025-09-29,,noaa_seed_data,Starlite Beach,48
seed_23146,29.74432,-81.24308,plastic,low,https://portal.diver.orr.noaa.gov/pentaho/mdmap/photo-files/23146,2025-09-05,,noaa_seed_data,Region3_Site0057,10
seed_23147,30.43353,-81.40723,plastic,low,https://portal.diver.orr.noaa.gov/pentaho/mdmap/photo-files/23147,2025-09-04,,noaa_seed_data,Region3_Site0037,6
seed_23148,28.574218,-96.036305,plastic,high,https://portal.diver.orr.noaa.gov/pentaho/mdmap/photo-files/23148,2025-09-29,,noaa_seed_data,Region5_Site0083,145
seed_23153,40.083249,-74.870251,glass,medium,,2025-09-23,,noaa_seed_data,Burlington Bristol Bridge,50
seed_23154,45.197013,-83.334736,metal,low,https://portal.diver.orr.noaa.gov/pentaho/mdmap/photo-files/23154,2025-09-17,,noaa_seed_data,Region10_Site0010,7
seed_23155,30.8367,-81.42971,plastic,low,https://portal.diver.orr.noaa.gov/pentaho/mdmap/photo-files/23155,2025-09-04,,noaa_seed_data,Region3_Site0085,2
seed_23156,31.96294,-80.87933,plastic,low,https://portal.diver.orr.noaa.gov/pentaho/mdmap/photo-files/23156,2025-09-02,,noaa_seed_data,Little Tybee Island,0
seed_23157,31.94438,-80.91971,plastic,low,https://portal.diver.orr.noaa.gov/pentaho/mdmap/photo-files/23157,2025-09-02,,noaa_seed_data,Region3_Site0020,1
seed_23158,19.963697,-155.855596,plastic,low,https://portal.diver.orr.noaa.gov/pentaho/mdmap/photo-files/23158,2025-09-18,,noaa_seed_data,Region9_Site0181,9
seed_23159,32.258044,-80.619347,plastic,low,https://portal.diver.orr.noaa.gov/pentaho/mdmap/photo-files/23159,2025-09-02,,noaa_seed_data,Region3_Site0028,0
seed_23160,32.5302,-80.2588,plastic,low,https://portal.diver.orr.noaa.gov/pentaho/mdmap/photo-files/23160,2025-09-01,,noaa_seed_data,Region3_Site0044,1
seed_23161,44.913239,-83.328588,metal,low,https://portal.diver.orr.noaa.gov/pentaho/mdmap/photo-files/23161,2025-09-17,,noaa_seed_data,Region10_Site0074,1
seed_23162,19.644298,-156.012049,plastic,low,https://portal.diver.orr.noaa.gov/pentaho/mdmap/photo-files/23162,2025-09-18,,noaa_seed_data,Region9_Site0177,3
seed_23163,19.313784,-155.888056,plastic,low,https://portal.diver.orr.noaa.gov/pentaho/mdmap/photo-files/23163,2025-09-18,,noaa_seed_data,Region9_Site0021,4
seed_23165,27.00845,-82.41188,plastic,low,https://portal.diver.orr.noaa.gov/pentaho/mdmap/photo-files/23165,2025-09-07,,noaa_seed_data,Region4_Site0080,8
seed_23166,27.20474,-97.38977,plastic,medium,,2025-07-15,,noaa_seed_data,Yarborough Pass - PINS,52
seed_23167,36.743422,-121.805417,plastic,medium,https://portal.diver.orr.noaa.gov/pentaho/mdmap/photo-files/23167,2025-09-18,,noaa_seed_data,Region7_Site0002,23
seed_23168,42.499194,-124.420694,plastic,low,https://portal.diver.orr.noaa.gov/pentaho/mdmap/photo-files/23168,2025-09-18,,noaa_seed_data,Region7_Site0016,2
seed_23169,42.345768,-124.42753,metal,low,https://portal.diver.orr.noaa.gov/pentaho/mdmap/photo-files/23169,2025-09-19,,noaa_seed_data,Region7_Site0080,1
seed_23170,34.126367,-77.850117,plastic,low,https://portal.diver.orr.noaa.gov/pentaho/mdmap/photo-files/23170,2025-08-30,,noaa_seed_data,Region3_Site0026,2
seed_23171,35.559117,-75.462146,plastic,low,https://portal.diver.orr.noaa.gov/pentaho/mdmap/photo-files/23171,2025-10-01,,noaa_seed_data,Region2_Site0242,2
seed_23172,42.325242,-70.9896,plastic,medium,https://portal.diver.orr.noaa.gov/pentaho/mdmap/photo-files/23172,2025-09-26,,noaa_seed_data,Region1_Site0114,20
seed_23173,35.732954,-75.49987,plastic,low,https://portal.diver.orr.noaa.gov/pentaho/mdmap/photo-files/23173,2025-10-01,,noaa_seed_data,Region2_Site0098,0
seed_23174,33.899297,-78.065749,plastic,low,,2025-08-30,,noaa_seed_data,Region3_Site0067,3
seed_23176,19.7815,-156.041063,plastic,low,https://portal.diver.orr.noaa.gov/pentaho/mdmap/photo-files/23176,2025-09-19,,noaa_seed_data,Region9_Site0113,8
seed_23177,19.885801,-155.907663,plastic,low,https://portal.diver.orr.noaa.gov/pentaho/mdmap/photo-files/23177,2025-09-19,,noaa_seed_data,Region9_Site0005,14
seed_23178,27.1912,-97.36655,plastic,high,,2025-07-15,,noaa_seed_data,Mile Marker 16 - PINS,632
seed_23180,27.43961,-97.29113,plastic,high,,2025-07-16,,noaa_seed_data,Ranger Road - PINS,226
seed_23181,43.795866,-124.172324,plastic,low,https://portal.diver.orr.noaa.gov/pentaho/mdmap/photo-files/23181,2025-09-17,,noaa_seed_data,Region7_Site0088,1
seed_23182,27.46608,-97.31411,plastic,medium,,2025-07-16,,noaa_seed_data,Bird Island Basin - PINS,19
seed_23183,28.0659348,-97.2172729,plastic,high,,2025-07-17,,noaa_seed_data,Egery Flats Location One,210
seed_23184,28.0657901,-97.217523,plastic,high,,2025-07-17,,noaa_seed_data,Egery Flats Location Two,260
seed_23189,38.13005,20.49235,plastic,medium,,2025-10-04,,noaa_seed_data,Minies 1,56
seed_23190,38.42734,-75.05242,plastic,low,https://portal.diver.orr.noaa.gov/pentaho/mdmap/photo-files/23190,2025-10-05,,noaa_seed_data,Region2_Site0026,3
seed_23191,38.880328,-75.267344,plastic,medium,https://portal.diver.orr.noaa.gov/pentaho/mdmap/photo-files/23191,2025-10-05,,noaa_seed_data,Region2_Site0171,16
seed_23192,35.406885,-75.485591,plastic,low,https://portal.diver.orr.noaa.gov/pentaho/mdmap/photo-files/23192,2025-10-01,,noaa_seed_data,Region2_Site0233,4
seed_23193,37.996172,-75.883961,plastic,low,https://portal.diver.orr.noaa.gov/pentaho/mdmap/photo-files/23193,2025-10-04,,noaa_seed_data,Region2_Site0329,4
seed_23194,37.84135,-75.998088,plastic,low,https://portal.diver.orr.noaa.gov/pentaho/mdmap/photo-files/23194,2025-10-04,,noaa_seed_data,Region2_Site0009,11
seed_23195,44.612487,-124.071743,plastic,medium,,2025-10-05,,noaa_seed_data,South Beach State Park-South Jetty,63
seed_23196,41.426125,-82.364406,plastic,medium,,2025-09-10,,noaa_seed_data,Main Street Beach,34
seed_23197,41.515305,-82.9345512,plastic,medium,https://portal.diver.orr.noaa.gov/pentaho/mdmap/photo-files/23197,2025-10-07,,noaa_seed_data,Port Clinton City Beach West,31
seed_23198,38.11809,20.493468,plastic,high,,2025-10-07,,noaa_seed_data,Cape St Nick 1,121
seed_23199,35.173005,-75.804367,plastic,low,https://portal.diver.orr.noaa.gov/pentaho/mdmap/photo-files/23199,2025-10-03,,noaa_seed_data,Region2_Site0057,2
seed_23200,41.514656,-82.924116,plastic,medium,https://portal.diver.orr.noaa.gov/pentaho/mdmap/photo-files/23200,2025-10-07,,noaa_seed_data,Port Clinton City Beach - OWC,33
seed_23201,34.856265,-76.313456,plastic,low,https://portal.diver.orr.noaa.gov/pentaho/mdmap/photo-files/23201,2025-10-07,,noaa_seed_data,Region2_Site0125,0
seed_23202,27.715286,-97.32142,plastic,low,https://portal.diver.orr.noaa.gov/pentaho/mdmap/photo-files/23202,2025-10-03,,noaa_seed_data,Region5_Site0068,4
seed_23203,27.229581,-97.35927,plastic,high,https://portal.diver.orr.noaa.gov/pentaho/mdmap/photo-files/23203,2025-10-01,,noaa_seed_data,Region5_Site0052,77
seed_23204,26.971947,-97.376972,plastic,high,https://portal.diver.orr.noaa.gov/pentaho/mdmap/photo-files/23204,2025-10-01,,noaa_seed_data,Region5_Site0175,114
seed_23205,27.022774,-97.379167,plastic,high,https://portal.diver.orr.noaa.gov/pentaho/mdmap/photo-files/23205,2025-10-01,,noaa_seed_data,Region5_Site0047,91
seed_23206,28.088254,-96.819975,plastic,high,https://portal.diver.orr.noaa.gov/pentaho/mdmap/photo-files/23206,2025-09-30,,noaa_seed_data,Region5_Site0172,315
seed_23207,28.789297,-95.576532,plastic,high,https://portal.diver.orr.noaa.gov/pentaho/mdmap/photo-files/23207,2025-09-27,,noaa_seed_data,Region5_Site0110,100
seed_23208,27.370195,-97.318543,plastic,high,https://portal.diver.orr.noaa.gov/pentaho/mdmap/photo-files/23208,2025-09-30,,noaa_seed_data,Region5_Site0164,69
seed_23209,26.388103,-97.218707,plastic,high,https://portal.diver.orr.noaa.gov/pentaho/mdmap/photo-files/23209,2025-10-02,,noaa_seed_data,Region5_Site0079,65
seed_23210,26.06409,-97.165143,plastic,medium,https://portal.diver.orr.noaa.gov/pentaho/mdmap/photo-files/23210,2025-10-02,,noaa_seed_data,Region5_Site0159,23
seed_23213,20.669661,-156.44273,plastic,medium,https://portal.diver.orr.noaa.gov/pentaho/mdmap/photo-files/23213,2025-09-30,,noaa_seed_data,Region9_Site0033,16
seed_23215,45.169429,-85.632452,plastic,medium,https://portal.diver.orr.noaa.gov/pentaho/mdmap/photo-files/23215,2025-09-25,,noaa_seed_data,Region10_Site0031,22
seed_23216,44.957173,-85.940911,plastic,low,https://portal.diver.orr.noaa.gov/pentaho/mdmap/photo-files/23216,2025-09-25,,noaa_seed_data,Region10_Site0127,5
seed_23217,44.725278,-86.164228,plastic,low,https://portal.diver.orr.noaa.gov/pentaho/mdmap/photo-files/23217,2025-09-25,,noaa_seed_data,Region10_Site0114,1
seed_23218,38.13005,20.49235,plastic,high,,2025-10-11,,noaa_seed_data,Minies 1,121
seed_23219,27.8370779,-97.0492185,plastic,high,,2025-08-05,,noaa_seed_data,South Jetty Location One,65
seed_23220,45.437538,-83.844449,plastic,low,https://portal.diver.orr.noaa.gov/pentaho/mdmap/photo-files/23220,2025-09-29,,noaa_seed_data,Region10_Site0118,12
seed_23221,44.248826,-83.459862,plastic,low,https://portal.diver.orr.noaa.gov/pentaho/mdmap/photo-files/23221,2025-09-29,,noaa_seed_data,Region10_Site0065,13
seed_23222,27.834376,-97.0441465,plastic,high,,2025-08-06,,noaa_seed_data,South Jetty Location Two,110
seed_23223,27.6819682,-97.1635221,plastic,high,,2025-08-07,,noaa_seed_data,Fish Pass - Mustang Island,305
seed_23224,27.43961,-97.29113,plastic,high,,2025-08-19,,noaa_seed_data,Ranger Road - PINS,109
seed_23225,27.46608,-97.31411,plastic,low,,2025-08-19,,noaa_seed_data,Bird Island Basin - PINS,8
seed_23226,27.1912,-97.36655,plastic,high,,2025-08-20,,noaa_seed_data,Mile Marker 16 - PINS,256
seed_23228,20.826973,-156.634015,plastic,high,https://portal.diver.orr.noaa.gov/pentaho/mdmap/photo-files/23228,2025-09-30,,noaa_seed_data,Region9_Site0054,72
seed_23230,54.98962,-131.33192,processed-lumber,low,https://portal.diver.orr.noaa.gov/pentaho/mdmap/photo-files/23230,2025-10-12,,noaa_seed_data,Region8_Site0018,4
seed_23231,20.792895,-156.568637,plastic,medium,https://portal.diver.orr.noaa.gov/pentaho/mdmap/photo-files/23231,2025-09-30,,noaa_seed_data,Region9_Site0078,47
seed_23237,35.726029,-75.497008,plastic,low,https://portal.diver.orr.noaa.gov/pentaho/mdmap/photo-files/23237,2025-10-03,,noaa_seed_data,Region2_Site0354,0
seed_23240,28.0659348,-97.2172729,plastic,high,,2025-08-21,,noaa_seed_data,Egery Flats Location One,123
seed_23241,34.676059,-76.484091,plastic,low,https://portal.diver.orr.noaa.gov/pentaho/mdmap/photo-files/23241,2025-10-07,,noaa_seed_data,Region2_Site0189,0
seed_23251,46.966134,-90.534997,processed-lumber,low,https://portal.diver.orr.noaa.gov/pentaho/mdmap/photo-files/23251,2025-09-28,,noaa_seed_data,Region10_Site0110,2
seed_23252,46.9387,-90.955433,plastic,low,https://portal.diver.orr.noaa.gov/pentaho/mdmap/photo-files/23252,2025-09-28,,noaa_seed_data,Region10_Site0046,0
seed_23254,29.334012,-94.780574,plastic,high,https://portal.diver.orr.noaa.gov/pentaho/mdmap/photo-files/23254,2025-10-08,,noaa_seed_data,Seawolf Park,66
seed_23263,46.214249,-124.004412,plastic,medium,https://portal.diver.orr.noaa.gov/pentaho/mdmap/photo-files/23263,2025-10-18,,noaa_seed_data,Fort Stevens,18
seed_23265,45.02106,-124.00958,plastic,high,,2025-10-08,,noaa_seed_data,Roads End Point,178
seed_23267,44.612487,-124.071743,plastic,low,,2025-10-20,,noaa_seed_data,South Beach State Park-South Jetty,0
seed_23271,41.58593,-81.567,plastic,high,https://portal.diver.orr.noaa.gov/pentaho/mdmap/photo-files/23271,2025-10-19,,noaa_seed_data,WVP Euclid Beach,71
seed_23273,21.506762,-157.85068,plastic,low,https://portal.diver.orr.noaa.gov/pentaho/mdmap/photo-files/23273,2025-10-08,,noaa_seed_data,Region9_Site0026,14
seed_23274,38.042154,-75.231179,plastic,low,https://portal.diver.orr.noaa.gov/pentaho/mdmap/photo-files/23274,2025-10-09,,noaa_seed_data,Region2_Site0058,3
seed_23275,38.269541,-75.121142,plastic,low,https://portal.diver.orr.noaa.gov/pentaho/mdmap/photo-files/23275,2025-10-08,,noaa_seed_data,Region2_Site0154,2
seed_23276,40.083249,-74.870251,glass,high,,2025-10-21,,noaa_seed_data,Burlington Bristol Bridge,87
seed_23284,58.16428585,-152.067432,plastic,low,https://portal.diver.orr.noaa.gov/pentaho/mdmap/photo-files/23284,2025-10-09,,noaa_seed_data,Region8_Site0033,0
seed_23285,49.312182,-124.212981,plastic,low,https://portal.diver.orr.noaa.gov/pentaho/mdmap/photo-files/23285,2025-10-06,,noaa_seed_data,Beachcombers Beach (Nanoose Bay),5
seed_23292,28.0657901,-97.217523,plastic,high,,2025-08-21,,noaa_seed_data,Egery Flats Location Two,102
seed_23294,59.93997,-139.35561,plastic,low,https://portal.diver.orr.noaa.gov/pentaho/mdmap/photo-files/23294,2025-10-10,,noaa_seed_data,Region8_Site0023,0
seed_23295,41.695599,-70.755838,plastic,low,https://portal.diver.orr.noaa.gov/pentaho/mdmap/photo-files/23295,2025-10-22,,noaa_seed_data,Region2_Site0295,3
seed_23296,41.368738,-70.44905,plastic,low,https://portal.diver.orr.noaa.gov/pentaho/mdmap/photo-files/23296,2025-10-23,,noaa_seed_data,Region2_Site0743,4
seed_23297,57.241063,-134.844601,plastic,low,https://portal.diver.orr.noaa.gov/pentaho/mdmap/photo-files/23297,2025-10-11,,noaa_seed_data,Region8_Site0014,0
seed_23298,41.596184,-70.83856,plastic,low,https://portal.diver.orr.noaa.gov/pentaho/mdmap/photo-files/23298,2025-10-23,,noaa_seed_data,Region2_Site0215,12
seed_23299,48.51858,-122.62387,plastic,low,,2025-10-23,,noaa_seed_data,Kiwanis Waterfront Beach,10
seed_23301,57.771801,-134.053652,plastic,low,https://portal.diver.orr.noaa.gov/pentaho/mdmap/photo-files/23301,2025-10-11,,noaa_seed_data,Region8_Site0030,0
seed_23303,38.13005,20.49235,plastic,high,,2025-10-23,,noaa_seed_data,Minies 1,72
seed_23304,29.36644,-94.813126,plastic,medium,https://portal.diver.orr.noaa.gov/pentaho/mdmap/photo-files/23304,2025-10-22,,noaa_seed_data,Texas City Dike,58
seed_23306,29.37183,-94.8285,plastic,medium,https://portal.diver.orr.noaa.gov/pentaho/mdmap/photo-files/23306,2025-10-22,,noaa_seed_data,Texas City Dike (North),49
seed_23307,57.794302,-134.71904,plastic,low,https://portal.diver.orr.noaa.gov/pentaho/mdmap/photo-files/23307,2025-10-11,,noaa_seed_data,Region8_Site0046,2
seed_23308,41.47341,-82.17144,plastic,high,,2025-10-17,,noaa_seed_data,Harborwalk,176
seed_23309,41.38435,-82.51541,plastic,low,,2025-10-21,,noaa_seed_data,Old Woman Creek Beach,3
seed_23310,27.8370779,-97.0492185,plastic,medium,,2025-09-02,,noaa_seed_data,South Jetty Location One,42
seed_23311,27.834376,-97.0441465,plastic,medium,,2025-09-03,,noaa_seed_data,South Jetty Location Two,58
seed_23312,41.426125,-82.364406,plastic,medium,,2025-10-29,,noaa_seed_data,Main Street Beach,25
seed_23313,27.6819682,-97.1635221,plastic,high,,2025-09-04,,noaa_seed_data,Fish Pass - Mustang Island,264
seed_23314,28.0659348,-97.2172729,plastic,high,,2025-09-16,,noaa_seed_data,Egery Flats Location One,86
seed_23315,28.0657901,-97.217523,plastic,medium,,2025-09-16,,noaa_seed_data,Egery Flats Location Two,35
seed_23316,55.669197,-132.494482,metal,medium,https://portal.diver.orr.noaa.gov/pentaho/mdmap/photo-files/23316,2025-10-12,,noaa_seed_data,Region8_Site0034,36
seed_23320,27.20474,-97.38977,plastic,medium,,2025-08-20,,noaa_seed_data,Yarborough Pass - PINS,53
seed_23321,27.20474,-97.38977,plastic,medium,,2025-09-17,,noaa_seed_data,Yarborough Pass - PINS,58
seed_23322,27.1912,-97.36655,plastic,high,,2025-09-17,,noaa_seed_data,Mile Marker 16 - PINS,493
seed_23323,27.43961,-97.29113,plastic,high,,2025-09-18,,noaa_seed_data,Ranger Road - PINS,272
seed_23325,-14.247793,-170.574877,plastic,medium,https://portal.diver.orr.noaa.gov/pentaho/mdmap/photo-files/23325,2025-10-22,,noaa_seed_data,Region9_Site0183,38
seed_23326,22.224099,-159.446172,plastic,low,https://portal.diver.orr.noaa.gov/pentaho/mdmap/photo-files/23326,2025-10-17,,noaa_seed_data,Region9_Site0070,9
seed_23327,58.867872,-159.992455,plastic,low,https://portal.diver.orr.noaa.gov/pentaho/mdmap/photo-files/23327,2025-10-16,,noaa_seed_data,Region8_Site0008,1
seed_23330,-14.289181,-170.661123,other,high,https://portal.diver.orr.noaa.gov/pentaho/mdmap/photo-files/23330,2025-10-22,,noaa_seed_data,Region9_Site0139,411
seed_23331,45.362691,-123.971452,plastic,low,,2025-10-26,,noaa_seed_data,Cape Lookout,8
seed_23332,45.4390889,-123.9525678,plastic,high,,2025-10-27,,noaa_seed_data,Happy Camp Beach,77
seed_23334,29.334515,-94.742273,plastic,high,,2025-11-01,,noaa_seed_data,East End Shipping Channel,186
seed_23335,18.45185,-65.959357,plastic,high,https://portal.diver.orr.noaa.gov/pentaho/mdmap/photo-files/23335,2025-11-02,,noaa_seed_data,Region4_Site0257,125
seed_23336,55.0984,-160.09616,processed-lumber,low,https://portal.diver.orr.noaa.gov/pentaho/mdmap/photo-files/23336,2025-10-18,,noaa_seed_data,Region8_Site0015,2
seed_23338,55.256674,-162.705583,plastic,low,https://portal.diver.orr.noaa.gov/pentaho/mdmap/photo-files/23338,2025-10-17,,noaa_seed_data,Region8_Site0011,1
seed_23341,-14.295918,-170.752268,plastic,low,https://portal.diver.orr.noaa.gov/pentaho/mdmap/photo-files/23341,2025-10-23,,noaa_seed_data,Region9_Site0107,0
seed_23342,18.47589,-66.320955,plastic,medium,https://portal.diver.orr.noaa.gov/pentaho/mdmap/photo-files/23342,2025-11-01,,noaa_seed_data,Region4_Site0001,25
seed_23346,36.582617,-121.968115,processed-lumber,low,https://portal.diver.orr.noaa.gov/pentaho/mdmap/photo-files/23346,2025-10-21,,noaa_seed_data,Fan Shell Beach,1
seed_23347,56.554712,-157.025415,plastic,low,https://portal.diver.orr.noaa.gov/pentaho/mdmap/photo-files/23347,2025-10-20,,noaa_seed_data,Region8_Site0059,10
seed_23351,58.701075,-158.337595,plastic,low,https://portal.diver.orr.noaa.gov/pentaho/mdmap/photo-files/23351,2025-10-16,,noaa_seed_data,Region8_Site0072,3
seed_23352,-14.292891,-170.800653,plastic,low,https://portal.diver.orr.noaa.gov/pentaho/mdmap/photo-files/23352,2025-10-23,,noaa_seed_data,Region9_Site0155,1
seed_23353,48.53107,-122.97342,processed-lumber,low,https://portal.diver.orr.noaa.gov/pentaho/mdmap/photo-files/23353,2025-10-21,,noaa_seed_data,Turn Island Marine State Park,12
seed_23354,41.515305,-82.9345512,plastic,medium,https://portal.diver.orr.noaa.gov/pentaho/mdmap/photo-files/23354,2025-11-04,,noaa_seed_data,Port Clinton City Beach West,30
seed_23359,41.514656,-82.924116,glass,high,https://portal.diver.orr.noaa.gov/pentaho/mdmap/photo-files/23359,2025-11-04,,noaa_seed_data,Port Clinton City Beach - OWC,157
seed_23361,49.355038,-124.365214,plastic,low,,2025-11-02,,noaa_seed_data,Columbia Beach,6
seed_23362,42.073357,-70.648038,metal,low,https://portal.diver.orr.noaa.gov/pentaho/mdmap/photo-files/23362,2025-10-30,,noaa_seed_data,Region1_Site0082,1
seed_23363,42.303322,-71.01452,plastic,low,https://portal.diver.orr.noaa.gov/pentaho/mdmap/photo-files/23363,2025-10-30,,noaa_seed_data,Region1_Site0050,4
seed_23364,42.392319,-70.980986,plastic,low,https://portal.diver.orr.noaa.gov/pentaho/mdmap/photo-files/23364,2025-10-30,,noaa_seed_data,Region1_Site0034,11
seed_23365,42.507356,-70.883719,processed-lumber,low,https://portal.diver.orr.noaa.gov/pentaho/mdmap/photo-files/23365,2025-10-30,,noaa_seed_data,Region1_Site0022,1
seed_23366,41.740432,-70.222802,plastic,low,https://portal.diver.orr.noaa.gov/pentaho/mdmap/photo-files/23366,2025-10-29,,noaa_seed_data,Region1_Site0125,0
seed_23367,41.663595,-70.081906,plastic,low,https://portal.diver.orr.noaa.gov/pentaho/mdmap/photo-files/23367,2025-10-29,,noaa_seed_data,Region1_Site0061,1
seed_23368,41.884367,-70.066107,plastic,low,https://portal.diver.orr.noaa.gov/pentaho/mdmap/photo-files/23368,2025-10-28,,noaa_seed_data,Region1_Site0002,0
seed_23369,41.736754,-70.353005,plastic,low,https://portal.diver.orr.noaa.gov/pentaho/mdmap/photo-files/23369,2025-10-27,,noaa_seed_data,Region1_Site0066,5
seed_23370,41.732264,-70.285575,plastic,low,https://portal.diver.orr.noaa.gov/pentaho/mdmap/photo-files/23370,2025-10-27,,noaa_seed_data,Region1_Site0317,3
seed_23371,41.151053,-73.110634,plastic,medium,https://portal.diver.orr.noaa.gov/pentaho/mdmap/photo-files/23371,2025-11-03,,noaa_seed_data,Region2_Site0211,19
seed_23372,41.245312,-72.868574,plastic,low,https://portal.diver.orr.noaa.gov/pentaho/mdmap/photo-files/23372,2025-11-03,,noaa_seed_data,Region2_Site0339,9
seed_23373,40.39721,-73.975129,plastic,low,https://portal.diver.orr.noaa.gov/pentaho/mdmap/photo-files/23373,2025-11-03,,noaa_seed_data,Region2_Site0064,6
seed_23374,40.251585,-73.989719,plastic,low,https://portal.diver.orr.noaa.gov/pentaho/mdmap/photo-files/23374,2025-11-04,,noaa_seed_data,Region2_Site0223,2
seed_23375,39.519313,-74.278467,plastic,low,https://portal.diver.orr.noaa.gov/pentaho/mdmap/photo-files/23375,2025-11-04,,noaa_seed_data,Region2_Site0255,6
seed_23376,40.635319,-73.211291,plastic,low,https://portal.diver.orr.noaa.gov/pentaho/mdmap/photo-files/23376,2025-11-05,,noaa_seed_data,Region2_Site0099,12
seed_23377,40.911991,-72.597889,plastic,low,https://portal.diver.orr.noaa.gov/pentaho/mdmap/photo-files/23377,2025-11-06,,noaa_seed_data,Region2_Site0675,0
seed_23378,40.78274,-72.775404,plastic,low,https://portal.diver.orr.noaa.gov/pentaho/mdmap/photo-files/23378,2025-11-06,,noaa_seed_data,Region2_Site0051,2
seed_23379,42.055019,-70.231626,plastic,low,https://portal.diver.orr.noaa.gov/pentaho/mdmap/photo-files/23379,2025-10-28,,noaa_seed_data,Region1_Site0130,9
seed_23380,48.416352,-122.651372,plastic,medium,,2025-10-21,,noaa_seed_data,Bowman Bay,22
seed_23382,41.426125,-82.364406,plastic,high,,2025-11-09,,noaa_seed_data,Main Street Beach,167
seed_23383,41.707971,-69.932403,plastic,low,https://portal.diver.orr.noaa.gov/pentaho/mdmap/photo-files/23383,2025-10-27,,noaa_seed_data,Region1_Site0001,0
seed_23384,27.8370779,-97.0492185,plastic,high,,2025-10-07,,noaa_seed_data,South Jetty Location One,71
seed_23386,22.223365,-159.415685,plastic,low,https://portal.diver.orr.noaa.gov/pentaho/mdmap/photo-files/23386,2025-10-30,,noaa_seed_data,Region9_Site0114,2
seed_23387,21.576862,-157.881554,glass,high,https://portal.diver.orr.noaa.gov/pentaho/mdmap/photo-files/23387,2025-10-31,,noaa_seed_data,Region9_Site0202,65
seed_23388,46.214249,-124.004412,plastic,medium,https://portal.diver.orr.noaa.gov/pentaho/mdmap/photo-files/23388,2025-11-10,,noaa_seed_data,Fort Stevens,27
seed_23389,27.6819682,-97.1635221,plastic,high,,2025-10-09,,noaa_seed_data,Fish Pass - Mustang Island,254
seed_23390,27.834376,-97.0441465,plastic,high,,2025-10-14,,noaa_seed_data,South Jetty Location Two,100
seed_23391,18.326652,-64.93055,plastic,high,https://portal.diver.orr.noaa.gov/pentaho/mdmap/photo-files/23391,2025-11-09,,noaa_seed_data,Region4_Site0177,133
seed_23392,18.363505,-64.73005,plastic,low,https://portal.diver.orr.noaa.gov/pentaho/mdmap/photo-files/23392,2025-11-10,,noaa_seed_data,Region4_Site0241,3
seed_23396,48.367397,-124.621135,plastic,high,,2025-10-30,,noaa_seed_data,Front Beach - Neah Bay,165
seed_23397,41.58593,-81.567,plastic,high,https://portal.diver.orr.noaa.gov/pentaho/mdmap/photo-files/23397,2025-11-16,,noaa_seed_data,WVP Euclid Beach,292
seed_23401,41.47341,-82.17144,plastic,high,,2025-11-13,,noaa_seed_data,Harborwalk,75
seed_23402,39.9135102,-74.0759494,plastic,low,,2025-11-05,,noaa_seed_data,Seaside Park @ 13th Ave,7
seed_23403,40.2192115,-73.9989961,plastic,high,,2025-10-07,,noaa_seed_data,Asbury Park @ 1st Ave,86
seed_23404,41.679516,-71.281028,glass,high,https://portal.diver.orr.noaa.gov/pentaho/mdmap/photo-files/23404,2025-11-17,,noaa_seed_data,Region2_Site0199,636
seed_23405,45.02106,-124.00958,plastic,low,https://portal.diver.orr.noaa.gov/pentaho/mdmap/photo-files/23405,2025-11-09,,noaa_seed_data,Roads End Point,3
seed_23406,28.0659348,-97.2172729,plastic,high,,2025-10-28,,noaa_seed_data,Egery Flats Location One,97
seed_23407,28.0657901,-97.217523,plastic,medium,,2025-10-28,,noaa_seed_data,Egery Flats Location Two,51
seed_23408,41.38435,-82.51541,plastic,low,https://portal.diver.orr.noaa.gov/pentaho/mdmap/photo-files/23408,2025-11-17,,noaa_seed_data,Old Woman Creek Beach,0
seed_23409,45.4390889,-123.9525678,plastic,medium,https://portal.diver.orr.noaa.gov/pentaho/mdmap/photo-files/23409,2025-11-15,,noaa_seed_data,Happy Camp Beach,58
seed_23410,46.436928,-124.059664,plastic,low,,2025-10-30,,noaa_seed_data,Klipsan,5
seed_23411,27.1912,-97.36655,plastic,high,,2025-10-29,,noaa_seed_data,Mile Marker 16 - PINS,392
seed_23412,48.51858,-122.62387,other,low,,2025-11-20,,noaa_seed_data,Kiwanis Waterfront Beach,10
seed_23413,27.20474,-97.38977,plastic,medium,,2025-10-29,,noaa_seed_data,Yarborough Pass - PINS,51
seed_23414,18.973919,-155.599356,plastic,high,https://portal.diver.orr.noaa.gov/pentaho/mdmap/photo-files/23414,2025-06-14,,noaa_seed_data,Kamilo Point (Kamilo Pae Kanaka),274
seed_23415,18.973919,-155.599356,plastic,high,https://portal.diver.orr.noaa.gov/pentaho/mdmap/photo-files/23415,2025-09-20,,noaa_seed_data,Kamilo Point (Kamilo Pae Kanaka),763
seed_23416,45.048333,-83.443889,plastic,medium,https://portal.diver.orr.noaa.gov/pentaho/mdmap/photo-files/23416,2025-11-12,,noaa_seed_data,Starlite Beach,35
seed_23417,44.855154,-83.321418,plastic,low,https://portal.diver.orr.noaa.gov/pentaho/mdmap/photo-files/23417,2025-11-12,,noaa_seed_data,Negwegon State Park,5
seed_23418,45.245,-83.412805,plastic,low,https://portal.diver.orr.noaa.gov/pentaho/mdmap/photo-files/23418,2025-11-17,,noaa_seed_data,Besser Natural Area,2
seed_23419,45.033535,-83.308411,plastic,low,https://portal.diver.orr.noaa.gov/pentaho/mdmap/photo-files/23419,2025-11-17,,noaa_seed_data,North Point Nature Preserve,4
seed_23420,44.92472,-83.418056,plastic,medium,https://portal.diver.orr.noaa.gov/pentaho/mdmap/photo-files/23420,2025-11-12,,noaa_seed_data,Ossineke Beach,16
seed_23423,29.334012,-94.780574,plastic,high,https://portal.diver.orr.noaa.gov/pentaho/mdmap/photo-files/23423,2025-11-05,,noaa_seed_data,Seawolf Park,127
seed_23424,29.36644,-94.813126,plastic,medium,https://portal.diver.orr.noaa.gov/pentaho/mdmap/photo-files/23424,2025-11-19,,noaa_seed_data,Texas City Dike,49
seed_23425,29.37183,-94.8285,plastic,medium,https://portal.diver.orr.noaa.gov/pentaho/mdmap/photo-files/23425,2025-11-19,,noaa_seed_data,Texas City Dike (North),25
seed_23430,39.2622831,-74.5912882,plastic,low,,2025-11-14,,noaa_seed_data,Ocean City @ 22nd St,4
seed_23431,39.154934,-74.6880469,metal,low,,2025-11-19,,noaa_seed_data,Sea Isle City @ 40th St,8
seed_23433,39.341193,-74.465616,plastic,medium,,2025-11-18,,noaa_seed_data,Ventnor @ S. Austin Ave,52
seed_23434,39.4205997,-74.3474627,plastic,low,,2025-11-18,,noaa_seed_data,Brigantine @ North Beach,2
seed_23435,39.7030929,-74.1331475,plastic,low,,2025-11-12,,noaa_seed_data,Harvey Cedars @ E 75th St,1
seed_23436,39.584204,-74.2191046,plastic,low,,2025-11-12,,noaa_seed_data,Beach Haven @ New Jersey Ave,11
seed_23438,39.8495065,-74.0854732,plastic,low,,2025-10-27,,noaa_seed_data,Island Beach State Park @ Swimming Area 2,10
seed_23440,41.38445,-82.51518,plastic,medium,https://portal.diver.orr.noaa.gov/pentaho/mdmap/photo-files/23440,2025-11-29,,noaa_seed_data,Old Woman Creek ,24
seed_23443,30.23167,-88.01822,plastic,low,,2025-11-21,,noaa_seed_data,Fort Morgan Fort Entrance,9
seed_23444,30.2279111209,-87.83247046,plastic,low,,2025-11-21,,noaa_seed_data,Mobile Street,5
seed_23445,30.268611,-87.582778,plastic,low,,2025-11-24,,noaa_seed_data,Cotton Bayou Beach access,8
seed_23446,22.334222,120.359761,plastic,high,https://portal.diver.orr.noaa.gov/pentaho/mdmap/photo-files/23446,2025-11-21,,noaa_seed_data,"Venice Beach (威尼斯沙灘), between the two stair access.",214
seed_23447,45.792356,-123.968265,plastic,medium,,2025-10-07,,noaa_seed_data,Cape Falcon Marine Reserve: Arch Cape,27
seed_23449,27.43961,-97.29113,plastic,high,,2025-10-30,,noaa_seed_data,Ranger Road - PINS,142
seed_23450,27.46608,-97.31411,plastic,medium,,2025-10-30,,noaa_seed_data,Bird Island Basin - PINS,15
seed_23451,27.8370779,-97.0492185,plastic,medium,,2025-11-04,,noaa_seed_data,South Jetty Location One,59
seed_23452,27.834376,-97.0441465,plastic,high,,2025-11-05,,noaa_seed_data,South Jetty Location Two,116
seed_23454,27.6819682,-97.1635221,plastic,high,,2025-11-06,,noaa_seed_data,Fish Pass - Mustang Island,191
seed_23455,27.1912,-97.36655,plastic,high,,2025-11-18,,noaa_seed_data,Mile Marker 16 - PINS,311
seed_23456,27.20474,-97.38977,plastic,medium,,2025-11-18,,noaa_seed_data,Yarborough Pass - PINS,30
seed_23457,27.43961,-97.29113,plastic,high,,2025-11-19,,noaa_seed_data,Ranger Road - PINS,134
seed_23458,27.46608,-97.31411,plastic,medium,,2025-11-19,,noaa_seed_data,Bird Island Basin - PINS,17
seed_23459,28.0659348,-97.2172729,plastic,high,,2025-11-20,,noaa_seed_data,Egery Flats Location One,233
seed_23460,28.0657901,-97.217523,plastic,high,,2025-11-20,,noaa_seed_data,Egery Flats Location Two,94
seed_23461,38.9591921,-74.8411273,plastic,medium,,2025-12-02,,noaa_seed_data,Wildwood Crest @ E Topeka Ave,27
seed_23462,39.0433049,-74.7606781,plastic,low,,2025-12-02,,noaa_seed_data,Stone Harbor @ 108th St,11
seed_23463,40.4181181,-73.980795,plastic,high,,2025-12-01,,noaa_seed_data,Sandy Hook @ C Beach,67
seed_23464,40.2951422,-73.9788222,plastic,medium,,2025-12-03,,noaa_seed_data,Long Branch @ Ocean Ave N,18
seed_23465,44.612487,-124.071743,plastic,high,https://portal.diver.orr.noaa.gov/pentaho/mdmap/photo-files/23465,2025-11-16,,noaa_seed_data,South Beach State Park-South Jetty,180
seed_23466,29.334012,-94.780574,plastic,high,https://portal.diver.orr.noaa.gov/pentaho/mdmap/photo-files/23466,2025-12-03,,noaa_seed_data,Seawolf Park,134
seed_23468,40.083249,-74.870251,glass,high,,2025-11-24,,noaa_seed_data,Burlington Bristol Bridge,98
seed_23470,44.751079,-124.064519,plastic,medium,,2025-11-10,,noaa_seed_data,Otter Rock Marine Reserve,27
seed_23475,40.0626748,-74.0429414,plastic,medium,,2025-12-08,,noaa_seed_data,Bay Head @ Johnson St,21
seed_23476,46.436928,-124.059664,plastic,low,,2025-09-29,,noaa_seed_data,Klipsan,8
seed_23477,41.515305,-82.9345512,plastic,low,https://portal.diver.orr.noaa.gov/pentaho/mdmap/photo-files/23477,2025-12-11,,noaa_seed_data,Port Clinton City Beach West,9
seed_23478,30.240266,-89.065789,plastic,low,https://portal.diver.orr.noaa.gov/pentaho/mdmap/photo-files/23478,2025-12-11,,noaa_seed_data,Region5_Site0186,7
seed_23479,29.891979,-88.8254,plastic,low,https://portal.diver.orr.noaa.gov/pentaho/mdmap/photo-files/23479,2025-12-11,,noaa_seed_data,Region5_Site0022,0
seed_23480,41.514656,-82.924116,plastic,medium,https://portal.diver.orr.noaa.gov/pentaho/mdmap/photo-files/23480,2025-12-11,,noaa_seed_data,Port Clinton City Beach - OWC,17
seed_23483,45.02106,-124.00958,plastic,high,https://portal.diver.orr.noaa.gov/pentaho/mdmap/photo-files/23483,2025-12-09,,noaa_seed_data,Roads End Point,93
seed_23498,46.436928,-124.059664,plastic,low,,2025-08-29,,noaa_seed_data,Klipsan,13
seed_23501,44.453267,-124.083248,plastic,medium,https://portal.diver.orr.noaa.gov/pentaho/mdmap/photo-files/23501,2025-12-12,,noaa_seed_data,Sandpiper Beach,60
seed_23502,46.214249,-124.004412,plastic,low,,2025-12-14,,noaa_seed_data,Fort Stevens,9
seed_23503,41.58593,-81.567,plastic,high,,2025-12-14,,noaa_seed_data,WVP Euclid Beach,150
seed_23504,48.367397,-124.621135,plastic,high,,2025-12-11,,noaa_seed_data,Front Beach - Neah Bay,137
seed_23509,30.211887,-88.41051,processed-lumber,low,https://portal.diver.orr.noaa.gov/pentaho/mdmap/photo-files/23509,2025-12-12,,noaa_seed_data,Region5_Site0202,1
seed_23527,45.4390889,-123.9525678,plastic,medium,,2025-12-13,,noaa_seed_data,Happy Camp Beach,43
seed_23532,40.1399129,-74.0248553,plastic,medium,,2025-12-18,,noaa_seed_data,Spring Lake @ York Ave,17
seed_23533,41.47341,-82.17144,plastic,high,,2025-12-18,,noaa_seed_data,Harborwalk,143
seed_23534,45.362691,-123.971452,plastic,low,,2025-11-28,,noaa_seed_data,Cape Lookout,1
seed_23537,13.494194,144.774646,glass,medium,https://portal.diver.orr.noaa.gov/pentaho/mdmap/photo-files/23537,2025-12-08,,noaa_seed_data,Region9_Site0220,59
seed_23543,41.426125,-82.364406,plastic,high,,2025-12-28,,noaa_seed_data,Main Street Beach,99
seed_23545,18.973919,-155.599356,plastic,high,https://portal.diver.orr.noaa.gov/pentaho/mdmap/photo-files/23545,2025-12-08,,noaa_seed_data,Kamilo Point (Kamilo Pae Kanaka),262
seed_23546,41.398301,-82.553409,plastic,medium,https://portal.diver.orr.noaa.gov/pentaho/mdmap/photo-files/23546,2025-12-17,,noaa_seed_data,"Lake Front Park Huron, Ohio",20
seed_23547,45.362691,-123.971452,plastic,low,,2025-12-28,,noaa_seed_data,Cape Lookout,0
seed_23548,26.4479,-80.05885,plastic,high,https://portal.diver.orr.noaa.gov/pentaho/mdmap/photo-files/23548,2025-12-31,,noaa_seed_data,Atlantic Dunes Park ,137
seed_23551,41.38445,-82.51518,plastic,low,https://portal.diver.orr.noaa.gov/pentaho/mdmap/photo-files/23551,2025-12-22,,noaa_seed_data,Old Woman Creek ,8
seed_23552,44.612487,-124.071743,plastic,high,,2025-12-21,,noaa_seed_data,South Beach State Park-South Jetty,134
seed_23558,63.539022,-162.311847,plastic,low,https://portal.diver.orr.noaa.gov/pentaho/mdmap/photo-files/23558,2025-11-07,,noaa_seed_data,Region8_Site0004,1
seed_23564,44.612487,-124.071743,plastic,high,,2026-01-21,,noaa_seed_data,South Beach State Park-South Jetty,85
seed_23566,29.334012,-94.780574,plastic,high,https://portal.diver.orr.noaa.gov/pentaho/mdmap/photo-files/23566,2026-01-07,,noaa_seed_data,Seawolf Park,143
seed_23568,29.31402,-94.821989,plastic,medium,https://portal.diver.orr.noaa.gov/pentaho/mdmap/photo-files/23568,2025-11-01,,noaa_seed_data,Shell Beach (TAMUG),35
seed_23574,41.41744,-82.389166,plastic,medium,https://portal.diver.orr.noaa.gov/pentaho/mdmap/photo-files/23574,2025-12-13,,noaa_seed_data,Sherod Park Shore,15
seed_23587,18.366331,-65.689191,plastic,high,,2026-01-04,,noaa_seed_data,Playa San Miguel WWE-CCI,241
seed_23588,26.5315,-97.26333,plastic,high,,2025-12-27,,noaa_seed_data,South Padre Island Mile Marker 23,155
seed_23593,48.367397,-124.621135,plastic,high,,2026-01-08,,noaa_seed_data,Front Beach - Neah Bay,97
seed_23594,29.07619,-80.92448,plastic,medium,,2025-03-20,,noaa_seed_data,Lighthouse Point Park II,16
seed_23595,29.07619,-80.92448,plastic,low,,2025-04-28,,noaa_seed_data,Lighthouse Point Park II,11
seed_23596,29.07619,-80.92448,plastic,medium,,2025-05-14,,noaa_seed_data,Lighthouse Point Park II,17
seed_23597,29.07619,-80.92448,plastic,medium,,2025-06-17,,noaa_seed_data,Lighthouse Point Park II,18
seed_23598,29.07619,-80.92448,plastic,medium,,2025-07-23,,noaa_seed_data,Lighthouse Point Park II,18
seed_23599,29.07619,-80.92448,plastic,low,,2025-08-25,,noaa_seed_data,Lighthouse Point Park II,13
seed_23600,29.07619,-80.92448,plastic,low,,2025-09-29,,noaa_seed_data,Lighthouse Point Park II,13
seed_23601,29.07619,-80.92448,plastic,low,,2025-10-21,,noaa_seed_data,Lighthouse Point Park II,13
seed_23602,29.07619,-80.92448,plastic,medium,,2025-11-21,,noaa_seed_data,Lighthouse Point Park II,19
seed_23621,28.132747,-82.824669,plastic,low,https://portal.diver.orr.noaa.gov/pentaho/mdmap/photo-files/23621,2025-12-24,,noaa_seed_data,Three Rooker Island (N),3
seed_23623,48.51858,-122.62387,processed-lumber,low,https://portal.diver.orr.noaa.gov/pentaho/mdmap/photo-files/23623,2026-01-17,,noaa_seed_data,Kiwanis Waterfront Beach,8
seed_23624,22.005821,-159.335868,plastic,high,,2025-09-30,,noaa_seed_data,"Nukolii Beach, Kauai",136
seed_23625,22.005821,-159.335868,plastic,high,,2025-12-30,,noaa_seed_data,"Nukolii Beach, Kauai",72
seed_23626,46.214249,-124.004412,plastic,medium,,2026-01-17,,noaa_seed_data,Fort Stevens,17
seed_23627,44.751079,-124.064519,plastic,high,,2026-01-11,,noaa_seed_data,Otter Rock Marine Reserve,205
seed_23631,31.839821,-116.611928,plastic,high,https://portal.diver.orr.noaa.gov/pentaho/mdmap/photo-files/23631,2026-01-19,,noaa_seed_data,Playa Hermosa,118
seed_23632,31.811449,-116.610084,plastic,high,https://portal.diver.orr.noaa.gov/pentaho/mdmap/photo-files/23632,2026-01-20,,noaa_seed_data,Playa Pacífica,93
seed_23633,26.5315,-97.26333,plastic,high,,2026-01-19,,noaa_seed_data,South Padre Island Mile Marker 23,132
seed_23634,46.436928,-124.059664,plastic,low,https://portal.diver.orr.noaa.gov/pentaho/mdmap/photo-files/23634,2025-11-28,,noaa_seed_data,Klipsan,8
seed_23636,45.02106,-124.00958,plastic,medium,,2026-01-09,,noaa_seed_data,Roads End Point,24
seed_23637,27.8370779,-97.0492185,plastic,medium,,2025-12-02,,noaa_seed_data,South Jetty Location One,31
seed_23638,27.834376,-97.0441465,plastic,high,,2025-12-03,,noaa_seed_data,South Jetty Location Two,171
seed_23639,27.1912,-97.36655,plastic,high,,2025-12-16,,noaa_seed_data,Mile Marker 16 - PINS,344
seed_23640,27.20474,-97.38977,plastic,high,,2025-12-16,,noaa_seed_data,Yarborough Pass - PINS,77
seed_23641,27.43961,-97.29113,plastic,high,,2025-12-17,,noaa_seed_data,Ranger Road - PINS,92
seed_23644,41.54375,-82.79031,plastic,low,,2025-12-22,,noaa_seed_data,East Harbour Channel Dunes Loop,3
seed_23653,44.340065,-124.09922,plastic,medium,,2026-02-03,,noaa_seed_data,Oregon Mile 196,20
seed_23654,45.362691,-123.971452,plastic,low,,2026-01-25,,noaa_seed_data,Cape Lookout,3
seed_23658,27.46608,-97.31411,plastic,medium,,2025-12-17,,noaa_seed_data,Bird Island Basin - PINS,15
seed_23659,28.0659348,-97.2172729,plastic,high,,2025-12-18,,noaa_seed_data,Egery Flats Location One,229
seed_23660,28.0657901,-97.217523,plastic,high,,2025-12-18,,noaa_seed_data,Egery Flats Location Two,131
seed_23667,26.4479,-80.05885,plastic,high,https://portal.diver.orr.noaa.gov/pentaho/mdmap/photo-files/23667,2026-02-08,,noaa_seed_data,Atlantic Dunes Park ,128
seed_23673,18.973919,-155.599356,plastic,high,https://portal.diver.orr.noaa.gov/pentaho/mdmap/photo-files/23673,2026-02-05,,noaa_seed_data,Kamilo Point (Kamilo Pae Kanaka),389
seed_23674,29.334515,-94.742273,plastic,high,,2026-02-07,,noaa_seed_data,East End Shipping Channel,339
seed_23675,46.436928,-124.059664,plastic,medium,https://portal.diver.orr.noaa.gov/pentaho/mdmap/photo-files/23675,2025-12-31,,noaa_seed_data,Klipsan,18
seed_23676,26.230814,-97.181711,plastic,medium,,2026-02-06,,noaa_seed_data,UTRGV 1-South,20
seed_23694,48.416352,-122.651372,plastic,low,,2026-02-16,,noaa_seed_data,Bowman Bay,14
seed_23696,45.02106,-124.00958,plastic,medium,,2026-02-09,,noaa_seed_data,Roads End Point,64
seed_23697,41.426125,-82.364406,plastic,medium,,2026-02-18,,noaa_seed_data,Main Street Beach,28
seed_23698,45.362691,-123.971452,plastic,low,,2026-02-15,,noaa_seed_data,Cape Lookout,0
seed_23699,41.514656,-82.924116,plastic,medium,https://portal.diver.orr.noaa.gov/pentaho/mdmap/photo-files/23699,2026-02-21,,noaa_seed_data,Port Clinton City Beach - OWC,33
seed_23700,41.515305,-82.9345512,plastic,medium,https://portal.diver.orr.noaa.gov/pentaho/mdmap/photo-files/23700,2026-02-21,,noaa_seed_data,Port Clinton City Beach West,33
seed_23701,46.214249,-124.004412,plastic,medium,,2026-02-19,,noaa_seed_data,Fort Stevens,27
seed_23713,39.8495065,-74.0854732,plastic,low,,2026-02-11,,noaa_seed_data,Island Beach State Park @ Swimming Area 2,5
seed_23714,39.584204,-74.2191046,plastic,medium,,2026-02-18,,noaa_seed_data,Beach Haven @ New Jersey Ave,35
seed_23715,39.7030929,-74.1331475,plastic,low,,2026-02-18,,noaa_seed_data,Harvey Cedars @ E 75th St,9
seed_23724,44.612487,-124.071743,plastic,high,,2026-02-24,,noaa_seed_data,South Beach State Park-South Jetty,227
seed_23736,41.54375,-82.79031,plastic,low,,2026-02-21,,noaa_seed_data,East Harbour Channel Dunes Loop,6
seed_23746,29.36644,-94.813126,plastic,high,https://portal.diver.orr.noaa.gov/pentaho/mdmap/photo-files/23746,2026-01-21,,noaa_seed_data,Texas City Dike,150
seed_23747,29.334012,-94.780574,plastic,high,https://portal.diver.orr.noaa.gov/pentaho/mdmap/photo-files/23747,2026-02-04,,noaa_seed_data,Seawolf Park,103
seed_23751,41.398301,-82.553409,plastic,medium,,2026-02-18,,noaa_seed_data,"Lake Front Park Huron, Ohio",38
seed_23752,46.436928,-124.059664,plastic,medium,https://portal.diver.orr.noaa.gov/pentaho/mdmap/photo-files/23752,2026-01-31,,noaa_seed_data,Klipsan,26
seed_23753,46.436928,-124.059664,plastic,medium,https://portal.diver.orr.noaa.gov/pentaho/mdmap/photo-files/23753,2026-02-27,,noaa_seed_data,Klipsan,17
seed_23758,41.426125,-82.364406,plastic,medium,,2026-03-08,,noaa_seed_data,Main Street Beach,43
seed_23759,26.5315,-97.26333,plastic,high,,2026-02-21,,noaa_seed_data,South Padre Island Mile Marker 23,95
seed_23760,39.9135102,-74.0759494,plastic,low,,2026-03-02,,noaa_seed_data,Seaside Park @ 13th Ave,1
seed_23762,40.0626748,-74.0429414,plastic,low,,2026-03-02,,noaa_seed_data,Bay Head @ Johnson St,11
seed_23763,40.1399129,-74.0248553,plastic,high,,2026-03-03,,noaa_seed_data,Spring Lake @ York Ave,174
seed_23764,40.2192115,-73.9989961,plastic,high,,2026-03-03,,noaa_seed_data,Asbury Park @ 1st Ave,97
seed_23767,26.14141,-97.16862,plastic,low,https://portal.diver.orr.noaa.gov/pentaho/mdmap/photo-files/23767,2026-02-28,,noaa_seed_data,South Padre Island Corral at Andie Bowie Park,14
seed_23782,27.8370779,-97.0492185,plastic,medium,,2026-01-06,,noaa_seed_data,South Jetty Location One,46
seed_23783,27.834376,-97.0441465,plastic,high,,2026-01-07,,noaa_seed_data,South Jetty Location Two,89
seed_23784,27.6819682,-97.1635221,plastic,high,,2026-01-08,,noaa_seed_data,Fish Pass - Mustang Island,222
seed_23785,27.1912,-97.36655,plastic,high,,2026-01-20,,noaa_seed_data,Mile Marker 16 - PINS,213
seed_23786,27.20474,-97.38977,plastic,high,,2026-01-20,,noaa_seed_data,Yarborough Pass - PINS,124
seed_23787,27.43961,-97.29113,plastic,high,,2026-01-21,,noaa_seed_data,Ranger Road - PINS,162
seed_23793,44.674755,-124.07733,plastic,medium,,2026-03-10,,noaa_seed_data,"Cobble Beach, Yaquina Head Outstanding Natural Area",63
seed_23799,29.36644,-94.813126,plastic,high,https://portal.diver.orr.noaa.gov/pentaho/mdmap/photo-files/23799,2026-02-18,,noaa_seed_data,Texas City Dike,70
seed_23803,41.41744,-82.389166,plastic,medium,https://portal.diver.orr.noaa.gov/pentaho/mdmap/photo-files/23803,2026-02-21,,noaa_seed_data,Sherod Park Shore,17
seed_23810,29.334515,-94.742273,plastic,high,,2026-03-07,,noaa_seed_data,East End Shipping Channel,180
seed_23814,45.02106,-124.00958,plastic,low,,2026-03-07,,noaa_seed_data,Roads End Point,2
seed_23815,40.4181181,-73.980795,plastic,high,,2026-03-17,,noaa_seed_data,Sandy Hook @ C Beach,80
seed_23816,44.612487,-124.071743,plastic,medium,,2026-03-08,,noaa_seed_data,South Beach State Park-South Jetty,33
seed_23822,45.792356,-123.968265,plastic,medium,https://portal.diver.orr.noaa.gov/pentaho/mdmap/photo-files/23822,2026-02-25,,noaa_seed_data,Cape Falcon Marine Reserve: Arch Cape,48
seed_23823,27.46608,-97.31411,plastic,medium,,2026-01-21,,noaa_seed_data,Bird Island Basin - PINS,27
seed_23824,28.0659348,-97.2172729,plastic,high,,2026-01-22,,noaa_seed_data,Egery Flats Location One,251
seed_23825,28.0657901,-97.217523,plastic,high,,2026-01-22,,noaa_seed_data,Egery Flats Location Two,111
seed_23826,27.8370779,-97.0492185,plastic,medium,,2026-02-03,,noaa_seed_data,South Jetty Location One,37
seed_23827,27.6819682,-97.1635221,plastic,high,,2026-02-06,,noaa_seed_data,Fish Pass - Mustang Island,474
seed_23828,27.834376,-97.0441465,plastic,high,,2026-02-10,,noaa_seed_data,South Jetty Location Two,116
seed_23829,27.1912,-97.36655,plastic,high,,2026-02-16,,noaa_seed_data,Mile Marker 16 - PINS,367
seed_23830,27.20474,-97.38977,plastic,high,,2026-02-16,,noaa_seed_data,Yarborough Pass - PINS,95
seed_23832,41.58593,-81.567,plastic,high,,2026-03-22,,noaa_seed_data,WVP Euclid Beach,1236
seed_23834,27.43961,-97.29113,plastic,high,,2026-02-25,,noaa_seed_data,Ranger Road - PINS,201
seed_23835,27.46608,-97.31411,plastic,low,,2026-02-25,,noaa_seed_data,Bird Island Basin - PINS,14
seed_23836,28.0657901,-97.217523,plastic,medium,,2026-02-26,,noaa_seed_data,Egery Flats Location Two,47
seed_23841,41.514656,-82.924116,glass,high,,2026-03-25,,noaa_seed_data,Port Clinton City Beach - OWC,84
seed_23842,41.515305,-82.9345512,plastic,medium,https://portal.diver.orr.noaa.gov/pentaho/mdmap/photo-files/23842,2026-03-25,,noaa_seed_data,Port Clinton City Beach West,25
seed_23843,40.2951422,-73.9788222,plastic,high,,2026-03-17,,noaa_seed_data,Long Branch @ Ocean Ave N,82
seed_23845,38.9591921,-74.8411273,plastic,high,,2026-03-18,,noaa_seed_data,Wildwood Crest @ E Topeka Ave,107
seed_23846,39.0433049,-74.7606781,metal,low,,2026-03-18,,noaa_seed_data,Stone Harbor @ 108th St,3
seed_23847,39.154934,-74.6880469,plastic,low,,2026-03-17,,noaa_seed_data,Sea Isle City @ 40th St,5
seed_23848,39.2622831,-74.5912882,plastic,medium,,2026-03-17,,noaa_seed_data,Ocean City @ 22nd St,18
seed_23849,39.341193,-74.465616,plastic,medium,,2026-03-12,,noaa_seed_data,Ventnor @ S. Austin Ave,35
seed_23850,39.4205997,-74.3474627,plastic,low,,2026-03-12,,noaa_seed_data,Brigantine @ North Beach,7
seed_23851,44.340065,-124.09922,plastic,low,,2026-03-26,,noaa_seed_data,Oregon Mile 196,3
seed_23852,45.792356,-123.968265,plastic,medium,https://portal.diver.orr.noaa.gov/pentaho/mdmap/photo-files/23852,2026-03-25,,noaa_seed_data,Cape Falcon Marine Reserve: Arch Cape,20
seed_23853,46.214249,-124.004412,plastic,medium,https://portal.diver.orr.noaa.gov/pentaho/mdmap/photo-files/23853,2026-03-17,,noaa_seed_data,Fort Stevens,15
seed_23855,45.4390889,-123.9525678,plastic,low,,2026-02-15,,noaa_seed_data,Happy Camp Beach,1
seed_23856,44.453267,-124.083248,plastic,medium,https://portal.diver.orr.noaa.gov/pentaho/mdmap/photo-files/23856,2026-03-26,,noaa_seed_data,Sandpiper Beach,56
seed_23858,43.2386,-77.56395,plastic,medium,https://portal.diver.orr.noaa.gov/pentaho/mdmap/photo-files/23858,2026-03-28,,noaa_seed_data,Durand Eastman Beach,41
seed_23859,43.26139,-77.44758,plastic,medium,,2026-03-28,,noaa_seed_data,Webster Pier Beach,50
seed_23860,41.38445,-82.51518,plastic,low,https://portal.diver.orr.noaa.gov/pentaho/mdmap/photo-files/23860,2026-03-28,,noaa_seed_data,Old Woman Creek ,11
seed_23862,40.083249,-74.870251,glass,high,,2026-03-27,,noaa_seed_data,Burlington Bristol Bridge,102
seed_23869,48.419181,-122.66439,plastic,low,https://portal.diver.orr.noaa.gov/pentaho/mdmap/photo-files/23869,2026-03-26,,noaa_seed_data,Rosario Beach,5
seed_23871,41.398301,-82.553409,plastic,high,https://portal.diver.orr.noaa.gov/pentaho/mdmap/photo-files/23871,2026-03-29,,noaa_seed_data,"Lake Front Park Huron, Ohio",83
seed_23872,45.362691,-123.971452,plastic,low,https://portal.diver.orr.noaa.gov/pentaho/mdmap/photo-files/23872,2026-03-26,,noaa_seed_data,Cape Lookout,5
seed_23873,43.2386,-77.56395,plastic,high,https://portal.diver.orr.noaa.gov/pentaho/mdmap/photo-files/23873,2026-04-05,,noaa_seed_data,Durand Eastman Beach,137
seed_23874,43.26139,-77.44758,plastic,high,https://portal.diver.orr.noaa.gov/pentaho/mdmap/photo-files/23874,2026-04-05,,noaa_seed_data,Webster Pier Beach,112
seed_23887,29.334012,-94.780574,plastic,high,https://portal.diver.orr.noaa.gov/pentaho/mdmap/photo-files/23887,2026-03-04,,noaa_seed_data,Seawolf Park,107
seed_23888,29.334012,-94.780574,plastic,high,https://portal.diver.orr.noaa.gov/pentaho/mdmap/photo-files/23888,2026-04-08,,noaa_seed_data,Seawolf Park,92
seed_23893,29.36644,-94.813126,plastic,medium,https://portal.diver.orr.noaa.gov/pentaho/mdmap/photo-files/23893,2026-03-19,,noaa_seed_data,Texas City Dike,23
seed_23894,41.54375,-82.79031,plastic,low,,2026-04-09,,noaa_seed_data,East Harbour Channel Dunes Loop,0
seed_23895,48.14447,-123.56974,plastic,low,,2026-04-08,,noaa_seed_data,Elwha West,8
seed_23896,41.426125,-82.364406,plastic,medium,https://portal.diver.orr.noaa.gov/pentaho/mdmap/photo-files/23896,2026-04-11,,noaa_seed_data,Main Street Beach,38
seed_23897,44.612487,-124.071743,plastic,medium,,2026-04-07,,noaa_seed_data,South Beach State Park-South Jetty,19
seed_23899,43.2386,-77.56395,plastic,high,https://portal.diver.orr.noaa.gov/pentaho/mdmap/photo-files/23899,2026-04-12,,noaa_seed_data,Durand Eastman Beach,229
seed_23900,43.26139,-77.44758,plastic,high,https://portal.diver.orr.noaa.gov/pentaho/mdmap/photo-files/23900,2026-04-12,,noaa_seed_data,Webster Pier Beach,311
seed_23911,45.4390889,-123.9525678,plastic,low,,2026-01-12,,noaa_seed_data,Happy Camp Beach,9
seed_23912,45.4390889,-123.9525678,plastic,low,,2026-03-22,,noaa_seed_data,Happy Camp Beach,3
seed_23913,41.515305,-82.9345512,plastic,medium,,2026-04-14,,noaa_seed_data,Port Clinton City Beach West,31
seed_23914,41.514656,-82.924116,plastic,medium,https://portal.diver.orr.noaa.gov/pentaho/mdmap/photo-files/23914,2026-04-14,,noaa_seed_data,Port Clinton City Beach - OWC,49
seed_23919,28.0659348,-97.2172729,plastic,high,,2026-02-26,,noaa_seed_data,Egery Flats Location One,133
seed_23921,27.8370779,-97.0492185,plastic,medium,,2026-03-03,,noaa_seed_data,South Jetty Location One,50
seed_23925,44.751079,-124.064519,plastic,low,,2026-03-28,,noaa_seed_data,Otter Rock Marine Reserve,11
seed_23932,41.41744,-82.389166,plastic,low,,2026-03-28,,noaa_seed_data,Sherod Park Shore,12
seed_23933,41.58593,-81.567,plastic,high,https://portal.diver.orr.noaa.gov/pentaho/mdmap/photo-files/23933,2026-04-19,,noaa_seed_data,WVP Euclid Beach,410
seed_23944,27.834376,-97.0441465,plastic,high,,2026-03-04,,noaa_seed_data,South Jetty Location Two,191
seed_23945,27.6819682,-97.1635221,plastic,high,,2026-03-06,,noaa_seed_data,Fish Pass - Mustang Island,269
seed_23947,48.367397,-124.621135,glass,high,,2026-04-22,,noaa_seed_data,Front Beach - Neah Bay,106
seed_23948,27.1912,-97.36655,plastic,high,,2026-03-17,,noaa_seed_data,Mile Marker 16 - PINS,357
seed_23949,48.367397,-124.621135,glass,high,,2026-03-30,,noaa_seed_data,Front Beach - Neah Bay,132
seed_23950,45.792356,-123.968265,plastic,medium,https://portal.diver.orr.noaa.gov/pentaho/mdmap/photo-files/23950,2026-04-22,,noaa_seed_data,Cape Falcon Marine Reserve: Arch Cape,26
seed_23954,48.367397,-124.621135,glass,high,,2026-02-26,,noaa_seed_data,Front Beach - Neah Bay,89
seed_23956,26.4479,-80.05885,plastic,medium,https://portal.diver.orr.noaa.gov/pentaho/mdmap/photo-files/23956,2026-04-25,,noaa_seed_data,Atlantic Dunes Park ,41
seed_23957,48.416352,-122.651372,plastic,low,,2026-04-16,,noaa_seed_data,Bowman Bay,14
seed_23963,48.51858,-122.62387,glass,low,,2026-04-26,,noaa_seed_data,Kiwanis Waterfront Beach,4
seed_23969,43.2386,-77.56395,plastic,high,https://portal.diver.orr.noaa.gov/pentaho/mdmap/photo-files/23969,2026-04-26,,noaa_seed_data,Durand Eastman Beach,155
seed_23970,43.26139,-77.44758,plastic,high,https://portal.diver.orr.noaa.gov/pentaho/mdmap/photo-files/23970,2026-04-26,,noaa_seed_data,Webster Pier Beach,88
seed_23990,41.398301,-82.553409,plastic,medium,https://portal.diver.orr.noaa.gov/pentaho/mdmap/photo-files/23990,2026-04-22,,noaa_seed_data,"Lake Front Park Huron, Ohio",34
seed_23993,38.13455,20.495832,plastic,medium,,2026-05-02,,noaa_seed_data,Minies 2,52
seed_23996,38.128462,20.491429,plastic,medium,,2026-05-04,,noaa_seed_data,Megali Ammos 1,18
seed_23997,41.58593,-81.567,plastic,high,https://portal.diver.orr.noaa.gov/pentaho/mdmap/photo-files/23997,2026-05-03,,noaa_seed_data,WVP Euclid Beach,129
seed_24002,38.128462,20.491429,plastic,medium,,2026-05-05,,noaa_seed_data,Megali Ammos 1,29
seed_24029,44.92472,-83.418056,plastic,low,https://portal.diver.orr.noaa.gov/pentaho/mdmap/photo-files/24029,2026-04-29,,noaa_seed_data,Ossineke Beach,14
seed_24032,45.048333,-83.443889,plastic,medium,https://portal.diver.orr.noaa.gov/pentaho/mdmap/photo-files/24032,2026-04-29,,noaa_seed_data,Starlite Beach,59
seed_24079,43.2386,-77.56395,plastic,high,https://portal.diver.orr.noaa.gov/pentaho/mdmap/photo-files/24079,2026-05-03,,noaa_seed_data,Durand Eastman Beach,118
seed_24081,43.26139,-77.44758,plastic,medium,,2026-05-03,,noaa_seed_data,Webster Pier Beach,59
seed_24120,41.426125,-82.364406,plastic,medium,https://portal.diver.orr.noaa.gov/pentaho/mdmap/photo-files/24120,2026-05-20,,noaa_seed_data,Main Street Beach,36
seed_24129,38.13455,20.495832,plastic,medium,,2026-05-21,,noaa_seed_data,Minies 2,35
seed_24131,41.54375,-82.79031,plastic,low,,2026-05-19,,noaa_seed_data,East Harbour Channel Dunes Loop,8
seed_24138,43.2386,-77.56395,plastic,high,,2026-05-10,,noaa_seed_data,Durand Eastman Beach,105
seed_24149,37.7906714,-122.26384853,glass,medium,,2026-05-02,,noaa_seed_data,I Heart Oakland Alameda Estuary - Site 1,22
seed_24150,44.13504,-124.12362,plastic,low,https://portal.diver.orr.noaa.gov/pentaho/mdmap/photo-files/24150,2026-05-20,,noaa_seed_data,Heceta Head Lighthouse Beach,2
seed_24154,45.4390889,-123.9525678,plastic,low,,2026-04-27,,noaa_seed_data,Happy Camp Beach,4
seed_24155,45.4390889,-123.9525678,metal,low,,2026-05-21,,noaa_seed_data,Happy Camp Beach,5
seed_24160,27.20474,-97.38977,plastic,high,,2026-03-17,,noaa_seed_data,Yarborough Pass - PINS,81
seed_24162,41.398301,-82.553409,plastic,medium,https://portal.diver.orr.noaa.gov/pentaho/mdmap/photo-files/24162,2026-05-20,,noaa_seed_data,"Lake Front Park Huron, Ohio",36
seed_24163,27.43961,-97.29113,plastic,high,,2026-03-18,,noaa_seed_data,Ranger Road - PINS,240
seed_24193,21.489799,-158.230063,plastic,medium,,2026-04-07,,noaa_seed_data,Kea'au Beach Park,17
seed_24194,21.426738,-158.179518,plastic,medium,,2026-04-07,,noaa_seed_data,Maili Beach Park,31
seed_24195,21.359868,-158.132047,plastic,low,,2026-04-07,,noaa_seed_data,Tracks Beach Park,11
seed_24201,21.3049705,-158.0302539,plastic,medium,,2026-04-07,,noaa_seed_data,Oneula Beach Park,19
seed_24208,21.2698802,-157.8226952,plastic,medium,,2026-04-30,,noaa_seed_data,Queens Beach,20
seed_24210,21.288375,-157.84733467,plastic,medium,,2026-04-30,,noaa_seed_data,Ala Moana Beach Park,43
seed_24211,21.2933239,-157.8652183,plastic,medium,,2026-04-30,,noaa_seed_data,Kakaʻako Waterfront Park,29
seed_24235,27.46608,-97.31411,plastic,medium,,2026-03-18,,noaa_seed_data,Bird Island Basin - PINS,21
seed_24236,28.0659348,-97.2172729,plastic,high,,2026-03-20,,noaa_seed_data,Egery Flats Location One,80
seed_24237,29.334515,-94.742273,plastic,high,https://portal.diver.orr.noaa.gov/pentaho/mdmap/photo-files/24237,2026-06-06,,noaa_seed_data,East End Shipping Channel,273
seed_24239,28.0657901,-97.217523,plastic,medium,,2026-03-20,,noaa_seed_data,Egery Flats Location Two,45
seed_24240,27.8370779,-97.0492185,plastic,medium,,2026-04-07,,noaa_seed_data,South Jetty Location One,27
seed_24241,27.834376,-97.0441465,plastic,high,,2026-04-17,,noaa_seed_data,South Jetty Location Two,108
seed_24242,27.6819682,-97.1635221,plastic,high,,2026-04-09,,noaa_seed_data,Fish Pass - Mustang Island,514
seed_24243,28.0659348,-97.2172729,plastic,high,,2026-04-21,,noaa_seed_data,Egery Flats Location One,87
seed_24244,28.0657901,-97.217523,plastic,medium,,2026-04-21,,noaa_seed_data,Egery Flats Location Two,29
seed_24250,46.436928,-124.059664,plastic,low,,2026-05-30,,noaa_seed_data,Klipsan,8
seed_24254,27.1912,-97.36655,plastic,high,,2026-04-30,,noaa_seed_data,Mile Marker 16 - PINS,331
seed_24262,27.20474,-97.38977,plastic,high,,2026-04-30,,noaa_seed_data,Yarborough Pass - PINS,102
seed_24263,27.46608,-97.31411,plastic,low,,2026-05-01,,noaa_seed_data,Bird Island Basin - PINS,12
seed_24264,27.43961,-97.29113,plastic,high,,2026-05-01,,noaa_seed_data,Ranger Road - PINS,225
seed_24265,27.8370779,-97.0492185,plastic,high,,2026-05-05,,noaa_seed_data,South Jetty Location One,87
seed_24266,27.834376,-97.0441465,plastic,high,,2026-05-13,,noaa_seed_data,South Jetty Location Two,85
seed_24267,27.6819682,-97.1635221,plastic,high,,2026-05-14,,noaa_seed_data,Fish Pass - Mustang Island,308
seed_24268,28.0659348,-97.2172729,plastic,high,,2026-05-19,,noaa_seed_data,Egery Flats Location One,70
seed_24269,28.0657901,-97.217523,plastic,high,,2026-05-19,,noaa_seed_data,Egery Flats Location Two,68
seed_24282,18.973919,-155.599356,plastic,high,https://portal.diver.orr.noaa.gov/pentaho/mdmap/photo-files/24282,2026-05-31,,noaa_seed_data,Kamilo Point (Kamilo Pae Kanaka),757
seed_24365,39.7030929,-74.1331475,plastic,low,,2026-04-01,,noaa_seed_data,Harvey Cedars @ E 75th St,4
seed_24367,39.584204,-74.2191046,plastic,medium,,2026-04-01,,noaa_seed_data,Beach Haven @ New Jersey Ave,15
seed_24370,39.0433049,-74.7606781,plastic,low,,2026-04-07,,noaa_seed_data,Stone Harbor @ 108th St,6
seed_24372,38.9591921,-74.8411273,plastic,high,,2026-04-07,,noaa_seed_data,Wildwood Crest @ E Topeka Ave,92
seed_24375,39.154934,-74.6880469,plastic,low,,2026-04-08,,noaa_seed_data,Sea Isle City @ 40th St,9
seed_24377,39.2622831,-74.5912882,plastic,low,,2026-04-08,,noaa_seed_data,Ocean City @ 22nd St,9
seed_24378,39.4205997,-74.3474627,plastic,low,,2026-04-22,,noaa_seed_data,Brigantine @ North Beach,5
seed_24379,39.341193,-74.465616,plastic,medium,,2026-04-22,,noaa_seed_data,Ventnor @ S. Austin Ave,40
seed_24389,39.8495065,-74.0854732,plastic,low,,2026-03-30,,noaa_seed_data,Island Beach State Park @ Swimming Area 2,9
seed_24392,39.9135102,-74.0759494,plastic,low,,2026-03-30,,noaa_seed_data,Seaside Park @ 13th Ave,4
seed_24426,44.612487,-124.071743,plastic,medium,https://portal.diver.orr.noaa.gov/pentaho/mdmap/photo-files/24426,2026-06-24,,noaa_seed_data,South Beach State Park-South Jetty,17
seed_24446,41.398301,-82.553409,plastic,high,https://portal.diver.orr.noaa.gov/pentaho/mdmap/photo-files/24446,2026-06-16,,noaa_seed_data,"Lake Front Park Huron, Ohio",73
